[2m2025-11-26T11:21:51.775414Z[0m [32m INFO[0m [2mscanner[0m[2m:[0m Starting scanner
[2m2025-11-26T11:21:51.778566Z[0m [32m INFO[0m [2mscanner::config[0m[2m:[0m Loaded config from /Users/lorenz/dev/scanner/config.toml
[2m2025-11-26T11:21:51.779068Z[0m [32m INFO[0m [2mscanner[0m[2m:[0m Scanner started with 2 endpoints
[2m2025-11-26T11:21:52.015991Z[0m [32m INFO[0m [2mscanner::grpc[0m[2m:[0m Connected to http://ny-rpc.notarb.org:10000/
[2m2025-11-26T11:21:52.240917Z[0m [32m INFO[0m [2mscanner::grpc[0m[2m:[0m Subscription stream established for http://ny-rpc.notarb.org:10000/
[2m2025-11-26T11:21:59.116275Z[0m [32m INFO[0m [2mscanner::grpc[0m[2m:[0m Roundtrip ping for http://ny-rpc.notarb.org:10000/: 327ms
[2m2025-11-26T11:22:00.793845Z[0m [33m WARN[0m [2mscanner::grpc[0m[2m:[0m Subscription request failed on http://ny-rpc.notarb.org:20000/ (attempt 4): Connection not yet established. Retrying in 8s...
[2m2025-11-26T11:22:03.881809Z[0m [32m INFO[0m [2mscanner::process[0m[2m:[0m Processing Signature: 4zSHq28FXbxCY4PytUgTnmESqVHd7bnZHoRnbGD8WsRPZToCLTdN5WasMCRNV5yppz1RKHxj7qgBywbLF9sXHZuU
[2m2025-11-26T11:22:03.881898Z[0m [32m INFO[0m [2mscanner::process[0m[2m:[0m DexSwap { swap_program_id: LBUZKhRxPF3XUpBCjp4YzTKgLccjZhTSDM9YuVaPwxo, pools: [6vwm1hbRj5u8ELuiyLiAmVPnLiQ77XiHjZzpGyrYhQXv, 3fmSwzBY2TYStZwtdzBmGkdAHcTThsuowSKLVCgqLMXx], pool_owner: 4kdxjt8pKEW4qV4ji4HANixwswDJw3Egn8L4x2BEWQqT, token_in: TokenAmount { mint: So11111111111111111111111111111111111111112, amount: 51771471 }, token_out: TokenAmount { mint: 3NZ9JMVBmGAqocybic2c7LQCJScmgsAZ6vQqTDzcqmJh, amount: 8170 }, fees: [TokenAmount { mint: So11111111111111111111111111111111111111112, amount: 15562 }, TokenAmount { mint: So11111111111111111111111111111111111111112, amount: 778 }, TokenAmount { mint: So11111111111111111111111111111111111111112, amount: 300575 }], vault_accounts: [] }
[2m2025-11-26T11:22:03.881982Z[0m [32m INFO[0m [2mscanner::process[0m[2m:[0m So11111111111111111111111111111111111111112 - 3NZ9JMVBmGAqocybic2c7LQCJScmgsAZ6vQqTDzcqmJh
[2m2025-11-26T11:22:03.882003Z[0m [32m INFO[0m [2mscanner::process[0m[2m:[0m Processing Signature: 4zSHq28FXbxCY4PytUgTnmESqVHd7bnZHoRnbGD8WsRPZToCLTdN5WasMCRNV5yppz1RKHxj7qgBywbLF9sXHZuU
[2m2025-11-26T11:22:03.882014Z[0m [32m INFO[0m [2mscanner::process[0m[2m:[0m DexSwap { swap_program_id: LBUZKhRxPF3XUpBCjp4YzTKgLccjZhTSDM9YuVaPwxo, pools: [7rjq4xboJm8dRPQkmvyfAFoXb11gFhsnQrmndL7xT4nV, 6nhZLoRV7janLS1GzFRgpXUbGmYGvG5NE33MVKATvSsJ], pool_owner: DhpTrtGtFqgSWXHzRz5J4F3ZsqapZEiDBHHtSmaN8vfF, token_in: TokenAmount { mint: 3NZ9JMVBmGAqocybic2c7LQCJScmgsAZ6vQqTDzcqmJh, amount: 8170 }, token_out: TokenAmount { mint: So11111111111111111111111111111111111111112, amount: 51778229 }, fees: [TokenAmount { mint: 3NZ9JMVBmGAqocybic2c7LQCJScmgsAZ6vQqTDzcqmJh, amount: 3 }, TokenAmount { mint: 3NZ9JMVBmGAqocybic2c7LQCJScmgsAZ6vQqTDzcqmJh, amount: 316000 }], vault_accounts: [] }
[2m2025-11-26T11:22:03.882079Z[0m [32m INFO[0m [2mscanner::process[0m[2m:[0m 3NZ9JMVBmGAqocybic2c7LQCJScmgsAZ6vQqTDzcqmJh - So11111111111111111111111111111111111111112
[2m2025-11-26T11:22:03.882133Z[0m [32m INFO[0m [2mscanner[0m[2m:[0m Found intermediate mint: 3NZ9JMVBmGAqocybic2c7LQCJScmgsAZ6vQqTDzcqmJh with 0 decimals and 0 token accounts
[2m2025-11-26T11:22:03.882152Z[0m [33m WARN[0m [2mscanner[0m[2m:[0m No token accounts found for intermediate mint: 3NZ9JMVBmGAqocybic2c7LQCJScmgsAZ6vQqTDzcqmJh
[2m2025-11-26T11:22:03.882180Z[0m [32m INFO[0m [2mscanner[0m[2m:[0m Registering new DEX program: LBUZKhRxPF3XUpBCjp4YzTKgLccjZhTSDM9YuVaPwxo
[2m2025-11-26T11:22:03.882203Z[0m [32m INFO[0m [2mscanner[0m[2m:[0m Registering new pool in known_pools: 6vwm1hbRj5u8ELuiyLiAmVPnLiQ77XiHjZzpGyrYhQXv
[2m2025-11-26T11:22:03.882219Z[0m [32m INFO[0m [2mscanner[0m[2m:[0m Registering new pool in known_pools: 3fmSwzBY2TYStZwtdzBmGkdAHcTThsuowSKLVCgqLMXx
[2m2025-11-26T11:22:03.882236Z[0m [32m INFO[0m [2mscanner[0m[2m:[0m Registering new pool in known_pools: 7rjq4xboJm8dRPQkmvyfAFoXb11gFhsnQrmndL7xT4nV
[2m2025-11-26T11:22:03.882278Z[0m [32m INFO[0m [2mscanner[0m[2m:[0m Registering new pool in known_pools: 6nhZLoRV7janLS1GzFRgpXUbGmYGvG5NE33MVKATvSsJ
[2m2025-11-26T11:22:04.012302Z[0m [32m INFO[0m [2mscanner::grpc[0m[2m:[0m Roundtrip ping for http://ny-rpc.notarb.org:10000/: 222ms
[2m2025-11-26T11:22:08.796458Z[0m [33m WARN[0m [2mscanner::grpc[0m[2m:[0m Subscription request failed on http://ny-rpc.notarb.org:20000/ (attempt 5): Connection not yet established. Retrying in 16s...
[2m2025-11-26T11:22:09.014155Z[0m [32m INFO[0m [2mscanner::grpc[0m[2m:[0m Roundtrip ping for http://ny-rpc.notarb.org:10000/: 222ms
[2m2025-11-26T11:22:14.023583Z[0m [32m INFO[0m [2mscanner::grpc[0m[2m:[0m Roundtrip ping for http://ny-rpc.notarb.org:10000/: 230ms
[2m2025-11-26T11:22:17.613362Z[0m [32m INFO[0m [2mscanner::process[0m[2m:[0m Processing Signature: 4NVWyp7Yez2X6shh9Aua6VtAmKwFbA9FzM5HDP8Hb7a1FEq7jczCoo8VSe7nRwsBTUevVSHM7AKWnmUGYFiJ86CL
[2m2025-11-26T11:22:17.613546Z[0m [32m INFO[0m [2mscanner::process[0m[2m:[0m DexSwap { swap_program_id: LBUZKhRxPF3XUpBCjp4YzTKgLccjZhTSDM9YuVaPwxo, pools: [4y5g8SHg5rB7kPn9GEDcFACkrCcu9pxKfHpvgx6b4uXg, 9rhAC5eY5j8cXL6kZRXWGPsemDv9dvKUbdcvwwkKP8jJ], pool_owner: DtVxQg4c6BJg5HyFR98we7hycDTeayfY9myxCE8u3pTZ, token_in: TokenAmount { mint: So11111111111111111111111111111111111111112, amount: 551785966 }, token_out: TokenAmount { mint: 4NGbC4RRrUjS78ooSN53Up7gSg4dGrj6F6dxpMWHbonk, amount: 1985736554092 }, fees: [TokenAmount { mint: So11111111111111111111111111111111111111112, amount: 5890316 }, TokenAmount { mint: So11111111111111111111111111111111111111112, amount: 294515 }, TokenAmount { mint: So11111111111111111111111111111111111111112, amount: 10675000 }], vault_accounts: [] }
[2m2025-11-26T11:22:17.613911Z[0m [32m INFO[0m [2mscanner::process[0m[2m:[0m So11111111111111111111111111111111111111112 - 4NGbC4RRrUjS78ooSN53Up7gSg4dGrj6F6dxpMWHbonk
[2m2025-11-26T11:22:17.614021Z[0m [32m INFO[0m [2mscanner::process[0m[2m:[0m Processing Signature: 4NVWyp7Yez2X6shh9Aua6VtAmKwFbA9FzM5HDP8Hb7a1FEq7jczCoo8VSe7nRwsBTUevVSHM7AKWnmUGYFiJ86CL
[2m2025-11-26T11:22:17.614084Z[0m [32m INFO[0m [2mscanner::process[0m[2m:[0m DexSwap { swap_program_id: CPMMoo8L3F4NbTegBCKVNunggL7H1ZpdTHKxQB5qKP1C, pools: [5HfHHKVN2NtFiVdzj5PaV818kJtbj6D7zb2PhCpKEVgG, 2N7mLVZt3ALY75g6S76inrgMgtQB6KVkqT9cV6idWKZU], pool_owner: GnkTz4LD9r95CT5GNtuZH2w3AJYudT5MCYrQG2Re5dZ5, token_in: TokenAmount { mint: 4NGbC4RRrUjS78ooSN53Up7gSg4dGrj6F6dxpMWHbonk, amount: 1985736554092 }, token_out: TokenAmount { mint: So11111111111111111111111111111111111111112, amount: 545648525 }, fees: [], vault_accounts: [] }
[2m2025-11-26T11:22:17.614313Z[0m [32m INFO[0m [2mscanner::process[0m[2m:[0m 4NGbC4RRrUjS78ooSN53Up7gSg4dGrj6F6dxpMWHbonk - So11111111111111111111111111111111111111112
[2m2025-11-26T11:22:17.614509Z[0m [32m INFO[0m [2mscanner[0m[2m:[0m Found intermediate mint: 4NGbC4RRrUjS78ooSN53Up7gSg4dGrj6F6dxpMWHbonk with 0 decimals and 0 token accounts
[2m2025-11-26T11:22:17.614631Z[0m [33m WARN[0m [2mscanner[0m[2m:[0m No token accounts found for intermediate mint: 4NGbC4RRrUjS78ooSN53Up7gSg4dGrj6F6dxpMWHbonk
[2m2025-11-26T11:22:17.614787Z[0m [32m INFO[0m [2mscanner[0m[2m:[0m Registering new pool in known_pools: 4y5g8SHg5rB7kPn9GEDcFACkrCcu9pxKfHpvgx6b4uXg
[2m2025-11-26T11:22:17.614903Z[0m [32m INFO[0m [2mscanner[0m[2m:[0m Registering new pool in known_pools: 9rhAC5eY5j8cXL6kZRXWGPsemDv9dvKUbdcvwwkKP8jJ
[2m2025-11-26T11:22:17.615003Z[0m [32m INFO[0m [2mscanner[0m[2m:[0m Registering new DEX program: CPMMoo8L3F4NbTegBCKVNunggL7H1ZpdTHKxQB5qKP1C
[2m2025-11-26T11:22:17.615099Z[0m [32m INFO[0m [2mscanner[0m[2m:[0m Registering new pool in known_pools: 5HfHHKVN2NtFiVdzj5PaV818kJtbj6D7zb2PhCpKEVgG
[2m2025-11-26T11:22:17.615219Z[0m [32m INFO[0m [2mscanner[0m[2m:[0m Registering new pool in known_pools: 2N7mLVZt3ALY75g6S76inrgMgtQB6KVkqT9cV6idWKZU
[2m2025-11-26T11:22:19.020859Z[0m [32m INFO[0m [2mscanner::grpc[0m[2m:[0m Roundtrip ping for http://ny-rpc.notarb.org:10000/: 225ms
[2m2025-11-26T11:22:19.443516Z[0m [32m INFO[0m [2mscanner::process[0m[2m:[0m Processing Signature: 2uR3oySkoBfg8fsNpybsjNnMhWGaeW3WW7XzzeJNMJQxsGoa1AuQnvpBbyrN1ieb8iFxiXSQ7owEFcTXMvDYVa6z
[2m2025-11-26T11:22:19.443680Z[0m [32m INFO[0m [2mscanner::process[0m[2m:[0m DexSwap { swap_program_id: LBUZKhRxPF3XUpBCjp4YzTKgLccjZhTSDM9YuVaPwxo, pools: [4y5g8SHg5rB7kPn9GEDcFACkrCcu9pxKfHpvgx6b4uXg, 9rhAC5eY5j8cXL6kZRXWGPsemDv9dvKUbdcvwwkKP8jJ], pool_owner: DtVxQg4c6BJg5HyFR98we7hycDTeayfY9myxCE8u3pTZ, token_in: TokenAmount { mint: So11111111111111111111111111111111111111112, amount: 944497444 }, token_out: TokenAmount { mint: 4NGbC4RRrUjS78ooSN53Up7gSg4dGrj6F6dxpMWHbonk, amount: 3399004716649 }, fees: [TokenAmount { mint: So11111111111111111111111111111111111111112, amount: 10082511 }, TokenAmount { mint: So11111111111111111111111111111111111111112, amount: 504125 }, TokenAmount { mint: So11111111111111111111111111111111111111112, amount: 10675000 }], vault_accounts: [] }
[2m2025-11-26T11:22:19.444047Z[0m [32m INFO[0m [2mscanner::process[0m[2m:[0m So11111111111111111111111111111111111111112 - 4NGbC4RRrUjS78ooSN53Up7gSg4dGrj6F6dxpMWHbonk
[2m2025-11-26T11:22:19.444158Z[0m [32m INFO[0m [2mscanner::process[0m[2m:[0m Processing Signature: 2uR3oySkoBfg8fsNpybsjNnMhWGaeW3WW7XzzeJNMJQxsGoa1AuQnvpBbyrN1ieb8iFxiXSQ7owEFcTXMvDYVa6z
[2m2025-11-26T11:22:19.444220Z[0m [32m INFO[0m [2mscanner::process[0m[2m:[0m DexSwap { swap_program_id: CPMMoo8L3F4NbTegBCKVNunggL7H1ZpdTHKxQB5qKP1C, pools: [5HfHHKVN2NtFiVdzj5PaV818kJtbj6D7zb2PhCpKEVgG, 2N7mLVZt3ALY75g6S76inrgMgtQB6KVkqT9cV6idWKZU], pool_owner: GnkTz4LD9r95CT5GNtuZH2w3AJYudT5MCYrQG2Re5dZ5, token_in: TokenAmount { mint: 4NGbC4RRrUjS78ooSN53Up7gSg4dGrj6F6dxpMWHbonk, amount: 3399004716649 }, token_out: TokenAmount { mint: So11111111111111111111111111111111111111112, amount: 934333891 }, fees: [], vault_accounts: [] }
[2m2025-11-26T11:22:19.444457Z[0m [32m INFO[0m [2mscanner::process[0m[2m:[0m 4NGbC4RRrUjS78ooSN53Up7gSg4dGrj6F6dxpMWHbonk - So11111111111111111111111111111111111111112
[2m2025-11-26T11:22:19.444610Z[0m [32m INFO[0m [2mscanner[0m[2m:[0m Found intermediate mint: 4NGbC4RRrUjS78ooSN53Up7gSg4dGrj6F6dxpMWHbonk with 0 decimals and 0 token accounts
[2m2025-11-26T11:22:19.444695Z[0m [33m WARN[0m [2mscanner[0m[2m:[0m No token accounts found for intermediate mint: 4NGbC4RRrUjS78ooSN53Up7gSg4dGrj6F6dxpMWHbonk
[2m2025-11-26T11:22:20.251781Z[0m [32m INFO[0m [2mscanner::process[0m[2m:[0m Processing Signature: 65QJopoEbRwsdNMz9t2ApBcNCzJB135etxpQjHAXFSer4yubSHjTuR262ybc24rA8Az48K9W5aFHgfaMMRpVoorh
[2m2025-11-26T11:22:20.251947Z[0m [32m INFO[0m [2mscanner::process[0m[2m:[0m DexSwap { swap_program_id: LBUZKhRxPF3XUpBCjp4YzTKgLccjZhTSDM9YuVaPwxo, pools: [4y5g8SHg5rB7kPn9GEDcFACkrCcu9pxKfHpvgx6b4uXg, 9rhAC5eY5j8cXL6kZRXWGPsemDv9dvKUbdcvwwkKP8jJ], pool_owner: DtVxQg4c6BJg5HyFR98we7hycDTeayfY9myxCE8u3pTZ, token_in: TokenAmount { mint: So11111111111111111111111111111111111111112, amount: 974363682 }, token_out: TokenAmount { mint: 4NGbC4RRrUjS78ooSN53Up7gSg4dGrj6F6dxpMWHbonk, amount: 3506485668421 }, fees: [TokenAmount { mint: So11111111111111111111111111111111111111112, amount: 10401333 }, TokenAmount { mint: So11111111111111111111111111111111111111112, amount: 520066 }, TokenAmount { mint: So11111111111111111111111111111111111111112, amount: 10675000 }], vault_accounts: [] }
[2m2025-11-26T11:22:20.252296Z[0m [32m INFO[0m [2mscanner::process[0m[2m:[0m So11111111111111111111111111111111111111112 - 4NGbC4RRrUjS78ooSN53Up7gSg4dGrj6F6dxpMWHbonk
[2m2025-11-26T11:22:20.252376Z[0m [32m INFO[0m [2mscanner::process[0m[2m:[0m Processing Signature: 65QJopoEbRwsdNMz9t2ApBcNCzJB135etxpQjHAXFSer4yubSHjTuR262ybc24rA8Az48K9W5aFHgfaMMRpVoorh
[2m2025-11-26T11:22:20.252396Z[0m [32m INFO[0m [2mscanner::process[0m[2m:[0m DexSwap { swap_program_id: CPMMoo8L3F4NbTegBCKVNunggL7H1ZpdTHKxQB5qKP1C, pools: [5HfHHKVN2NtFiVdzj5PaV818kJtbj6D7zb2PhCpKEVgG, 2N7mLVZt3ALY75g6S76inrgMgtQB6KVkqT9cV6idWKZU], pool_owner: GnkTz4LD9r95CT5GNtuZH2w3AJYudT5MCYrQG2Re5dZ5, token_in: TokenAmount { mint: 4NGbC4RRrUjS78ooSN53Up7gSg4dGrj6F6dxpMWHbonk, amount: 3506485668421 }, token_out: TokenAmount { mint: So11111111111111111111111111111111111111112, amount: 964611045 }, fees: [], vault_accounts: [] }
[2m2025-11-26T11:22:20.252541Z[0m [32m INFO[0m [2mscanner::process[0m[2m:[0m 4NGbC4RRrUjS78ooSN53Up7gSg4dGrj6F6dxpMWHbonk - So11111111111111111111111111111111111111112
[2m2025-11-26T11:22:20.252629Z[0m [32m INFO[0m [2mscanner[0m[2m:[0m Found intermediate mint: 4NGbC4RRrUjS78ooSN53Up7gSg4dGrj6F6dxpMWHbonk with 0 decimals and 0 token accounts
[2m2025-11-26T11:22:20.252662Z[0m [33m WARN[0m [2mscanner[0m[2m:[0m No token accounts found for intermediate mint: 4NGbC4RRrUjS78ooSN53Up7gSg4dGrj6F6dxpMWHbonk
[2m2025-11-26T11:22:24.020635Z[0m [32m INFO[0m [2mscanner::grpc[0m[2m:[0m Roundtrip ping for http://ny-rpc.notarb.org:10000/: 223ms
[2m2025-11-26T11:22:24.798077Z[0m [33m WARN[0m [2mscanner::grpc[0m[2m:[0m Subscription request failed on http://ny-rpc.notarb.org:20000/ (attempt 6): Connection not yet established. Retrying in 32s...
[2m2025-11-26T11:22:28.211869Z[0m [32m INFO[0m [2mscanner::process[0m[2m:[0m Processing Signature: UEFoWPS79CKTy1Ff8qZieUUoYCWthvYf8L16tComKWjLRH7YPgV7NLp6sStJQspcivm5CzGukUKCFmEugPHG6RE
[2m2025-11-26T11:22:28.212104Z[0m [32m INFO[0m [2mscanner::process[0m[2m:[0m DexSwap { swap_program_id: CAMMCzo5YL8w4VFF8KVHrK22GGUsp5VTaW7grrKgrWqK, pools: [5QpMZ6MuyKjg8Qa1X8gM5G3YMsd43rpHb2iQ6hdcRM7m, DHY2efKhMcZyAgmPw82C2Gez1e98Ab7oWcXfxz9frUCr], pool_owner: RaVenxw8kykBbW7KGBaBsb7fDkkBYK4uJVDSFun6ZxR, token_in: TokenAmount { mint: So11111111111111111111111111111111111111112, amount: 72074758 }, token_out: TokenAmount { mint: USD1ttGY1N17NEEHLmELoaybftRBUSErhqYiQzvEmuB, amount: 9860880 }, fees: [], vault_accounts: [] }
[2m2025-11-26T11:22:28.212286Z[0m [32m INFO[0m [2mscanner::process[0m[2m:[0m So11111111111111111111111111111111111111112 - USD1ttGY1N17NEEHLmELoaybftRBUSErhqYiQzvEmuB
[2m2025-11-26T11:22:28.212343Z[0m [32m INFO[0m [2mscanner::process[0m[2m:[0m Processing Signature: UEFoWPS79CKTy1Ff8qZieUUoYCWthvYf8L16tComKWjLRH7YPgV7NLp6sStJQspcivm5CzGukUKCFmEugPHG6RE
[2m2025-11-26T11:22:28.212375Z[0m [32m INFO[0m [2mscanner::process[0m[2m:[0m DexSwap { swap_program_id: CPMMoo8L3F4NbTegBCKVNunggL7H1ZpdTHKxQB5qKP1C, pools: [Cunr3MeYP28JqyNcQTD3e2Kjz7FJH7E3mUFxKob47JmH, FcdVJiinzBd7s3nBh6v7hNduweeRirRGHXrD1rQQP89], pool_owner: RaVenxw8kykBbW7KGBaBsb7fDkkBYK4uJVDSFun6ZxR, token_in: TokenAmount { mint: USD1ttGY1N17NEEHLmELoaybftRBUSErhqYiQzvEmuB, amount: 9860880 }, token_out: TokenAmount { mint: BCXpjsHYmgVpRKdv4EQv1RARhYagnnwPkJjYbvM6bonk, amount: 26902764294 }, fees: [], vault_accounts: [] }
[2m2025-11-26T11:22:28.212480Z[0m [32m INFO[0m [2mscanner::process[0m[2m:[0m USD1ttGY1N17NEEHLmELoaybftRBUSErhqYiQzvEmuB - BCXpjsHYmgVpRKdv4EQv1RARhYagnnwPkJjYbvM6bonk
[2m2025-11-26T11:22:28.212524Z[0m [32m INFO[0m [2mscanner::process[0m[2m:[0m Processing Signature: UEFoWPS79CKTy1Ff8qZieUUoYCWthvYf8L16tComKWjLRH7YPgV7NLp6sStJQspcivm5CzGukUKCFmEugPHG6RE
[2m2025-11-26T11:22:28.212550Z[0m [32m INFO[0m [2mscanner::process[0m[2m:[0m DexSwap { swap_program_id: LBUZKhRxPF3XUpBCjp4YzTKgLccjZhTSDM9YuVaPwxo, pools: [CbXLJnZAZCMXVAKmJz7Z4QwU3vaf6nBkeeowY1xvkQ4k, BAsEh4sDmxzAs2xvW7hzyHstk7rbTXSXit7qGrMbbZ6q], pool_owner: 7BivGBt8GE7jtP3Mku3uLbixXAgqkw5a47Fv3wyZjq91, token_in: TokenAmount { mint: BCXpjsHYmgVpRKdv4EQv1RARhYagnnwPkJjYbvM6bonk, amount: 26902764294 }, token_out: TokenAmount { mint: So11111111111111111111111111111111111111112, amount: 70514519 }, fees: [TokenAmount { mint: BCXpjsHYmgVpRKdv4EQv1RARhYagnnwPkJjYbvM6bonk, amount: 1545473319 }, TokenAmount { mint: BCXpjsHYmgVpRKdv4EQv1RARhYagnnwPkJjYbvM6bonk, amount: 77273664 }, TokenAmount { mint: BCXpjsHYmgVpRKdv4EQv1RARhYagnnwPkJjYbvM6bonk, amount: 59891816 }], vault_accounts: [] }
[2m2025-11-26T11:22:28.212696Z[0m [32m INFO[0m [2mscanner::process[0m[2m:[0m BCXpjsHYmgVpRKdv4EQv1RARhYagnnwPkJjYbvM6bonk - So11111111111111111111111111111111111111112
[2m2025-11-26T11:22:28.212869Z[0m [32m INFO[0m [2mscanner[0m[2m:[0m Found intermediate mint: USD1ttGY1N17NEEHLmELoaybftRBUSErhqYiQzvEmuB with 0 decimals and 0 token accounts
[2m2025-11-26T11:22:28.212926Z[0m [33m WARN[0m [2mscanner[0m[2m:[0m No token accounts found for intermediate mint: USD1ttGY1N17NEEHLmELoaybftRBUSErhqYiQzvEmuB
[2m2025-11-26T11:22:28.212978Z[0m [32m INFO[0m [2mscanner[0m[2m:[0m Found intermediate mint: BCXpjsHYmgVpRKdv4EQv1RARhYagnnwPkJjYbvM6bonk with 0 decimals and 0 token accounts
[2m2025-11-26T11:22:28.213020Z[0m [33m WARN[0m [2mscanner[0m[2m:[0m No token accounts found for intermediate mint: BCXpjsHYmgVpRKdv4EQv1RARhYagnnwPkJjYbvM6bonk
[2m2025-11-26T11:22:28.213089Z[0m [32m INFO[0m [2mscanner[0m[2m:[0m Registering new DEX program: CAMMCzo5YL8w4VFF8KVHrK22GGUsp5VTaW7grrKgrWqK
[2m2025-11-26T11:22:28.213145Z[0m [32m INFO[0m [2mscanner[0m[2m:[0m Registering new pool in known_pools: 5QpMZ6MuyKjg8Qa1X8gM5G3YMsd43rpHb2iQ6hdcRM7m
[2m2025-11-26T11:22:28.213185Z[0m [32m INFO[0m [2mscanner[0m[2m:[0m Registering new pool in known_pools: DHY2efKhMcZyAgmPw82C2Gez1e98Ab7oWcXfxz9frUCr
[2m2025-11-26T11:22:28.213230Z[0m [32m INFO[0m [2mscanner[0m[2m:[0m Registering new pool in known_pools: Cunr3MeYP28JqyNcQTD3e2Kjz7FJH7E3mUFxKob47JmH
[2m2025-11-26T11:22:28.213269Z[0m [32m INFO[0m [2mscanner[0m[2m:[0m Registering new pool in known_pools: FcdVJiinzBd7s3nBh6v7hNduweeRirRGHXrD1rQQP89
[2m2025-11-26T11:22:28.213308Z[0m [32m INFO[0m [2mscanner[0m[2m:[0m Registering new pool in known_pools: CbXLJnZAZCMXVAKmJz7Z4QwU3vaf6nBkeeowY1xvkQ4k
[2m2025-11-26T11:22:28.213345Z[0m [32m INFO[0m [2mscanner[0m[2m:[0m Registering new pool in known_pools: BAsEh4sDmxzAs2xvW7hzyHstk7rbTXSXit7qGrMbbZ6q
[2m2025-11-26T11:22:28.629364Z[0m [32m INFO[0m [2mscanner::process[0m[2m:[0m Processing Signature: cwNNv47qcLA3442H4ZBAriQLeT4hhTxCcaF6ir5becnJ848BXZKTz3yhvAVftWTB58z2uHzU6Eptkksa9RibPaP
[2m2025-11-26T11:22:28.629425Z[0m [32m INFO[0m [2mscanner::process[0m[2m:[0m DexSwap { swap_program_id: pAMMBay6oceH9fJKBRHGP5D4bD4sWpmSwMn52FMfXEA, pools: [3hWGRVciazx8JjdwHTDSXHoENrCPmmTcZd7mB7AH32U7, 3aztNSVw2MQF7WhR5qUazDeKQbbii76pKhuTyZvwqT1R], pool_owner: 2pA1GMh9WbPtURmr6Rt5oxNs6RdpLzxJphSJQcdyaNFq, token_in: TokenAmount { mint: F7pB3ZdfBnyFw2LRHydWEn9BmhEa5XihXLjhySFRpump, amount: 6498991804 }, token_out: TokenAmount { mint: So11111111111111111111111111111111111111112, amount: 221323363 }, fees: [TokenAmount { mint: F7pB3ZdfBnyFw2LRHydWEn9BmhEa5XihXLjhySFRpump, amount: 439352 }, TokenAmount { mint: So11111111111111111111111111111111111111112, amount: 109838 }, TokenAmount { mint: So11111111111111111111111111111111111111112, amount: 1098379 }], vault_accounts: [] }
[2m2025-11-26T11:22:28.629547Z[0m [32m INFO[0m [2mscanner::process[0m[2m:[0m F7pB3ZdfBnyFw2LRHydWEn9BmhEa5XihXLjhySFRpump - So11111111111111111111111111111111111111112
[2m2025-11-26T11:22:28.629577Z[0m [32m INFO[0m [2mscanner::process[0m[2m:[0m Processing Signature: cwNNv47qcLA3442H4ZBAriQLeT4hhTxCcaF6ir5becnJ848BXZKTz3yhvAVftWTB58z2uHzU6Eptkksa9RibPaP
[2m2025-11-26T11:22:28.629590Z[0m [32m INFO[0m [2mscanner::process[0m[2m:[0m DexSwap { swap_program_id: LBUZKhRxPF3XUpBCjp4YzTKgLccjZhTSDM9YuVaPwxo, pools: [EcH1Df7ev6DrgmcjfX8dAg78sXBp9nmuvLWwM7hexJWh, Bx69yaXu99tu6tXXhqPgL4ZoAPgwdKxjcR38GTBRe2sN], pool_owner: 81GGQs9oVXVgrza8JVfHUTtRimPXkc3VGcXDQ5BNvLDf, token_in: TokenAmount { mint: F7pB3ZdfBnyFw2LRHydWEn9BmhEa5XihXLjhySFRpump, amount: 6498991804 }, token_out: TokenAmount { mint: 9aUVtPjjvRcT7SUVcPcwSP8sPAmAGpjDEwKGaQ9bpump, amount: 157583455592 }, fees: [TokenAmount { mint: F7pB3ZdfBnyFw2LRHydWEn9BmhEa5XihXLjhySFRpump, amount: 34309929 }, TokenAmount { mint: F7pB3ZdfBnyFw2LRHydWEn9BmhEa5XihXLjhySFRpump, amount: 1715495 }, TokenAmount { mint: F7pB3ZdfBnyFw2LRHydWEn9BmhEa5XihXLjhySFRpump, amount: 5328516 }], vault_accounts: [] }
[2m2025-11-26T11:22:28.629714Z[0m [32m INFO[0m [2mscanner::process[0m[2m:[0m F7pB3ZdfBnyFw2LRHydWEn9BmhEa5XihXLjhySFRpump - 9aUVtPjjvRcT7SUVcPcwSP8sPAmAGpjDEwKGaQ9bpump
[2m2025-11-26T11:22:28.629778Z[0m [32m INFO[0m [2mscanner::process[0m[2m:[0m Processing Signature: cwNNv47qcLA3442H4ZBAriQLeT4hhTxCcaF6ir5becnJ848BXZKTz3yhvAVftWTB58z2uHzU6Eptkksa9RibPaP
[2m2025-11-26T11:22:28.629790Z[0m [32m INFO[0m [2mscanner::process[0m[2m:[0m DexSwap { swap_program_id: pAMMBay6oceH9fJKBRHGP5D4bD4sWpmSwMn52FMfXEA, pools: [46A8oHRuBNqaFS7BUn7Up4iyRAmATg7wfR2psgSGsfvS, 7UHEthpFoitpCcaa2udAHo7QywPuE5GWav5ML63jW38v], pool_owner: 3pw8LHtDeGiwqgNwiGbPckcakKwYBREdRxHLopZKaYTQ, token_in: TokenAmount { mint: 9aUVtPjjvRcT7SUVcPcwSP8sPAmAGpjDEwKGaQ9bpump, amount: 157583455592 }, token_out: TokenAmount { mint: So11111111111111111111111111111111111111112, amount: 219742151 }, fees: [TokenAmount { mint: 9aUVtPjjvRcT7SUVcPcwSP8sPAmAGpjDEwKGaQ9bpump, amount: 444823 }, TokenAmount { mint: So11111111111111111111111111111111111111112, amount: 111206 }, TokenAmount { mint: So11111111111111111111111111111111111111112, amount: 2112906 }], vault_accounts: [] }
[2m2025-11-26T11:22:28.629900Z[0m [32m INFO[0m [2mscanner::process[0m[2m:[0m 9aUVtPjjvRcT7SUVcPcwSP8sPAmAGpjDEwKGaQ9bpump - So11111111111111111111111111111111111111112
[2m2025-11-26T11:22:28.629978Z[0m [32m INFO[0m [2mscanner[0m[2m:[0m Found intermediate mint: 9aUVtPjjvRcT7SUVcPcwSP8sPAmAGpjDEwKGaQ9bpump with 0 decimals and 0 token accounts
[2m2025-11-26T11:22:28.630004Z[0m [33m WARN[0m [2mscanner[0m[2m:[0m No token accounts found for intermediate mint: 9aUVtPjjvRcT7SUVcPcwSP8sPAmAGpjDEwKGaQ9bpump
[2m2025-11-26T11:22:28.630061Z[0m [32m INFO[0m [2mscanner[0m[2m:[0m Registering new DEX program: pAMMBay6oceH9fJKBRHGP5D4bD4sWpmSwMn52FMfXEA
[2m2025-11-26T11:22:28.630100Z[0m [32m INFO[0m [2mscanner[0m[2m:[0m Registering new pool in known_pools: 3hWGRVciazx8JjdwHTDSXHoENrCPmmTcZd7mB7AH32U7
[2m2025-11-26T11:22:28.630124Z[0m [32m INFO[0m [2mscanner[0m[2m:[0m Registering new pool in known_pools: 3aztNSVw2MQF7WhR5qUazDeKQbbii76pKhuTyZvwqT1R
[2m2025-11-26T11:22:28.630151Z[0m [32m INFO[0m [2mscanner[0m[2m:[0m Registering new pool in known_pools: EcH1Df7ev6DrgmcjfX8dAg78sXBp9nmuvLWwM7hexJWh
[2m2025-11-26T11:22:28.630174Z[0m [32m INFO[0m [2mscanner[0m[2m:[0m Registering new pool in known_pools: Bx69yaXu99tu6tXXhqPgL4ZoAPgwdKxjcR38GTBRe2sN
[2m2025-11-26T11:22:28.630197Z[0m [32m INFO[0m [2mscanner[0m[2m:[0m Registering new pool in known_pools: 46A8oHRuBNqaFS7BUn7Up4iyRAmATg7wfR2psgSGsfvS
[2m2025-11-26T11:22:28.630218Z[0m [32m INFO[0m [2mscanner[0m[2m:[0m Registering new pool in known_pools: 7UHEthpFoitpCcaa2udAHo7QywPuE5GWav5ML63jW38v
[2m2025-11-26T11:22:28.634570Z[0m [32m INFO[0m [2mscanner::process[0m[2m:[0m Processing Signature: 28ftXj1fbprASnbL8uuiCXdben8ihe8TnMjsiQsm45S3QphaqFFuHcR9UBwTffs81CtyY9c6d5k2zssYUHzc5MUm
[2m2025-11-26T11:22:28.634594Z[0m [32m INFO[0m [2mscanner::process[0m[2m:[0m DexSwap { swap_program_id: pAMMBay6oceH9fJKBRHGP5D4bD4sWpmSwMn52FMfXEA, pools: [3hWGRVciazx8JjdwHTDSXHoENrCPmmTcZd7mB7AH32U7, 3aztNSVw2MQF7WhR5qUazDeKQbbii76pKhuTyZvwqT1R], pool_owner: 2pA1GMh9WbPtURmr6Rt5oxNs6RdpLzxJphSJQcdyaNFq, token_in: TokenAmount { mint: F7pB3ZdfBnyFw2LRHydWEn9BmhEa5XihXLjhySFRpump, amount: 6498991804 }, token_out: TokenAmount { mint: So11111111111111111111111111111111111111112, amount: 221323363 }, fees: [TokenAmount { mint: F7pB3ZdfBnyFw2LRHydWEn9BmhEa5XihXLjhySFRpump, amount: 439352 }, TokenAmount { mint: So11111111111111111111111111111111111111112, amount: 109838 }, TokenAmount { mint: So11111111111111111111111111111111111111112, amount: 1098379 }], vault_accounts: [] }
[2m2025-11-26T11:22:28.634705Z[0m [32m INFO[0m [2mscanner::process[0m[2m:[0m F7pB3ZdfBnyFw2LRHydWEn9BmhEa5XihXLjhySFRpump - So11111111111111111111111111111111111111112
[2m2025-11-26T11:22:28.634732Z[0m [32m INFO[0m [2mscanner::process[0m[2m:[0m Processing Signature: 28ftXj1fbprASnbL8uuiCXdben8ihe8TnMjsiQsm45S3QphaqFFuHcR9UBwTffs81CtyY9c6d5k2zssYUHzc5MUm
[2m2025-11-26T11:22:28.634756Z[0m [32m INFO[0m [2mscanner::process[0m[2m:[0m DexSwap { swap_program_id: LBUZKhRxPF3XUpBCjp4YzTKgLccjZhTSDM9YuVaPwxo, pools: [EcH1Df7ev6DrgmcjfX8dAg78sXBp9nmuvLWwM7hexJWh, Bx69yaXu99tu6tXXhqPgL4ZoAPgwdKxjcR38GTBRe2sN], pool_owner: 81GGQs9oVXVgrza8JVfHUTtRimPXkc3VGcXDQ5BNvLDf, token_in: TokenAmount { mint: F7pB3ZdfBnyFw2LRHydWEn9BmhEa5XihXLjhySFRpump, amount: 6498991804 }, token_out: TokenAmount { mint: 9aUVtPjjvRcT7SUVcPcwSP8sPAmAGpjDEwKGaQ9bpump, amount: 157583455592 }, fees: [TokenAmount { mint: F7pB3ZdfBnyFw2LRHydWEn9BmhEa5XihXLjhySFRpump, amount: 34309929 }, TokenAmount { mint: F7pB3ZdfBnyFw2LRHydWEn9BmhEa5XihXLjhySFRpump, amount: 1715495 }, TokenAmount { mint: F7pB3ZdfBnyFw2LRHydWEn9BmhEa5XihXLjhySFRpump, amount: 5328516 }], vault_accounts: [] }
[2m2025-11-26T11:22:28.634870Z[0m [32m INFO[0m [2mscanner::process[0m[2m:[0m F7pB3ZdfBnyFw2LRHydWEn9BmhEa5XihXLjhySFRpump - 9aUVtPjjvRcT7SUVcPcwSP8sPAmAGpjDEwKGaQ9bpump
[2m2025-11-26T11:22:28.634896Z[0m [32m INFO[0m [2mscanner::process[0m[2m:[0m Processing Signature: 28ftXj1fbprASnbL8uuiCXdben8ihe8TnMjsiQsm45S3QphaqFFuHcR9UBwTffs81CtyY9c6d5k2zssYUHzc5MUm
[2m2025-11-26T11:22:28.634907Z[0m [32m INFO[0m [2mscanner::process[0m[2m:[0m DexSwap { swap_program_id: pAMMBay6oceH9fJKBRHGP5D4bD4sWpmSwMn52FMfXEA, pools: [46A8oHRuBNqaFS7BUn7Up4iyRAmATg7wfR2psgSGsfvS, 7UHEthpFoitpCcaa2udAHo7QywPuE5GWav5ML63jW38v], pool_owner: 3pw8LHtDeGiwqgNwiGbPckcakKwYBREdRxHLopZKaYTQ, token_in: TokenAmount { mint: 9aUVtPjjvRcT7SUVcPcwSP8sPAmAGpjDEwKGaQ9bpump, amount: 157583455592 }, token_out: TokenAmount { mint: So11111111111111111111111111111111111111112, amount: 219742151 }, fees: [TokenAmount { mint: 9aUVtPjjvRcT7SUVcPcwSP8sPAmAGpjDEwKGaQ9bpump, amount: 444823 }, TokenAmount { mint: So11111111111111111111111111111111111111112, amount: 111206 }, TokenAmount { mint: So11111111111111111111111111111111111111112, amount: 2112906 }], vault_accounts: [] }
[2m2025-11-26T11:22:28.635016Z[0m [32m INFO[0m [2mscanner::process[0m[2m:[0m 9aUVtPjjvRcT7SUVcPcwSP8sPAmAGpjDEwKGaQ9bpump - So11111111111111111111111111111111111111112
[2m2025-11-26T11:22:28.635069Z[0m [32m INFO[0m [2mscanner[0m[2m:[0m Found intermediate mint: 9aUVtPjjvRcT7SUVcPcwSP8sPAmAGpjDEwKGaQ9bpump with 0 decimals and 0 token accounts
[2m2025-11-26T11:22:28.635090Z[0m [33m WARN[0m [2mscanner[0m[2m:[0m No token accounts found for intermediate mint: 9aUVtPjjvRcT7SUVcPcwSP8sPAmAGpjDEwKGaQ9bpump
[2m2025-11-26T11:22:28.635928Z[0m [32m INFO[0m [2mscanner::process[0m[2m:[0m Processing Signature: 3JM9uxfZeAc7VaKqr8YTMkB6B5EsC6xj8rz5AQpkjJBscGu1fWjwk3K1ZKVuThf5rbPf8gxpXirfnwEVguDL6YS9
[2m2025-11-26T11:22:28.635943Z[0m [32m INFO[0m [2mscanner::process[0m[2m:[0m DexSwap { swap_program_id: pAMMBay6oceH9fJKBRHGP5D4bD4sWpmSwMn52FMfXEA, pools: [3hWGRVciazx8JjdwHTDSXHoENrCPmmTcZd7mB7AH32U7, 3aztNSVw2MQF7WhR5qUazDeKQbbii76pKhuTyZvwqT1R], pool_owner: 2pA1GMh9WbPtURmr6Rt5oxNs6RdpLzxJphSJQcdyaNFq, token_in: TokenAmount { mint: F7pB3ZdfBnyFw2LRHydWEn9BmhEa5XihXLjhySFRpump, amount: 6498991804 }, token_out: TokenAmount { mint: So11111111111111111111111111111111111111112, amount: 221323363 }, fees: [TokenAmount { mint: F7pB3ZdfBnyFw2LRHydWEn9BmhEa5XihXLjhySFRpump, amount: 439352 }, TokenAmount { mint: So11111111111111111111111111111111111111112, amount: 109838 }, TokenAmount { mint: So11111111111111111111111111111111111111112, amount: 1098379 }], vault_accounts: [] }
[2m2025-11-26T11:22:28.636053Z[0m [32m INFO[0m [2mscanner::process[0m[2m:[0m F7pB3ZdfBnyFw2LRHydWEn9BmhEa5XihXLjhySFRpump - So11111111111111111111111111111111111111112
[2m2025-11-26T11:22:28.636079Z[0m [32m INFO[0m [2mscanner::process[0m[2m:[0m Processing Signature: 3JM9uxfZeAc7VaKqr8YTMkB6B5EsC6xj8rz5AQpkjJBscGu1fWjwk3K1ZKVuThf5rbPf8gxpXirfnwEVguDL6YS9
[2m2025-11-26T11:22:28.636090Z[0m [32m INFO[0m [2mscanner::process[0m[2m:[0m DexSwap { swap_program_id: LBUZKhRxPF3XUpBCjp4YzTKgLccjZhTSDM9YuVaPwxo, pools: [EcH1Df7ev6DrgmcjfX8dAg78sXBp9nmuvLWwM7hexJWh, Bx69yaXu99tu6tXXhqPgL4ZoAPgwdKxjcR38GTBRe2sN], pool_owner: 81GGQs9oVXVgrza8JVfHUTtRimPXkc3VGcXDQ5BNvLDf, token_in: TokenAmount { mint: F7pB3ZdfBnyFw2LRHydWEn9BmhEa5XihXLjhySFRpump, amount: 6498991804 }, token_out: TokenAmount { mint: 9aUVtPjjvRcT7SUVcPcwSP8sPAmAGpjDEwKGaQ9bpump, amount: 157583455592 }, fees: [TokenAmount { mint: F7pB3ZdfBnyFw2LRHydWEn9BmhEa5XihXLjhySFRpump, amount: 34309929 }, TokenAmount { mint: F7pB3ZdfBnyFw2LRHydWEn9BmhEa5XihXLjhySFRpump, amount: 1715495 }, TokenAmount { mint: F7pB3ZdfBnyFw2LRHydWEn9BmhEa5XihXLjhySFRpump, amount: 5328516 }], vault_accounts: [] }
[2m2025-11-26T11:22:28.636211Z[0m [32m INFO[0m [2mscanner::process[0m[2m:[0m F7pB3ZdfBnyFw2LRHydWEn9BmhEa5XihXLjhySFRpump - 9aUVtPjjvRcT7SUVcPcwSP8sPAmAGpjDEwKGaQ9bpump
[2m2025-11-26T11:22:28.636238Z[0m [32m INFO[0m [2mscanner::process[0m[2m:[0m Processing Signature: 3JM9uxfZeAc7VaKqr8YTMkB6B5EsC6xj8rz5AQpkjJBscGu1fWjwk3K1ZKVuThf5rbPf8gxpXirfnwEVguDL6YS9
[2m2025-11-26T11:22:28.636248Z[0m [32m INFO[0m [2mscanner::process[0m[2m:[0m DexSwap { swap_program_id: pAMMBay6oceH9fJKBRHGP5D4bD4sWpmSwMn52FMfXEA, pools: [46A8oHRuBNqaFS7BUn7Up4iyRAmATg7wfR2psgSGsfvS, 7UHEthpFoitpCcaa2udAHo7QywPuE5GWav5ML63jW38v], pool_owner: 3pw8LHtDeGiwqgNwiGbPckcakKwYBREdRxHLopZKaYTQ, token_in: TokenAmount { mint: 9aUVtPjjvRcT7SUVcPcwSP8sPAmAGpjDEwKGaQ9bpump, amount: 157583455592 }, token_out: TokenAmount { mint: So11111111111111111111111111111111111111112, amount: 219742151 }, fees: [TokenAmount { mint: 9aUVtPjjvRcT7SUVcPcwSP8sPAmAGpjDEwKGaQ9bpump, amount: 444823 }, TokenAmount { mint: So11111111111111111111111111111111111111112, amount: 111206 }, TokenAmount { mint: So11111111111111111111111111111111111111112, amount: 2112906 }], vault_accounts: [] }
[2m2025-11-26T11:22:28.636390Z[0m [32m INFO[0m [2mscanner::process[0m[2m:[0m 9aUVtPjjvRcT7SUVcPcwSP8sPAmAGpjDEwKGaQ9bpump - So11111111111111111111111111111111111111112
[2m2025-11-26T11:22:28.636432Z[0m [32m INFO[0m [2mscanner[0m[2m:[0m Found intermediate mint: 9aUVtPjjvRcT7SUVcPcwSP8sPAmAGpjDEwKGaQ9bpump with 0 decimals and 0 token accounts
[2m2025-11-26T11:22:28.636453Z[0m [33m WARN[0m [2mscanner[0m[2m:[0m No token accounts found for intermediate mint: 9aUVtPjjvRcT7SUVcPcwSP8sPAmAGpjDEwKGaQ9bpump
[2m2025-11-26T11:22:29.023507Z[0m [32m INFO[0m [2mscanner::grpc[0m[2m:[0m Roundtrip ping for http://ny-rpc.notarb.org:10000/: 223ms
[2m2025-11-26T11:22:34.024405Z[0m [32m INFO[0m [2mscanner::grpc[0m[2m:[0m Roundtrip ping for http://ny-rpc.notarb.org:10000/: 222ms
[2m2025-11-26T11:22:39.026027Z[0m [32m INFO[0m [2mscanner::grpc[0m[2m:[0m Roundtrip ping for http://ny-rpc.notarb.org:10000/: 223ms
[2m2025-11-26T11:22:44.029280Z[0m [32m INFO[0m [2mscanner::grpc[0m[2m:[0m Roundtrip ping for http://ny-rpc.notarb.org:10000/: 224ms
[2m2025-11-26T11:22:47.047489Z[0m [32m INFO[0m [2mscanner::process[0m[2m:[0m Processing Signature: 4QhJJhYoHddnb4nU9yDR1f6GzkR36Mo9HuncvBCqFRSnivsm2AQ6iPJT8Qs3dZfXdakPQwodhpEEmedU1nibPRUa
[2m2025-11-26T11:22:47.047592Z[0m [32m INFO[0m [2mscanner::process[0m[2m:[0m DexSwap { swap_program_id: pAMMBay6oceH9fJKBRHGP5D4bD4sWpmSwMn52FMfXEA, pools: [3hWGRVciazx8JjdwHTDSXHoENrCPmmTcZd7mB7AH32U7, 3aztNSVw2MQF7WhR5qUazDeKQbbii76pKhuTyZvwqT1R], pool_owner: 2pA1GMh9WbPtURmr6Rt5oxNs6RdpLzxJphSJQcdyaNFq, token_in: TokenAmount { mint: F7pB3ZdfBnyFw2LRHydWEn9BmhEa5XihXLjhySFRpump, amount: 14597986509 }, token_out: TokenAmount { mint: So11111111111111111111111111111111111111112, amount: 496824871 }, fees: [TokenAmount { mint: F7pB3ZdfBnyFw2LRHydWEn9BmhEa5XihXLjhySFRpump, amount: 986253 }, TokenAmount { mint: So11111111111111111111111111111111111111112, amount: 246564 }, TokenAmount { mint: So11111111111111111111111111111111111111112, amount: 2465633 }], vault_accounts: [] }
[2m2025-11-26T11:22:47.047698Z[0m [32m INFO[0m [2mscanner::process[0m[2m:[0m F7pB3ZdfBnyFw2LRHydWEn9BmhEa5XihXLjhySFRpump - So11111111111111111111111111111111111111112
[2m2025-11-26T11:22:47.047725Z[0m [32m INFO[0m [2mscanner::process[0m[2m:[0m Processing Signature: 4QhJJhYoHddnb4nU9yDR1f6GzkR36Mo9HuncvBCqFRSnivsm2AQ6iPJT8Qs3dZfXdakPQwodhpEEmedU1nibPRUa
[2m2025-11-26T11:22:47.047760Z[0m [32m INFO[0m [2mscanner::process[0m[2m:[0m DexSwap { swap_program_id: LBUZKhRxPF3XUpBCjp4YzTKgLccjZhTSDM9YuVaPwxo, pools: [EcH1Df7ev6DrgmcjfX8dAg78sXBp9nmuvLWwM7hexJWh, Bx69yaXu99tu6tXXhqPgL4ZoAPgwdKxjcR38GTBRe2sN], pool_owner: 81GGQs9oVXVgrza8JVfHUTtRimPXkc3VGcXDQ5BNvLDf, token_in: TokenAmount { mint: F7pB3ZdfBnyFw2LRHydWEn9BmhEa5XihXLjhySFRpump, amount: 14597986509 }, token_out: TokenAmount { mint: 9aUVtPjjvRcT7SUVcPcwSP8sPAmAGpjDEwKGaQ9bpump, amount: 353644046228 }, fees: [TokenAmount { mint: F7pB3ZdfBnyFw2LRHydWEn9BmhEa5XihXLjhySFRpump, amount: 77465552 }, TokenAmount { mint: F7pB3ZdfBnyFw2LRHydWEn9BmhEa5XihXLjhySFRpump, amount: 3873277 }, TokenAmount { mint: F7pB3ZdfBnyFw2LRHydWEn9BmhEa5XihXLjhySFRpump, amount: 5328516 }], vault_accounts: [] }
[2m2025-11-26T11:22:47.047854Z[0m [32m INFO[0m [2mscanner::process[0m[2m:[0m F7pB3ZdfBnyFw2LRHydWEn9BmhEa5XihXLjhySFRpump - 9aUVtPjjvRcT7SUVcPcwSP8sPAmAGpjDEwKGaQ9bpump
[2m2025-11-26T11:22:47.047877Z[0m [32m INFO[0m [2mscanner::process[0m[2m:[0m Processing Signature: 4QhJJhYoHddnb4nU9yDR1f6GzkR36Mo9HuncvBCqFRSnivsm2AQ6iPJT8Qs3dZfXdakPQwodhpEEmedU1nibPRUa
[2m2025-11-26T11:22:47.047887Z[0m [32m INFO[0m [2mscanner::process[0m[2m:[0m DexSwap { swap_program_id: pAMMBay6oceH9fJKBRHGP5D4bD4sWpmSwMn52FMfXEA, pools: [46A8oHRuBNqaFS7BUn7Up4iyRAmATg7wfR2psgSGsfvS, 7UHEthpFoitpCcaa2udAHo7QywPuE5GWav5ML63jW38v], pool_owner: 3pw8LHtDeGiwqgNwiGbPckcakKwYBREdRxHLopZKaYTQ, token_in: TokenAmount { mint: 9aUVtPjjvRcT7SUVcPcwSP8sPAmAGpjDEwKGaQ9bpump, amount: 353644046228 }, token_out: TokenAmount { mint: So11111111111111111111111111111111111111112, amount: 492288293 }, fees: [TokenAmount { mint: 9aUVtPjjvRcT7SUVcPcwSP8sPAmAGpjDEwKGaQ9bpump, amount: 996536 }, TokenAmount { mint: So11111111111111111111111111111111111111112, amount: 249134 }, TokenAmount { mint: So11111111111111111111111111111111111111112, amount: 4733542 }], vault_accounts: [] }
[2m2025-11-26T11:22:47.047979Z[0m [32m INFO[0m [2mscanner::process[0m[2m:[0m 9aUVtPjjvRcT7SUVcPcwSP8sPAmAGpjDEwKGaQ9bpump - So11111111111111111111111111111111111111112
[2m2025-11-26T11:22:47.048031Z[0m [32m INFO[0m [2mscanner[0m[2m:[0m Found intermediate mint: 9aUVtPjjvRcT7SUVcPcwSP8sPAmAGpjDEwKGaQ9bpump with 0 decimals and 0 token accounts
[2m2025-11-26T11:22:47.048052Z[0m [33m WARN[0m [2mscanner[0m[2m:[0m No token accounts found for intermediate mint: 9aUVtPjjvRcT7SUVcPcwSP8sPAmAGpjDEwKGaQ9bpump
[2m2025-11-26T11:22:47.049624Z[0m [32m INFO[0m [2mscanner::process[0m[2m:[0m Processing Signature: Sveizws531KzF8bKz19JyCbFsiRvoKsZTBr5m8CgBUGZb4Gq9vKkoFGXvjsgaWFg47JKLtsNxyS5PLNxgNZ2yCb
[2m2025-11-26T11:22:47.049642Z[0m [32m INFO[0m [2mscanner::process[0m[2m:[0m DexSwap { swap_program_id: pAMMBay6oceH9fJKBRHGP5D4bD4sWpmSwMn52FMfXEA, pools: [3hWGRVciazx8JjdwHTDSXHoENrCPmmTcZd7mB7AH32U7, 3aztNSVw2MQF7WhR5qUazDeKQbbii76pKhuTyZvwqT1R], pool_owner: 2pA1GMh9WbPtURmr6Rt5oxNs6RdpLzxJphSJQcdyaNFq, token_in: TokenAmount { mint: F7pB3ZdfBnyFw2LRHydWEn9BmhEa5XihXLjhySFRpump, amount: 14597986509 }, token_out: TokenAmount { mint: So11111111111111111111111111111111111111112, amount: 496824871 }, fees: [TokenAmount { mint: F7pB3ZdfBnyFw2LRHydWEn9BmhEa5XihXLjhySFRpump, amount: 986253 }, TokenAmount { mint: So11111111111111111111111111111111111111112, amount: 246564 }, TokenAmount { mint: So11111111111111111111111111111111111111112, amount: 2465633 }], vault_accounts: [] }
[2m2025-11-26T11:22:47.049735Z[0m [32m INFO[0m [2mscanner::process[0m[2m:[0m F7pB3ZdfBnyFw2LRHydWEn9BmhEa5XihXLjhySFRpump - So11111111111111111111111111111111111111112
[2m2025-11-26T11:22:47.049757Z[0m [32m INFO[0m [2mscanner::process[0m[2m:[0m Processing Signature: Sveizws531KzF8bKz19JyCbFsiRvoKsZTBr5m8CgBUGZb4Gq9vKkoFGXvjsgaWFg47JKLtsNxyS5PLNxgNZ2yCb
[2m2025-11-26T11:22:47.049767Z[0m [32m INFO[0m [2mscanner::process[0m[2m:[0m DexSwap { swap_program_id: LBUZKhRxPF3XUpBCjp4YzTKgLccjZhTSDM9YuVaPwxo, pools: [EcH1Df7ev6DrgmcjfX8dAg78sXBp9nmuvLWwM7hexJWh, Bx69yaXu99tu6tXXhqPgL4ZoAPgwdKxjcR38GTBRe2sN], pool_owner: 81GGQs9oVXVgrza8JVfHUTtRimPXkc3VGcXDQ5BNvLDf, token_in: TokenAmount { mint: F7pB3ZdfBnyFw2LRHydWEn9BmhEa5XihXLjhySFRpump, amount: 14597986509 }, token_out: TokenAmount { mint: 9aUVtPjjvRcT7SUVcPcwSP8sPAmAGpjDEwKGaQ9bpump, amount: 353644046228 }, fees: [TokenAmount { mint: F7pB3ZdfBnyFw2LRHydWEn9BmhEa5XihXLjhySFRpump, amount: 77465552 }, TokenAmount { mint: F7pB3ZdfBnyFw2LRHydWEn9BmhEa5XihXLjhySFRpump, amount: 3873277 }, TokenAmount { mint: F7pB3ZdfBnyFw2LRHydWEn9BmhEa5XihXLjhySFRpump, amount: 5328516 }], vault_accounts: [] }
[2m2025-11-26T11:22:47.049871Z[0m [32m INFO[0m [2mscanner::process[0m[2m:[0m F7pB3ZdfBnyFw2LRHydWEn9BmhEa5XihXLjhySFRpump - 9aUVtPjjvRcT7SUVcPcwSP8sPAmAGpjDEwKGaQ9bpump
[2m2025-11-26T11:22:47.049893Z[0m [32m INFO[0m [2mscanner::process[0m[2m:[0m Processing Signature: Sveizws531KzF8bKz19JyCbFsiRvoKsZTBr5m8CgBUGZb4Gq9vKkoFGXvjsgaWFg47JKLtsNxyS5PLNxgNZ2yCb
[2m2025-11-26T11:22:47.049903Z[0m [32m INFO[0m [2mscanner::process[0m[2m:[0m DexSwap { swap_program_id: pAMMBay6oceH9fJKBRHGP5D4bD4sWpmSwMn52FMfXEA, pools: [46A8oHRuBNqaFS7BUn7Up4iyRAmATg7wfR2psgSGsfvS, 7UHEthpFoitpCcaa2udAHo7QywPuE5GWav5ML63jW38v], pool_owner: 3pw8LHtDeGiwqgNwiGbPckcakKwYBREdRxHLopZKaYTQ, token_in: TokenAmount { mint: 9aUVtPjjvRcT7SUVcPcwSP8sPAmAGpjDEwKGaQ9bpump, amount: 353644046228 }, token_out: TokenAmount { mint: So11111111111111111111111111111111111111112, amount: 492288293 }, fees: [TokenAmount { mint: 9aUVtPjjvRcT7SUVcPcwSP8sPAmAGpjDEwKGaQ9bpump, amount: 996536 }, TokenAmount { mint: So11111111111111111111111111111111111111112, amount: 249134 }, TokenAmount { mint: So11111111111111111111111111111111111111112, amount: 4733542 }], vault_accounts: [] }
[2m2025-11-26T11:22:47.049995Z[0m [32m INFO[0m [2mscanner::process[0m[2m:[0m 9aUVtPjjvRcT7SUVcPcwSP8sPAmAGpjDEwKGaQ9bpump - So11111111111111111111111111111111111111112
[2m2025-11-26T11:22:47.050033Z[0m [32m INFO[0m [2mscanner[0m[2m:[0m Found intermediate mint: 9aUVtPjjvRcT7SUVcPcwSP8sPAmAGpjDEwKGaQ9bpump with 0 decimals and 0 token accounts
[2m2025-11-26T11:22:47.050050Z[0m [33m WARN[0m [2mscanner[0m[2m:[0m No token accounts found for intermediate mint: 9aUVtPjjvRcT7SUVcPcwSP8sPAmAGpjDEwKGaQ9bpump
[2m2025-11-26T11:22:47.050778Z[0m [32m INFO[0m [2mscanner::process[0m[2m:[0m Processing Signature: 4wsBTkjMiCMjRug3VB7tr2mRtNW4fBjJSPg79ZdPQ7b4tJoYaEwmKVPNVcLmMHKfWtzgjQ55VL2KUMZQXYT9EKgg
[2m2025-11-26T11:22:47.050791Z[0m [32m INFO[0m [2mscanner::process[0m[2m:[0m DexSwap { swap_program_id: pAMMBay6oceH9fJKBRHGP5D4bD4sWpmSwMn52FMfXEA, pools: [3hWGRVciazx8JjdwHTDSXHoENrCPmmTcZd7mB7AH32U7, 3aztNSVw2MQF7WhR5qUazDeKQbbii76pKhuTyZvwqT1R], pool_owner: 2pA1GMh9WbPtURmr6Rt5oxNs6RdpLzxJphSJQcdyaNFq, token_in: TokenAmount { mint: F7pB3ZdfBnyFw2LRHydWEn9BmhEa5XihXLjhySFRpump, amount: 14597986509 }, token_out: TokenAmount { mint: So11111111111111111111111111111111111111112, amount: 496824871 }, fees: [TokenAmount { mint: F7pB3ZdfBnyFw2LRHydWEn9BmhEa5XihXLjhySFRpump, amount: 986253 }, TokenAmount { mint: So11111111111111111111111111111111111111112, amount: 246564 }, TokenAmount { mint: So11111111111111111111111111111111111111112, amount: 2465633 }], vault_accounts: [] }
[2m2025-11-26T11:22:47.050887Z[0m [32m INFO[0m [2mscanner::process[0m[2m:[0m F7pB3ZdfBnyFw2LRHydWEn9BmhEa5XihXLjhySFRpump - So11111111111111111111111111111111111111112
[2m2025-11-26T11:22:47.050908Z[0m [32m INFO[0m [2mscanner::process[0m[2m:[0m Processing Signature: 4wsBTkjMiCMjRug3VB7tr2mRtNW4fBjJSPg79ZdPQ7b4tJoYaEwmKVPNVcLmMHKfWtzgjQ55VL2KUMZQXYT9EKgg
[2m2025-11-26T11:22:47.050918Z[0m [32m INFO[0m [2mscanner::process[0m[2m:[0m DexSwap { swap_program_id: LBUZKhRxPF3XUpBCjp4YzTKgLccjZhTSDM9YuVaPwxo, pools: [EcH1Df7ev6DrgmcjfX8dAg78sXBp9nmuvLWwM7hexJWh, Bx69yaXu99tu6tXXhqPgL4ZoAPgwdKxjcR38GTBRe2sN], pool_owner: 81GGQs9oVXVgrza8JVfHUTtRimPXkc3VGcXDQ5BNvLDf, token_in: TokenAmount { mint: F7pB3ZdfBnyFw2LRHydWEn9BmhEa5XihXLjhySFRpump, amount: 14597986509 }, token_out: TokenAmount { mint: 9aUVtPjjvRcT7SUVcPcwSP8sPAmAGpjDEwKGaQ9bpump, amount: 353644046228 }, fees: [TokenAmount { mint: F7pB3ZdfBnyFw2LRHydWEn9BmhEa5XihXLjhySFRpump, amount: 77465552 }, TokenAmount { mint: F7pB3ZdfBnyFw2LRHydWEn9BmhEa5XihXLjhySFRpump, amount: 3873277 }, TokenAmount { mint: F7pB3ZdfBnyFw2LRHydWEn9BmhEa5XihXLjhySFRpump, amount: 5328516 }], vault_accounts: [] }
[2m2025-11-26T11:22:47.051016Z[0m [32m INFO[0m [2mscanner::process[0m[2m:[0m F7pB3ZdfBnyFw2LRHydWEn9BmhEa5XihXLjhySFRpump - 9aUVtPjjvRcT7SUVcPcwSP8sPAmAGpjDEwKGaQ9bpump
[2m2025-11-26T11:22:47.051039Z[0m [32m INFO[0m [2mscanner::process[0m[2m:[0m Processing Signature: 4wsBTkjMiCMjRug3VB7tr2mRtNW4fBjJSPg79ZdPQ7b4tJoYaEwmKVPNVcLmMHKfWtzgjQ55VL2KUMZQXYT9EKgg
[2m2025-11-26T11:22:47.051048Z[0m [32m INFO[0m [2mscanner::process[0m[2m:[0m DexSwap { swap_program_id: pAMMBay6oceH9fJKBRHGP5D4bD4sWpmSwMn52FMfXEA, pools: [46A8oHRuBNqaFS7BUn7Up4iyRAmATg7wfR2psgSGsfvS, 7UHEthpFoitpCcaa2udAHo7QywPuE5GWav5ML63jW38v], pool_owner: 3pw8LHtDeGiwqgNwiGbPckcakKwYBREdRxHLopZKaYTQ, token_in: TokenAmount { mint: 9aUVtPjjvRcT7SUVcPcwSP8sPAmAGpjDEwKGaQ9bpump, amount: 353644046228 }, token_out: TokenAmount { mint: So11111111111111111111111111111111111111112, amount: 492288293 }, fees: [TokenAmount { mint: 9aUVtPjjvRcT7SUVcPcwSP8sPAmAGpjDEwKGaQ9bpump, amount: 996536 }, TokenAmount { mint: So11111111111111111111111111111111111111112, amount: 249134 }, TokenAmount { mint: So11111111111111111111111111111111111111112, amount: 4733542 }], vault_accounts: [] }
[2m2025-11-26T11:22:47.051139Z[0m [32m INFO[0m [2mscanner::process[0m[2m:[0m 9aUVtPjjvRcT7SUVcPcwSP8sPAmAGpjDEwKGaQ9bpump - So11111111111111111111111111111111111111112
[2m2025-11-26T11:22:47.051175Z[0m [32m INFO[0m [2mscanner[0m[2m:[0m Found intermediate mint: 9aUVtPjjvRcT7SUVcPcwSP8sPAmAGpjDEwKGaQ9bpump with 0 decimals and 0 token accounts
[2m2025-11-26T11:22:47.051193Z[0m [33m WARN[0m [2mscanner[0m[2m:[0m No token accounts found for intermediate mint: 9aUVtPjjvRcT7SUVcPcwSP8sPAmAGpjDEwKGaQ9bpump
[2m2025-11-26T11:22:48.104891Z[0m [32m INFO[0m [2mscanner::process[0m[2m:[0m Processing Signature: 3cZXD61widEiK29YrNK4kK46Yi33LVvSNxL1LxExb8fWy8F55pntz28eGS4gumBdd9x5H9jDAwNQf54hNu5aKyZC
[2m2025-11-26T11:22:48.104982Z[0m [32m INFO[0m [2mscanner::process[0m[2m:[0m DexSwap { swap_program_id: CAMMCzo5YL8w4VFF8KVHrK22GGUsp5VTaW7grrKgrWqK, pools: [Aa59umRPa3sDVroTxaVV16jeZ7xHoYRXSk2j13thfttR, CJffCZDw423nWrJJnHrujL8ubq4uNaM7QeZp3STxx3c], pool_owner: GnkTz4LD9r95CT5GNtuZH2w3AJYudT5MCYrQG2Re5dZ5, token_in: TokenAmount { mint: So11111111111111111111111111111111111111112, amount: 26261327 }, token_out: TokenAmount { mint: FUAfBo2jgks6gB4Z4LfZkqSZgzNucisEHqnNebaRxM1P, amount: 27305558 }, fees: [], vault_accounts: [] }
[2m2025-11-26T11:22:48.105041Z[0m [32m INFO[0m [2mscanner::process[0m[2m:[0m So11111111111111111111111111111111111111112 - FUAfBo2jgks6gB4Z4LfZkqSZgzNucisEHqnNebaRxM1P
[2m2025-11-26T11:22:48.105061Z[0m [32m INFO[0m [2mscanner::process[0m[2m:[0m Processing Signature: 3cZXD61widEiK29YrNK4kK46Yi33LVvSNxL1LxExb8fWy8F55pntz28eGS4gumBdd9x5H9jDAwNQf54hNu5aKyZC
[2m2025-11-26T11:22:48.105072Z[0m [32m INFO[0m [2mscanner::process[0m[2m:[0m DexSwap { swap_program_id: LBUZKhRxPF3XUpBCjp4YzTKgLccjZhTSDM9YuVaPwxo, pools: [HKtVVUGw3AHjRwgt19xQbFG3gZGs5X5inMXwtVtYxjG6, 3gfwZBZTCNQ3buVq5BwJqqFdndwp4ueEw4jEZctA4CFR], pool_owner: 3qhdX4gRWJabvcTLSw8UKrqHENF1ZVeXegQnrada6B5B, token_in: TokenAmount { mint: FUAfBo2jgks6gB4Z4LfZkqSZgzNucisEHqnNebaRxM1P, amount: 27305558 }, token_out: TokenAmount { mint: So11111111111111111111111111111111111111112, amount: 26128616 }, fees: [TokenAmount { mint: FUAfBo2jgks6gB4Z4LfZkqSZgzNucisEHqnNebaRxM1P, amount: 57311 }, TokenAmount { mint: FUAfBo2jgks6gB4Z4LfZkqSZgzNucisEHqnNebaRxM1P, amount: 2865 }, TokenAmount { mint: FUAfBo2jgks6gB4Z4LfZkqSZgzNucisEHqnNebaRxM1P, amount: 2098876 }], vault_accounts: [] }
[2m2025-11-26T11:22:48.105144Z[0m [32m INFO[0m [2mscanner::process[0m[2m:[0m FUAfBo2jgks6gB4Z4LfZkqSZgzNucisEHqnNebaRxM1P - So11111111111111111111111111111111111111112
[2m2025-11-26T11:22:48.105236Z[0m [32m INFO[0m [2mscanner[0m[2m:[0m Found intermediate mint: FUAfBo2jgks6gB4Z4LfZkqSZgzNucisEHqnNebaRxM1P with 0 decimals and 0 token accounts
[2m2025-11-26T11:22:48.105254Z[0m [33m WARN[0m [2mscanner[0m[2m:[0m No token accounts found for intermediate mint: FUAfBo2jgks6gB4Z4LfZkqSZgzNucisEHqnNebaRxM1P
[2m2025-11-26T11:22:48.105293Z[0m [32m INFO[0m [2mscanner[0m[2m:[0m Registering new pool in known_pools: Aa59umRPa3sDVroTxaVV16jeZ7xHoYRXSk2j13thfttR
[2m2025-11-26T11:22:48.105313Z[0m [32m INFO[0m [2mscanner[0m[2m:[0m Registering new pool in known_pools: CJffCZDw423nWrJJnHrujL8ubq4uNaM7QeZp3STxx3c
[2m2025-11-26T11:22:48.105331Z[0m [32m INFO[0m [2mscanner[0m[2m:[0m Registering new pool in known_pools: HKtVVUGw3AHjRwgt19xQbFG3gZGs5X5inMXwtVtYxjG6
[2m2025-11-26T11:22:48.105345Z[0m [32m INFO[0m [2mscanner[0m[2m:[0m Registering new pool in known_pools: 3gfwZBZTCNQ3buVq5BwJqqFdndwp4ueEw4jEZctA4CFR
[2m2025-11-26T11:22:48.105718Z[0m [32m INFO[0m [2mscanner::process[0m[2m:[0m Processing Signature: 45KBfahrJ77Gt7NEk71oDQpJoTM6yTWZEjLoJfub8imYEwsyocK7tSjg17STSoVUuVPzcXe7XtFMKADTDiVJt5HQ
[2m2025-11-26T11:22:48.105730Z[0m [32m INFO[0m [2mscanner::process[0m[2m:[0m DexSwap { swap_program_id: CAMMCzo5YL8w4VFF8KVHrK22GGUsp5VTaW7grrKgrWqK, pools: [Aa59umRPa3sDVroTxaVV16jeZ7xHoYRXSk2j13thfttR, CJffCZDw423nWrJJnHrujL8ubq4uNaM7QeZp3STxx3c], pool_owner: GnkTz4LD9r95CT5GNtuZH2w3AJYudT5MCYrQG2Re5dZ5, token_in: TokenAmount { mint: So11111111111111111111111111111111111111112, amount: 42320901 }, token_out: TokenAmount { mint: FUAfBo2jgks6gB4Z4LfZkqSZgzNucisEHqnNebaRxM1P, amount: 43876685 }, fees: [], vault_accounts: [] }
[2m2025-11-26T11:22:48.105782Z[0m [32m INFO[0m [2mscanner::process[0m[2m:[0m So11111111111111111111111111111111111111112 - FUAfBo2jgks6gB4Z4LfZkqSZgzNucisEHqnNebaRxM1P
[2m2025-11-26T11:22:48.105799Z[0m [32m INFO[0m [2mscanner::process[0m[2m:[0m Processing Signature: 45KBfahrJ77Gt7NEk71oDQpJoTM6yTWZEjLoJfub8imYEwsyocK7tSjg17STSoVUuVPzcXe7XtFMKADTDiVJt5HQ
[2m2025-11-26T11:22:48.105807Z[0m [32m INFO[0m [2mscanner::process[0m[2m:[0m DexSwap { swap_program_id: LBUZKhRxPF3XUpBCjp4YzTKgLccjZhTSDM9YuVaPwxo, pools: [HKtVVUGw3AHjRwgt19xQbFG3gZGs5X5inMXwtVtYxjG6, 3gfwZBZTCNQ3buVq5BwJqqFdndwp4ueEw4jEZctA4CFR], pool_owner: 3qhdX4gRWJabvcTLSw8UKrqHENF1ZVeXegQnrada6B5B, token_in: TokenAmount { mint: FUAfBo2jgks6gB4Z4LfZkqSZgzNucisEHqnNebaRxM1P, amount: 43876685 }, token_out: TokenAmount { mint: So11111111111111111111111111111111111111112, amount: 41985484 }, fees: [TokenAmount { mint: FUAfBo2jgks6gB4Z4LfZkqSZgzNucisEHqnNebaRxM1P, amount: 92092 }, TokenAmount { mint: FUAfBo2jgks6gB4Z4LfZkqSZgzNucisEHqnNebaRxM1P, amount: 4604 }, TokenAmount { mint: FUAfBo2jgks6gB4Z4LfZkqSZgzNucisEHqnNebaRxM1P, amount: 2098876 }], vault_accounts: [] }
[2m2025-11-26T11:22:48.105877Z[0m [32m INFO[0m [2mscanner::process[0m[2m:[0m FUAfBo2jgks6gB4Z4LfZkqSZgzNucisEHqnNebaRxM1P - So11111111111111111111111111111111111111112
[2m2025-11-26T11:22:48.105905Z[0m [32m INFO[0m [2mscanner[0m[2m:[0m Found intermediate mint: FUAfBo2jgks6gB4Z4LfZkqSZgzNucisEHqnNebaRxM1P with 0 decimals and 0 token accounts
[2m2025-11-26T11:22:48.105918Z[0m [33m WARN[0m [2mscanner[0m[2m:[0m No token accounts found for intermediate mint: FUAfBo2jgks6gB4Z4LfZkqSZgzNucisEHqnNebaRxM1P
[2m2025-11-26T11:22:49.088835Z[0m [32m INFO[0m [2mscanner::grpc[0m[2m:[0m Roundtrip ping for http://ny-rpc.notarb.org:10000/: 282ms
[2m2025-11-26T11:22:52.576933Z[0m [32m INFO[0m [2mscanner::process[0m[2m:[0m Processing Signature: 3ZLBisTP6yNzn1RoAt1yX3zmQ4qZdubBsgF3ZNa6NaasJP1CBcVMoWMQ1sBUUT2j81bBDrMGYSE9vcvi2svgFEio
[2m2025-11-26T11:22:52.577093Z[0m [32m INFO[0m [2mscanner::process[0m[2m:[0m DexSwap { swap_program_id: pAMMBay6oceH9fJKBRHGP5D4bD4sWpmSwMn52FMfXEA, pools: [E5UiD4QWVVVbV8C8LDHbHMm5sxhk5DFdQ2CWfWnguLwk, 6ddK46QwG5REXXZv5Q5bDuuouGWrqUkXiQ8G18VBRW4x], pool_owner: FizVQxuiW9agWNQwq7gcwdbqwyGvQuGKmsQrZq2WSWL9, token_in: TokenAmount { mint: J7Dx5yPbPD5e5BmrSvJyi4n4XRUR2kWqWYaxaSWdpump, amount: 54641482687 }, token_out: TokenAmount { mint: So11111111111111111111111111111111111111112, amount: 1615265071 }, fees: [TokenAmount { mint: J7Dx5yPbPD5e5BmrSvJyi4n4XRUR2kWqWYaxaSWdpump, amount: 3204892 }, TokenAmount { mint: So11111111111111111111111111111111111111112, amount: 801223 }, TokenAmount { mint: So11111111111111111111111111111111111111112, amount: 8813451 }], vault_accounts: [] }
[2m2025-11-26T11:22:52.577497Z[0m [32m INFO[0m [2mscanner::process[0m[2m:[0m J7Dx5yPbPD5e5BmrSvJyi4n4XRUR2kWqWYaxaSWdpump - So11111111111111111111111111111111111111112
[2m2025-11-26T11:22:52.577586Z[0m [32m INFO[0m [2mscanner::process[0m[2m:[0m Processing Signature: 3ZLBisTP6yNzn1RoAt1yX3zmQ4qZdubBsgF3ZNa6NaasJP1CBcVMoWMQ1sBUUT2j81bBDrMGYSE9vcvi2svgFEio
[2m2025-11-26T11:22:52.577630Z[0m [32m INFO[0m [2mscanner::process[0m[2m:[0m DexSwap { swap_program_id: LBUZKhRxPF3XUpBCjp4YzTKgLccjZhTSDM9YuVaPwxo, pools: [33FkB5GuGYeoJVMiL3srwwCKhvW8mWeRAhmpczvAiw2u, GhrXf9Wa4rUcjTV1GzT6dgKLGCNHinRsGS2JcrZbTWwC], pool_owner: 2n51q96tuzs85R9L3X3uuQdu9V3fKAnvTsVtf9xMSSH6, token_in: TokenAmount { mint: J7Dx5yPbPD5e5BmrSvJyi4n4XRUR2kWqWYaxaSWdpump, amount: 54641482687 }, token_out: TokenAmount { mint: So11111111111111111111111111111111111111112, amount: 1597449044 }, fees: [TokenAmount { mint: J7Dx5yPbPD5e5BmrSvJyi4n4XRUR2kWqWYaxaSWdpump, amount: 1102232758 }, TokenAmount { mint: J7Dx5yPbPD5e5BmrSvJyi4n4XRUR2kWqWYaxaSWdpump, amount: 55111637 }, TokenAmount { mint: J7Dx5yPbPD5e5BmrSvJyi4n4XRUR2kWqWYaxaSWdpump, amount: 20158603 }], vault_accounts: [] }
[2m2025-11-26T11:22:52.577893Z[0m [32m INFO[0m [2mscanner::process[0m[2m:[0m J7Dx5yPbPD5e5BmrSvJyi4n4XRUR2kWqWYaxaSWdpump - So11111111111111111111111111111111111111112
[2m2025-11-26T11:22:52.578027Z[0m [32m INFO[0m [2mscanner[0m[2m:[0m Registering new pool in known_pools: E5UiD4QWVVVbV8C8LDHbHMm5sxhk5DFdQ2CWfWnguLwk
[2m2025-11-26T11:22:52.578077Z[0m [32m INFO[0m [2mscanner[0m[2m:[0m Registering new pool in known_pools: 6ddK46QwG5REXXZv5Q5bDuuouGWrqUkXiQ8G18VBRW4x
[2m2025-11-26T11:22:52.578122Z[0m [32m INFO[0m [2mscanner[0m[2m:[0m Registering new pool in known_pools: 33FkB5GuGYeoJVMiL3srwwCKhvW8mWeRAhmpczvAiw2u
[2m2025-11-26T11:22:52.578156Z[0m [32m INFO[0m [2mscanner[0m[2m:[0m Registering new pool in known_pools: GhrXf9Wa4rUcjTV1GzT6dgKLGCNHinRsGS2JcrZbTWwC
[2m2025-11-26T11:22:54.031624Z[0m [32m INFO[0m [2mscanner::grpc[0m[2m:[0m Roundtrip ping for http://ny-rpc.notarb.org:10000/: 222ms
[2m2025-11-26T11:22:55.031030Z[0m [32m INFO[0m [2mscanner::process[0m[2m:[0m Processing Signature: 2fmCcPn3Vw7o2zpKkTH7LRsyD3PQG6Qcts1RQo6HjqhJzYKhFPCq8ViikbEyU9gcXWm1d3C5Fos3vLU8HsSc5pwz
[2m2025-11-26T11:22:55.031214Z[0m [32m INFO[0m [2mscanner::process[0m[2m:[0m DexSwap { swap_program_id: 675kPX9MHTjS2zt1qfr1NYHuzeLXfQM9H24wFSUt1Mp8, pools: [FGvuJZP3r6YJdMP6Tnas7FKC4PtVdjFFoSSkr2TY1KRz, HkwY9tMctkiiFYh18RJJaFWx8XD5w51q9dzbhFifokE9], pool_owner: 91axdGmMoqQQg2MPUXKxT3bdqX4p2RMLXqZSQgXn2JpM, token_in: TokenAmount { mint: So11111111111111111111111111111111111111112, amount: 29181370658 }, token_out: TokenAmount { mint: hntyVP6YFm1Hg25TN9WGLqM12b8TQmcknKrdu1oxWux, amount: 185177630325 }, fees: [], vault_accounts: [Fw41mUTZ14JmoJJsu2eio3frbtqCPKd4JXcw5mKFS4u1, FGvuJZP3r6YJdMP6Tnas7FKC4PtVdjFFoSSkr2TY1KRz] }
[2m2025-11-26T11:22:55.031543Z[0m [32m INFO[0m [2mscanner::process[0m[2m:[0m So11111111111111111111111111111111111111112 - hntyVP6YFm1Hg25TN9WGLqM12b8TQmcknKrdu1oxWux
[2m2025-11-26T11:22:55.031642Z[0m [32m INFO[0m [2mscanner::process[0m[2m:[0m Processing Signature: 2fmCcPn3Vw7o2zpKkTH7LRsyD3PQG6Qcts1RQo6HjqhJzYKhFPCq8ViikbEyU9gcXWm1d3C5Fos3vLU8HsSc5pwz
[2m2025-11-26T11:22:55.031676Z[0m [32m INFO[0m [2mscanner::process[0m[2m:[0m DexSwap { swap_program_id: whirLbMiicVdio4qvUfM5KAg6Ct8VwpYzGff3uctyCc, pools: [BW18gGtaQjD2VgNmmWXBeqHu22k4KC4WamWyEP3S7PNU, BvquGcdP4bVHfb6RxBxUSaS2kwm36FPHMadACfYKMp6t], pool_owner: CSP4RmB6kBHkKGkyTnzt9zYYXDA8SbZ5Do5WfZcjqjE4, token_in: TokenAmount { mint: hntyVP6YFm1Hg25TN9WGLqM12b8TQmcknKrdu1oxWux, amount: 185177630325 }, token_out: TokenAmount { mint: So11111111111111111111111111111111111111112, amount: 28748257692 }, fees: [], vault_accounts: [] }
[2m2025-11-26T11:22:55.031840Z[0m [32m INFO[0m [2mscanner::process[0m[2m:[0m hntyVP6YFm1Hg25TN9WGLqM12b8TQmcknKrdu1oxWux - So11111111111111111111111111111111111111112
[2m2025-11-26T11:22:55.031962Z[0m [32m INFO[0m [2mscanner[0m[2m:[0m Found intermediate mint: hntyVP6YFm1Hg25TN9WGLqM12b8TQmcknKrdu1oxWux with 0 decimals and 0 token accounts
[2m2025-11-26T11:22:55.032022Z[0m [33m WARN[0m [2mscanner[0m[2m:[0m No token accounts found for intermediate mint: hntyVP6YFm1Hg25TN9WGLqM12b8TQmcknKrdu1oxWux
[2m2025-11-26T11:22:55.032098Z[0m [32m INFO[0m [2mscanner[0m[2m:[0m Registering new DEX program: 675kPX9MHTjS2zt1qfr1NYHuzeLXfQM9H24wFSUt1Mp8
[2m2025-11-26T11:22:55.032156Z[0m [32m INFO[0m [2mscanner[0m[2m:[0m Registering new pool in known_pools: FGvuJZP3r6YJdMP6Tnas7FKC4PtVdjFFoSSkr2TY1KRz
[2m2025-11-26T11:22:55.032204Z[0m [32m INFO[0m [2mscanner[0m[2m:[0m Registering new pool in known_pools: HkwY9tMctkiiFYh18RJJaFWx8XD5w51q9dzbhFifokE9
[2m2025-11-26T11:22:55.032245Z[0m [32m INFO[0m [2mscanner[0m[2m:[0m Registering new DEX program: whirLbMiicVdio4qvUfM5KAg6Ct8VwpYzGff3uctyCc
[2m2025-11-26T11:22:55.032288Z[0m [32m INFO[0m [2mscanner[0m[2m:[0m Registering new pool in known_pools: BW18gGtaQjD2VgNmmWXBeqHu22k4KC4WamWyEP3S7PNU
[2m2025-11-26T11:22:55.032327Z[0m [32m INFO[0m [2mscanner[0m[2m:[0m Registering new pool in known_pools: BvquGcdP4bVHfb6RxBxUSaS2kwm36FPHMadACfYKMp6t
[2m2025-11-26T11:22:55.033143Z[0m [32m INFO[0m [2mscanner::process[0m[2m:[0m Processing Signature: 2A8JmLZzWph1Zt85xri3uEtHp1ZgX4yi2bESGLxE3wuCLhVcPyMK6FFMsTiyswJCm2YBu8X9p6XM3UrFSe2ApsHM
[2m2025-11-26T11:22:55.033215Z[0m [32m INFO[0m [2mscanner::process[0m[2m:[0m DexSwap { swap_program_id: 675kPX9MHTjS2zt1qfr1NYHuzeLXfQM9H24wFSUt1Mp8, pools: [FGvuJZP3r6YJdMP6Tnas7FKC4PtVdjFFoSSkr2TY1KRz, HkwY9tMctkiiFYh18RJJaFWx8XD5w51q9dzbhFifokE9], pool_owner: 91axdGmMoqQQg2MPUXKxT3bdqX4p2RMLXqZSQgXn2JpM, token_in: TokenAmount { mint: So11111111111111111111111111111111111111112, amount: 29181370658 }, token_out: TokenAmount { mint: hntyVP6YFm1Hg25TN9WGLqM12b8TQmcknKrdu1oxWux, amount: 185177630325 }, fees: [], vault_accounts: [Fw41mUTZ14JmoJJsu2eio3frbtqCPKd4JXcw5mKFS4u1, FGvuJZP3r6YJdMP6Tnas7FKC4PtVdjFFoSSkr2TY1KRz] }
[2m2025-11-26T11:22:55.033377Z[0m [32m INFO[0m [2mscanner::process[0m[2m:[0m So11111111111111111111111111111111111111112 - hntyVP6YFm1Hg25TN9WGLqM12b8TQmcknKrdu1oxWux
[2m2025-11-26T11:22:55.033425Z[0m [32m INFO[0m [2mscanner::process[0m[2m:[0m Processing Signature: 2A8JmLZzWph1Zt85xri3uEtHp1ZgX4yi2bESGLxE3wuCLhVcPyMK6FFMsTiyswJCm2YBu8X9p6XM3UrFSe2ApsHM
[2m2025-11-26T11:22:55.033454Z[0m [32m INFO[0m [2mscanner::process[0m[2m:[0m DexSwap { swap_program_id: whirLbMiicVdio4qvUfM5KAg6Ct8VwpYzGff3uctyCc, pools: [BW18gGtaQjD2VgNmmWXBeqHu22k4KC4WamWyEP3S7PNU, BvquGcdP4bVHfb6RxBxUSaS2kwm36FPHMadACfYKMp6t], pool_owner: CSP4RmB6kBHkKGkyTnzt9zYYXDA8SbZ5Do5WfZcjqjE4, token_in: TokenAmount { mint: hntyVP6YFm1Hg25TN9WGLqM12b8TQmcknKrdu1oxWux, amount: 185177630325 }, token_out: TokenAmount { mint: So11111111111111111111111111111111111111112, amount: 28748257692 }, fees: [], vault_accounts: [] }
[2m2025-11-26T11:22:55.033571Z[0m [32m INFO[0m [2mscanner::process[0m[2m:[0m hntyVP6YFm1Hg25TN9WGLqM12b8TQmcknKrdu1oxWux - So11111111111111111111111111111111111111112
[2m2025-11-26T11:22:55.033642Z[0m [32m INFO[0m [2mscanner[0m[2m:[0m Found intermediate mint: hntyVP6YFm1Hg25TN9WGLqM12b8TQmcknKrdu1oxWux with 0 decimals and 0 token accounts
[2m2025-11-26T11:22:55.033692Z[0m [33m WARN[0m [2mscanner[0m[2m:[0m No token accounts found for intermediate mint: hntyVP6YFm1Hg25TN9WGLqM12b8TQmcknKrdu1oxWux
[2m2025-11-26T11:22:55.035485Z[0m [32m INFO[0m [2mscanner::process[0m[2m:[0m Processing Signature: A5tihBzy1Tg67vEuKt2gUDMQ2cfZvAqik9fNX4dnrCR3qdst6Dg4SF5C3Mnk1oyZrANTjN6UGZoE9uxRxp567Y2
[2m2025-11-26T11:22:55.035590Z[0m [32m INFO[0m [2mscanner::process[0m[2m:[0m DexSwap { swap_program_id: whirLbMiicVdio4qvUfM5KAg6Ct8VwpYzGff3uctyCc, pools: [F9qPs7Dk5VE5ign6FTesMLAygfRgHJFeJRDxKDoHzwxt, 6o5zhcarnADzjVTDDXjLRiXwxshycoq2FApfqKDqmuWZ], pool_owner: 5qrvgpvr55Eo7c5bBcwopdiQ6TpvceiRm42yjHTbtDvc, token_in: TokenAmount { mint: So11111111111111111111111111111111111111112, amount: 8799451715 }, token_out: TokenAmount { mint: hntyVP6YFm1Hg25TN9WGLqM12b8TQmcknKrdu1oxWux, amount: 55689470532 }, fees: [], vault_accounts: [] }
[2m2025-11-26T11:22:55.035713Z[0m [32m INFO[0m [2mscanner::process[0m[2m:[0m So11111111111111111111111111111111111111112 - hntyVP6YFm1Hg25TN9WGLqM12b8TQmcknKrdu1oxWux
[2m2025-11-26T11:22:55.035759Z[0m [32m INFO[0m [2mscanner::process[0m[2m:[0m Processing Signature: A5tihBzy1Tg67vEuKt2gUDMQ2cfZvAqik9fNX4dnrCR3qdst6Dg4SF5C3Mnk1oyZrANTjN6UGZoE9uxRxp567Y2
[2m2025-11-26T11:22:55.035786Z[0m [32m INFO[0m [2mscanner::process[0m[2m:[0m DexSwap { swap_program_id: whirLbMiicVdio4qvUfM5KAg6Ct8VwpYzGff3uctyCc, pools: [BW18gGtaQjD2VgNmmWXBeqHu22k4KC4WamWyEP3S7PNU, BvquGcdP4bVHfb6RxBxUSaS2kwm36FPHMadACfYKMp6t], pool_owner: CSP4RmB6kBHkKGkyTnzt9zYYXDA8SbZ5Do5WfZcjqjE4, token_in: TokenAmount { mint: hntyVP6YFm1Hg25TN9WGLqM12b8TQmcknKrdu1oxWux, amount: 55689470532 }, token_out: TokenAmount { mint: So11111111111111111111111111111111111111112, amount: 8674382769 }, fees: [], vault_accounts: [] }
[2m2025-11-26T11:22:55.035884Z[0m [32m INFO[0m [2mscanner::process[0m[2m:[0m hntyVP6YFm1Hg25TN9WGLqM12b8TQmcknKrdu1oxWux - So11111111111111111111111111111111111111112
[2m2025-11-26T11:22:55.035948Z[0m [32m INFO[0m [2mscanner[0m[2m:[0m Found intermediate mint: hntyVP6YFm1Hg25TN9WGLqM12b8TQmcknKrdu1oxWux with 0 decimals and 0 token accounts
[2m2025-11-26T11:22:55.035994Z[0m [33m WARN[0m [2mscanner[0m[2m:[0m No token accounts found for intermediate mint: hntyVP6YFm1Hg25TN9WGLqM12b8TQmcknKrdu1oxWux
[2m2025-11-26T11:22:55.036075Z[0m [32m INFO[0m [2mscanner[0m[2m:[0m Registering new pool in known_pools: F9qPs7Dk5VE5ign6FTesMLAygfRgHJFeJRDxKDoHzwxt
[2m2025-11-26T11:22:55.036130Z[0m [32m INFO[0m [2mscanner[0m[2m:[0m Registering new pool in known_pools: 6o5zhcarnADzjVTDDXjLRiXwxshycoq2FApfqKDqmuWZ
[2m2025-11-26T11:22:55.038013Z[0m [32m INFO[0m [2mscanner::process[0m[2m:[0m Processing Signature: 5Uu8AQaKBMy56YuSks9TZMxKDA5GKfobcBtdTXnHue5JMosmKfBrmkU1GPep4A5g45zhWE9Q6RNuME3EDmPqkes6
[2m2025-11-26T11:22:55.038127Z[0m [32m INFO[0m [2mscanner::process[0m[2m:[0m DexSwap { swap_program_id: CAMMCzo5YL8w4VFF8KVHrK22GGUsp5VTaW7grrKgrWqK, pools: [4TcHmVVBeyWoaX1vPmEhEDNhryVDpXX5WVi5majY3Fgo, FHbvzFHHrpTRZNgKDXwJ8r4bVhKvoS8M7cZJnvHm5qVv], pool_owner: RaVenxw8kykBbW7KGBaBsb7fDkkBYK4uJVDSFun6ZxR, token_in: TokenAmount { mint: EPjFWdd5AufqSSqeM2qN1xzybapC8G4wEGGkZwyTDt1v, amount: 759417299 }, token_out: TokenAmount { mint: hntyVP6YFm1Hg25TN9WGLqM12b8TQmcknKrdu1oxWux, amount: 35011121349 }, fees: [], vault_accounts: [] }
[2m2025-11-26T11:22:55.038220Z[0m [32m INFO[0m [2mscanner::process[0m[2m:[0m EPjFWdd5AufqSSqeM2qN1xzybapC8G4wEGGkZwyTDt1v - hntyVP6YFm1Hg25TN9WGLqM12b8TQmcknKrdu1oxWux
[2m2025-11-26T11:22:55.038253Z[0m [32m INFO[0m [2mscanner::process[0m[2m:[0m Processing Signature: 5Uu8AQaKBMy56YuSks9TZMxKDA5GKfobcBtdTXnHue5JMosmKfBrmkU1GPep4A5g45zhWE9Q6RNuME3EDmPqkes6
[2m2025-11-26T11:22:55.038270Z[0m [32m INFO[0m [2mscanner::process[0m[2m:[0m DexSwap { swap_program_id: whirLbMiicVdio4qvUfM5KAg6Ct8VwpYzGff3uctyCc, pools: [BW18gGtaQjD2VgNmmWXBeqHu22k4KC4WamWyEP3S7PNU, BvquGcdP4bVHfb6RxBxUSaS2kwm36FPHMadACfYKMp6t], pool_owner: CSP4RmB6kBHkKGkyTnzt9zYYXDA8SbZ5Do5WfZcjqjE4, token_in: TokenAmount { mint: hntyVP6YFm1Hg25TN9WGLqM12b8TQmcknKrdu1oxWux, amount: 35011121349 }, token_out: TokenAmount { mint: So11111111111111111111111111111111111111112, amount: 5456351164 }, fees: [], vault_accounts: [] }
[2m2025-11-26T11:22:55.038347Z[0m [32m INFO[0m [2mscanner::process[0m[2m:[0m hntyVP6YFm1Hg25TN9WGLqM12b8TQmcknKrdu1oxWux - So11111111111111111111111111111111111111112
[2m2025-11-26T11:22:55.038408Z[0m [32m INFO[0m [2mscanner::process[0m[2m:[0m Processing Signature: 5Uu8AQaKBMy56YuSks9TZMxKDA5GKfobcBtdTXnHue5JMosmKfBrmkU1GPep4A5g45zhWE9Q6RNuME3EDmPqkes6
[2m2025-11-26T11:22:55.038421Z[0m [32m INFO[0m [2mscanner::process[0m[2m:[0m DexSwap { swap_program_id: whirLbMiicVdio4qvUfM5KAg6Ct8VwpYzGff3uctyCc, pools: [EUuUbDcafPrmVTD5M6qoJAoyyNbihBhugADAxRMn5he9, 2WLWEuKDgkDUccTpbwYp1GToYktiSB1cXvreHUwiSUVP], pool_owner: Czfq3xZZDmsdGdUyrNLtRhGc47cXcZtLG4crryfu44zE, token_in: TokenAmount { mint: So11111111111111111111111111111111111111112, amount: 5456351164 }, token_out: TokenAmount { mint: EPjFWdd5AufqSSqeM2qN1xzybapC8G4wEGGkZwyTDt1v, amount: 747376634 }, fees: [], vault_accounts: [] }
[2m2025-11-26T11:22:55.038495Z[0m [32m INFO[0m [2mscanner::process[0m[2m:[0m So11111111111111111111111111111111111111112 - EPjFWdd5AufqSSqeM2qN1xzybapC8G4wEGGkZwyTDt1v
[2m2025-11-26T11:22:55.038569Z[0m [32m INFO[0m [2mscanner[0m[2m:[0m Found intermediate mint: hntyVP6YFm1Hg25TN9WGLqM12b8TQmcknKrdu1oxWux with 0 decimals and 0 token accounts
[2m2025-11-26T11:22:55.038594Z[0m [33m WARN[0m [2mscanner[0m[2m:[0m No token accounts found for intermediate mint: hntyVP6YFm1Hg25TN9WGLqM12b8TQmcknKrdu1oxWux
[2m2025-11-26T11:22:55.038650Z[0m [32m INFO[0m [2mscanner[0m[2m:[0m Found intermediate mint: So11111111111111111111111111111111111111112 with 0 decimals and 0 token accounts
[2m2025-11-26T11:22:55.038673Z[0m [33m WARN[0m [2mscanner[0m[2m:[0m No token accounts found for intermediate mint: So11111111111111111111111111111111111111112
[2m2025-11-26T11:22:55.038758Z[0m [32m INFO[0m [2mscanner[0m[2m:[0m Registering new pool in known_pools: 4TcHmVVBeyWoaX1vPmEhEDNhryVDpXX5WVi5majY3Fgo
[2m2025-11-26T11:22:55.038788Z[0m [32m INFO[0m [2mscanner[0m[2m:[0m Registering new pool in known_pools: FHbvzFHHrpTRZNgKDXwJ8r4bVhKvoS8M7cZJnvHm5qVv
[2m2025-11-26T11:22:55.038818Z[0m [32m INFO[0m [2mscanner[0m[2m:[0m Registering new pool in known_pools: EUuUbDcafPrmVTD5M6qoJAoyyNbihBhugADAxRMn5he9
[2m2025-11-26T11:22:55.038839Z[0m [32m INFO[0m [2mscanner[0m[2m:[0m Registering new pool in known_pools: 2WLWEuKDgkDUccTpbwYp1GToYktiSB1cXvreHUwiSUVP
[2m2025-11-26T11:22:56.801374Z[0m [33m WARN[0m [2mscanner::grpc[0m[2m:[0m Subscription request failed on http://ny-rpc.notarb.org:20000/ (attempt 7): Connection not yet established. Retrying in 60s...
[2m2025-11-26T11:22:59.036672Z[0m [32m INFO[0m [2mscanner::grpc[0m[2m:[0m Roundtrip ping for http://ny-rpc.notarb.org:10000/: 225ms
[2m2025-11-26T11:23:04.038202Z[0m [32m INFO[0m [2mscanner::grpc[0m[2m:[0m Roundtrip ping for http://ny-rpc.notarb.org:10000/: 225ms
[2m2025-11-26T11:23:04.171116Z[0m [32m INFO[0m [2mscanner::process[0m[2m:[0m Processing Signature: 5hSnusUzZyj7pXTcDzmnehNT6ohZosLcTWd1H4Py8ZJXWtNBo1wJy2m2oKzPDryrQ1VqU6tMT1W4Tti6qFjvpQVL
[2m2025-11-26T11:23:04.171254Z[0m [32m INFO[0m [2mscanner::process[0m[2m:[0m DexSwap { swap_program_id: pAMMBay6oceH9fJKBRHGP5D4bD4sWpmSwMn52FMfXEA, pools: [GsLH7hDTJV3SZwhdgisGBBcbYiRb5t19rCWqErJrk9eg, 55X1L8Hk8aUstSWetoVgKxFMDB5WUqMoL5qsdN34XYFM], pool_owner: 6WFQh7EiAE6sExURU7hLSXR9rAzxELAtEuhvrL5rN5TE, token_in: TokenAmount { mint: EMKP9FV5wakvyodPh8edQW4RTSbHPrhYRDEiCiz1pump, amount: 89998650838 }, token_out: TokenAmount { mint: So11111111111111111111111111111111111111112, amount: 181856330 }, fees: [TokenAmount { mint: EMKP9FV5wakvyodPh8edQW4RTSbHPrhYRDEiCiz1pump, amount: 359578 }, TokenAmount { mint: So11111111111111111111111111111111111111112, amount: 89895 }, TokenAmount { mint: So11111111111111111111111111111111111111112, amount: 1618099 }], vault_accounts: [] }
[2m2025-11-26T11:23:04.171450Z[0m [32m INFO[0m [2mscanner::process[0m[2m:[0m EMKP9FV5wakvyodPh8edQW4RTSbHPrhYRDEiCiz1pump - So11111111111111111111111111111111111111112
[2m2025-11-26T11:23:04.171510Z[0m [32m INFO[0m [2mscanner::process[0m[2m:[0m Processing Signature: 5hSnusUzZyj7pXTcDzmnehNT6ohZosLcTWd1H4Py8ZJXWtNBo1wJy2m2oKzPDryrQ1VqU6tMT1W4Tti6qFjvpQVL
[2m2025-11-26T11:23:04.171596Z[0m [32m INFO[0m [2mscanner::process[0m[2m:[0m DexSwap { swap_program_id: LBUZKhRxPF3XUpBCjp4YzTKgLccjZhTSDM9YuVaPwxo, pools: [GJXfmG7xG8ndEGDNwAkp58HSRmtgQssX43g6fvNuW8mv, 59PLqdoMJqKPku41RPJCtVurDtp3vToNFfS2tNYS4M8w], pool_owner: 681YsUqDNxmYgjk5Z4PzZLaXGvaJ3aWC4zfcLZXFsMyE, token_in: TokenAmount { mint: EMKP9FV5wakvyodPh8edQW4RTSbHPrhYRDEiCiz1pump, amount: 89998650838 }, token_out: TokenAmount { mint: So11111111111111111111111111111111111111112, amount: 182281345 }, fees: [TokenAmount { mint: EMKP9FV5wakvyodPh8edQW4RTSbHPrhYRDEiCiz1pump, amount: 4619619588 }, TokenAmount { mint: EMKP9FV5wakvyodPh8edQW4RTSbHPrhYRDEiCiz1pump, amount: 230980979 }, TokenAmount { mint: EMKP9FV5wakvyodPh8edQW4RTSbHPrhYRDEiCiz1pump, amount: 51329876 }], vault_accounts: [] }
[2m2025-11-26T11:23:04.171743Z[0m [32m INFO[0m [2mscanner::process[0m[2m:[0m EMKP9FV5wakvyodPh8edQW4RTSbHPrhYRDEiCiz1pump - So11111111111111111111111111111111111111112
[2m2025-11-26T11:23:04.171871Z[0m [32m INFO[0m [2mscanner[0m[2m:[0m Registering new pool in known_pools: GsLH7hDTJV3SZwhdgisGBBcbYiRb5t19rCWqErJrk9eg
[2m2025-11-26T11:23:04.171937Z[0m [32m INFO[0m [2mscanner[0m[2m:[0m Registering new pool in known_pools: 55X1L8Hk8aUstSWetoVgKxFMDB5WUqMoL5qsdN34XYFM
[2m2025-11-26T11:23:04.171990Z[0m [32m INFO[0m [2mscanner[0m[2m:[0m Registering new pool in known_pools: GJXfmG7xG8ndEGDNwAkp58HSRmtgQssX43g6fvNuW8mv
[2m2025-11-26T11:23:04.172035Z[0m [32m INFO[0m [2mscanner[0m[2m:[0m Registering new pool in known_pools: 59PLqdoMJqKPku41RPJCtVurDtp3vToNFfS2tNYS4M8w
[2m2025-11-26T11:23:04.173937Z[0m [32m INFO[0m [2mscanner::process[0m[2m:[0m Processing Signature: 3DoCCShDKgbdiASdoLmo1XxC1dNRPxfNvAZG4su5zAr7fFkMvGTFCgNtvNLA5QpRvw4JEZAddChSnpZCaSSKmxDs
[2m2025-11-26T11:23:04.174040Z[0m [32m INFO[0m [2mscanner::process[0m[2m:[0m DexSwap { swap_program_id: pAMMBay6oceH9fJKBRHGP5D4bD4sWpmSwMn52FMfXEA, pools: [GsLH7hDTJV3SZwhdgisGBBcbYiRb5t19rCWqErJrk9eg, 55X1L8Hk8aUstSWetoVgKxFMDB5WUqMoL5qsdN34XYFM], pool_owner: 6WFQh7EiAE6sExURU7hLSXR9rAzxELAtEuhvrL5rN5TE, token_in: TokenAmount { mint: EMKP9FV5wakvyodPh8edQW4RTSbHPrhYRDEiCiz1pump, amount: 92519556208 }, token_out: TokenAmount { mint: So11111111111111111111111111111111111111112, amount: 187276241 }, fees: [TokenAmount { mint: EMKP9FV5wakvyodPh8edQW4RTSbHPrhYRDEiCiz1pump, amount: 370295 }, TokenAmount { mint: So11111111111111111111111111111111111111112, amount: 92574 }, TokenAmount { mint: So11111111111111111111111111111111111111112, amount: 1666324 }], vault_accounts: [] }
[2m2025-11-26T11:23:04.174166Z[0m [32m INFO[0m [2mscanner::process[0m[2m:[0m EMKP9FV5wakvyodPh8edQW4RTSbHPrhYRDEiCiz1pump - So11111111111111111111111111111111111111112
[2m2025-11-26T11:23:04.174214Z[0m [32m INFO[0m [2mscanner::process[0m[2m:[0m Processing Signature: 3DoCCShDKgbdiASdoLmo1XxC1dNRPxfNvAZG4su5zAr7fFkMvGTFCgNtvNLA5QpRvw4JEZAddChSnpZCaSSKmxDs
[2m2025-11-26T11:23:04.174229Z[0m [32m INFO[0m [2mscanner::process[0m[2m:[0m DexSwap { swap_program_id: LBUZKhRxPF3XUpBCjp4YzTKgLccjZhTSDM9YuVaPwxo, pools: [GJXfmG7xG8ndEGDNwAkp58HSRmtgQssX43g6fvNuW8mv, 59PLqdoMJqKPku41RPJCtVurDtp3vToNFfS2tNYS4M8w], pool_owner: 681YsUqDNxmYgjk5Z4PzZLaXGvaJ3aWC4zfcLZXFsMyE, token_in: TokenAmount { mint: EMKP9FV5wakvyodPh8edQW4RTSbHPrhYRDEiCiz1pump, amount: 92519556208 }, token_out: TokenAmount { mint: So11111111111111111111111111111111111111112, amount: 185397757 }, fees: [TokenAmount { mint: EMKP9FV5wakvyodPh8edQW4RTSbHPrhYRDEiCiz1pump, amount: 4814259160 }, TokenAmount { mint: EMKP9FV5wakvyodPh8edQW4RTSbHPrhYRDEiCiz1pump, amount: 240712958 }, TokenAmount { mint: EMKP9FV5wakvyodPh8edQW4RTSbHPrhYRDEiCiz1pump, amount: 52036511 }], vault_accounts: [] }
[2m2025-11-26T11:23:04.174342Z[0m [32m INFO[0m [2mscanner::process[0m[2m:[0m EMKP9FV5wakvyodPh8edQW4RTSbHPrhYRDEiCiz1pump - So11111111111111111111111111111111111111112
[2m2025-11-26T11:23:04.175104Z[0m [32m INFO[0m [2mscanner::process[0m[2m:[0m Processing Signature: 67C6hCzrrhRhavKDYGt8C8rjuoXDR4HokHGi4cHLqYuPcMjLiPqvk6jnkPzZY7AvNfrHwsLe9hp1QPYvTqVKWgVJ
[2m2025-11-26T11:23:04.175128Z[0m [32m INFO[0m [2mscanner::process[0m[2m:[0m DexSwap { swap_program_id: pAMMBay6oceH9fJKBRHGP5D4bD4sWpmSwMn52FMfXEA, pools: [GsLH7hDTJV3SZwhdgisGBBcbYiRb5t19rCWqErJrk9eg, 55X1L8Hk8aUstSWetoVgKxFMDB5WUqMoL5qsdN34XYFM], pool_owner: 6WFQh7EiAE6sExURU7hLSXR9rAzxELAtEuhvrL5rN5TE, token_in: TokenAmount { mint: EMKP9FV5wakvyodPh8edQW4RTSbHPrhYRDEiCiz1pump, amount: 92519556208 }, token_out: TokenAmount { mint: So11111111111111111111111111111111111111112, amount: 187276241 }, fees: [TokenAmount { mint: EMKP9FV5wakvyodPh8edQW4RTSbHPrhYRDEiCiz1pump, amount: 370295 }, TokenAmount { mint: So11111111111111111111111111111111111111112, amount: 92574 }, TokenAmount { mint: So11111111111111111111111111111111111111112, amount: 1666324 }], vault_accounts: [] }
[2m2025-11-26T11:23:04.175240Z[0m [32m INFO[0m [2mscanner::process[0m[2m:[0m EMKP9FV5wakvyodPh8edQW4RTSbHPrhYRDEiCiz1pump - So11111111111111111111111111111111111111112
[2m2025-11-26T11:23:04.175267Z[0m [32m INFO[0m [2mscanner::process[0m[2m:[0m Processing Signature: 67C6hCzrrhRhavKDYGt8C8rjuoXDR4HokHGi4cHLqYuPcMjLiPqvk6jnkPzZY7AvNfrHwsLe9hp1QPYvTqVKWgVJ
[2m2025-11-26T11:23:04.175278Z[0m [32m INFO[0m [2mscanner::process[0m[2m:[0m DexSwap { swap_program_id: LBUZKhRxPF3XUpBCjp4YzTKgLccjZhTSDM9YuVaPwxo, pools: [GJXfmG7xG8ndEGDNwAkp58HSRmtgQssX43g6fvNuW8mv, 59PLqdoMJqKPku41RPJCtVurDtp3vToNFfS2tNYS4M8w], pool_owner: 681YsUqDNxmYgjk5Z4PzZLaXGvaJ3aWC4zfcLZXFsMyE, token_in: TokenAmount { mint: EMKP9FV5wakvyodPh8edQW4RTSbHPrhYRDEiCiz1pump, amount: 92519556208 }, token_out: TokenAmount { mint: So11111111111111111111111111111111111111112, amount: 185397757 }, fees: [TokenAmount { mint: EMKP9FV5wakvyodPh8edQW4RTSbHPrhYRDEiCiz1pump, amount: 4814259160 }, TokenAmount { mint: EMKP9FV5wakvyodPh8edQW4RTSbHPrhYRDEiCiz1pump, amount: 240712958 }, TokenAmount { mint: EMKP9FV5wakvyodPh8edQW4RTSbHPrhYRDEiCiz1pump, amount: 52036511 }], vault_accounts: [] }
[2m2025-11-26T11:23:04.175390Z[0m [32m INFO[0m [2mscanner::process[0m[2m:[0m EMKP9FV5wakvyodPh8edQW4RTSbHPrhYRDEiCiz1pump - So11111111111111111111111111111111111111112
[2m2025-11-26T11:23:04.176084Z[0m [32m INFO[0m [2mscanner::process[0m[2m:[0m Processing Signature: 4VjU5LQsKrqdWuh49jUNkFZQPUXTpizKfqaK8ELgU9FNoE23iA6JZCvA4tXkWohCw4eZvWTjwZ3ALKfovD5R14zm
[2m2025-11-26T11:23:04.176100Z[0m [32m INFO[0m [2mscanner::process[0m[2m:[0m DexSwap { swap_program_id: pAMMBay6oceH9fJKBRHGP5D4bD4sWpmSwMn52FMfXEA, pools: [GsLH7hDTJV3SZwhdgisGBBcbYiRb5t19rCWqErJrk9eg, 55X1L8Hk8aUstSWetoVgKxFMDB5WUqMoL5qsdN34XYFM], pool_owner: 6WFQh7EiAE6sExURU7hLSXR9rAzxELAtEuhvrL5rN5TE, token_in: TokenAmount { mint: EMKP9FV5wakvyodPh8edQW4RTSbHPrhYRDEiCiz1pump, amount: 89998650838 }, token_out: TokenAmount { mint: So11111111111111111111111111111111111111112, amount: 182170368 }, fees: [TokenAmount { mint: EMKP9FV5wakvyodPh8edQW4RTSbHPrhYRDEiCiz1pump, amount: 360199 }, TokenAmount { mint: So11111111111111111111111111111111111111112, amount: 90050 }, TokenAmount { mint: So11111111111111111111111111111111111111112, amount: 1620894 }], vault_accounts: [] }
[2m2025-11-26T11:23:04.176211Z[0m [32m INFO[0m [2mscanner::process[0m[2m:[0m EMKP9FV5wakvyodPh8edQW4RTSbHPrhYRDEiCiz1pump - So11111111111111111111111111111111111111112
[2m2025-11-26T11:23:04.176237Z[0m [32m INFO[0m [2mscanner::process[0m[2m:[0m Processing Signature: 4VjU5LQsKrqdWuh49jUNkFZQPUXTpizKfqaK8ELgU9FNoE23iA6JZCvA4tXkWohCw4eZvWTjwZ3ALKfovD5R14zm
[2m2025-11-26T11:23:04.176248Z[0m [32m INFO[0m [2mscanner::process[0m[2m:[0m DexSwap { swap_program_id: LBUZKhRxPF3XUpBCjp4YzTKgLccjZhTSDM9YuVaPwxo, pools: [GJXfmG7xG8ndEGDNwAkp58HSRmtgQssX43g6fvNuW8mv, 59PLqdoMJqKPku41RPJCtVurDtp3vToNFfS2tNYS4M8w], pool_owner: 681YsUqDNxmYgjk5Z4PzZLaXGvaJ3aWC4zfcLZXFsMyE, token_in: TokenAmount { mint: EMKP9FV5wakvyodPh8edQW4RTSbHPrhYRDEiCiz1pump, amount: 89998650838 }, token_out: TokenAmount { mint: So11111111111111111111111111111111111111112, amount: 180342148 }, fees: [TokenAmount { mint: EMKP9FV5wakvyodPh8edQW4RTSbHPrhYRDEiCiz1pump, amount: 4683215785 }, TokenAmount { mint: EMKP9FV5wakvyodPh8edQW4RTSbHPrhYRDEiCiz1pump, amount: 234160789 }, TokenAmount { mint: EMKP9FV5wakvyodPh8edQW4RTSbHPrhYRDEiCiz1pump, amount: 52036511 }], vault_accounts: [] }
[2m2025-11-26T11:23:04.176358Z[0m [32m INFO[0m [2mscanner::process[0m[2m:[0m EMKP9FV5wakvyodPh8edQW4RTSbHPrhYRDEiCiz1pump - So11111111111111111111111111111111111111112
[2m2025-11-26T11:23:04.179575Z[0m [32m INFO[0m [2mscanner::process[0m[2m:[0m Processing Signature: 37Dkkm2hBPMW6oQMXdv4LcDsEL14d4Cqj26LG1uUszDfuA4Td5NWGdYSmAqFXibunqmyTvM1h6AJfBnQgNtW8Zgh
[2m2025-11-26T11:23:04.179589Z[0m [32m INFO[0m [2mscanner::process[0m[2m:[0m DexSwap { swap_program_id: pAMMBay6oceH9fJKBRHGP5D4bD4sWpmSwMn52FMfXEA, pools: [GsLH7hDTJV3SZwhdgisGBBcbYiRb5t19rCWqErJrk9eg, 55X1L8Hk8aUstSWetoVgKxFMDB5WUqMoL5qsdN34XYFM], pool_owner: 6WFQh7EiAE6sExURU7hLSXR9rAzxELAtEuhvrL5rN5TE, token_in: TokenAmount { mint: EMKP9FV5wakvyodPh8edQW4RTSbHPrhYRDEiCiz1pump, amount: 92518908258 }, token_out: TokenAmount { mint: So11111111111111111111111111111111111111112, amount: 187276241 }, fees: [TokenAmount { mint: EMKP9FV5wakvyodPh8edQW4RTSbHPrhYRDEiCiz1pump, amount: 370295 }, TokenAmount { mint: So11111111111111111111111111111111111111112, amount: 92574 }, TokenAmount { mint: So11111111111111111111111111111111111111112, amount: 1666324 }], vault_accounts: [] }
[2m2025-11-26T11:23:04.179682Z[0m [32m INFO[0m [2mscanner::process[0m[2m:[0m EMKP9FV5wakvyodPh8edQW4RTSbHPrhYRDEiCiz1pump - So11111111111111111111111111111111111111112
[2m2025-11-26T11:23:04.179704Z[0m [32m INFO[0m [2mscanner::process[0m[2m:[0m Processing Signature: 37Dkkm2hBPMW6oQMXdv4LcDsEL14d4Cqj26LG1uUszDfuA4Td5NWGdYSmAqFXibunqmyTvM1h6AJfBnQgNtW8Zgh
[2m2025-11-26T11:23:04.179713Z[0m [32m INFO[0m [2mscanner::process[0m[2m:[0m DexSwap { swap_program_id: LBUZKhRxPF3XUpBCjp4YzTKgLccjZhTSDM9YuVaPwxo, pools: [GJXfmG7xG8ndEGDNwAkp58HSRmtgQssX43g6fvNuW8mv, 59PLqdoMJqKPku41RPJCtVurDtp3vToNFfS2tNYS4M8w], pool_owner: 681YsUqDNxmYgjk5Z4PzZLaXGvaJ3aWC4zfcLZXFsMyE, token_in: TokenAmount { mint: EMKP9FV5wakvyodPh8edQW4RTSbHPrhYRDEiCiz1pump, amount: 92518908258 }, token_out: TokenAmount { mint: So11111111111111111111111111111111111111112, amount: 185392319 }, fees: [TokenAmount { mint: EMKP9FV5wakvyodPh8edQW4RTSbHPrhYRDEiCiz1pump, amount: 4814361188 }, TokenAmount { mint: EMKP9FV5wakvyodPh8edQW4RTSbHPrhYRDEiCiz1pump, amount: 240718059 }, TokenAmount { mint: EMKP9FV5wakvyodPh8edQW4RTSbHPrhYRDEiCiz1pump, amount: 52036511 }], vault_accounts: [] }
[2m2025-11-26T11:23:04.179806Z[0m [32m INFO[0m [2mscanner::process[0m[2m:[0m EMKP9FV5wakvyodPh8edQW4RTSbHPrhYRDEiCiz1pump - So11111111111111111111111111111111111111112
[2m2025-11-26T11:23:09.076249Z[0m [32m INFO[0m [2mscanner::grpc[0m[2m:[0m Roundtrip ping for http://ny-rpc.notarb.org:10000/: 261ms
[2m2025-11-26T11:23:09.369443Z[0m [32m INFO[0m [2mscanner::process[0m[2m:[0m Processing Signature: 2w4dsN84JKF7nJgUScpj7DdLCrKZiNr4fzdXMr8i3An25c3NLZH4339aMdTZJjHoef7gdziMHqx3zf88mDAxD1hF
[2m2025-11-26T11:23:09.369526Z[0m [32m INFO[0m [2mscanner::process[0m[2m:[0m DexSwap { swap_program_id: CPMMoo8L3F4NbTegBCKVNunggL7H1ZpdTHKxQB5qKP1C, pools: [HCX2xH3ykNQessV4auSa4kLd6fQWDqx4NqrRNAaDkdA8, 8hBe12uGwSiyALXH8mRv39GSWFYh5omvBt1fbm76zwWF], pool_owner: RaVenxw8kykBbW7KGBaBsb7fDkkBYK4uJVDSFun6ZxR, token_in: TokenAmount { mint: So11111111111111111111111111111111111111112, amount: 98215841 }, token_out: TokenAmount { mint: 44sHXMkPeciUpqhecfCysVs7RcaxeM24VPMauQouBREV, amount: 74709963749563 }, fees: [], vault_accounts: [] }
[2m2025-11-26T11:23:09.369601Z[0m [32m INFO[0m [2mscanner::process[0m[2m:[0m So11111111111111111111111111111111111111112 - 44sHXMkPeciUpqhecfCysVs7RcaxeM24VPMauQouBREV
[2m2025-11-26T11:23:09.369624Z[0m [32m INFO[0m [2mscanner::process[0m[2m:[0m Processing Signature: 2w4dsN84JKF7nJgUScpj7DdLCrKZiNr4fzdXMr8i3An25c3NLZH4339aMdTZJjHoef7gdziMHqx3zf88mDAxD1hF
[2m2025-11-26T11:23:09.369635Z[0m [32m INFO[0m [2mscanner::process[0m[2m:[0m DexSwap { swap_program_id: cpamdpZCGKUy5JxQXB4dcpGPiikHawvSWAd6mEn1sGG, pools: [Cj5A73Jo3uNLxGHV7ovb1kz3Sux4oe5zPSA3pCPe9SYM, 5uB2E4mE27bKzHGEMZScJvcmPUfaQkyyTEyQSa1fcy2c], pool_owner: HT9VvBZzdGKPu2xr1gPBB9FsL5C6Z4DJFpDjxyLcCQeS, token_in: TokenAmount { mint: 44sHXMkPeciUpqhecfCysVs7RcaxeM24VPMauQouBREV, amount: 73215764474571 }, token_out: TokenAmount { mint: 9yZ5Ru8pbmJZ6Q2DKLCGXkaLNwkm83cnJ4QCw4PFpump, amount: 17579981642 }, fees: [TokenAmount { mint: 44sHXMkPeciUpqhecfCysVs7RcaxeM24VPMauQouBREV, amount: 35381869 }, TokenAmount { mint: 44sHXMkPeciUpqhecfCysVs7RcaxeM24VPMauQouBREV, amount: 8845467 }], vault_accounts: [] }
[2m2025-11-26T11:23:09.369708Z[0m [32m INFO[0m [2mscanner::process[0m[2m:[0m 44sHXMkPeciUpqhecfCysVs7RcaxeM24VPMauQouBREV - 9yZ5Ru8pbmJZ6Q2DKLCGXkaLNwkm83cnJ4QCw4PFpump
[2m2025-11-26T11:23:09.369730Z[0m [32m INFO[0m [2mscanner::process[0m[2m:[0m Processing Signature: 2w4dsN84JKF7nJgUScpj7DdLCrKZiNr4fzdXMr8i3An25c3NLZH4339aMdTZJjHoef7gdziMHqx3zf88mDAxD1hF
[2m2025-11-26T11:23:09.369738Z[0m [32m INFO[0m [2mscanner::process[0m[2m:[0m DexSwap { swap_program_id: pAMMBay6oceH9fJKBRHGP5D4bD4sWpmSwMn52FMfXEA, pools: [3gjSbwdZ8c1fLnjBaYAa35jWZJXSictLs2WnsbrVnRUT, 9ho1rPVHGK2KrjDFPaJ8PhfotU8YsuukFAWdnCxeuThy], pool_owner: 2FUgN9XQGNqDxnpoCcXQziEUAH3DSnUxt5HJ9bY9vcFw, token_in: TokenAmount { mint: 9yZ5Ru8pbmJZ6Q2DKLCGXkaLNwkm83cnJ4QCw4PFpump, amount: 17579981642 }, token_out: TokenAmount { mint: So11111111111111111111111111111111111111112, amount: 94669962 }, fees: [TokenAmount { mint: 9yZ5Ru8pbmJZ6Q2DKLCGXkaLNwkm83cnJ4QCw4PFpump, amount: 191253 }, TokenAmount { mint: So11111111111111111111111111111111111111112, amount: 47814 }, TokenAmount { mint: So11111111111111111111111111111111111111112, amount: 717197 }], vault_accounts: [] }
[2m2025-11-26T11:23:09.369828Z[0m [32m INFO[0m [2mscanner::process[0m[2m:[0m 9yZ5Ru8pbmJZ6Q2DKLCGXkaLNwkm83cnJ4QCw4PFpump - So11111111111111111111111111111111111111112
[2m2025-11-26T11:23:09.369890Z[0m [32m INFO[0m [2mscanner[0m[2m:[0m Found intermediate mint: 9yZ5Ru8pbmJZ6Q2DKLCGXkaLNwkm83cnJ4QCw4PFpump with 0 decimals and 0 token accounts
[2m2025-11-26T11:23:09.369909Z[0m [33m WARN[0m [2mscanner[0m[2m:[0m No token accounts found for intermediate mint: 9yZ5Ru8pbmJZ6Q2DKLCGXkaLNwkm83cnJ4QCw4PFpump
[2m2025-11-26T11:23:09.369931Z[0m [32m INFO[0m [2mscanner[0m[2m:[0m Found intermediate mint: 44sHXMkPeciUpqhecfCysVs7RcaxeM24VPMauQouBREV with 0 decimals and 0 token accounts
[2m2025-11-26T11:23:09.369946Z[0m [33m WARN[0m [2mscanner[0m[2m:[0m No token accounts found for intermediate mint: 44sHXMkPeciUpqhecfCysVs7RcaxeM24VPMauQouBREV
[2m2025-11-26T11:23:09.369997Z[0m [32m INFO[0m [2mscanner[0m[2m:[0m Registering new pool in known_pools: HCX2xH3ykNQessV4auSa4kLd6fQWDqx4NqrRNAaDkdA8
[2m2025-11-26T11:23:09.370018Z[0m [32m INFO[0m [2mscanner[0m[2m:[0m Registering new pool in known_pools: 8hBe12uGwSiyALXH8mRv39GSWFYh5omvBt1fbm76zwWF
[2m2025-11-26T11:23:09.370037Z[0m [32m INFO[0m [2mscanner[0m[2m:[0m Registering new DEX program: cpamdpZCGKUy5JxQXB4dcpGPiikHawvSWAd6mEn1sGG
[2m2025-11-26T11:23:09.370053Z[0m [32m INFO[0m [2mscanner[0m[2m:[0m Registering new pool in known_pools: Cj5A73Jo3uNLxGHV7ovb1kz3Sux4oe5zPSA3pCPe9SYM
[2m2025-11-26T11:23:09.370069Z[0m [32m INFO[0m [2mscanner[0m[2m:[0m Registering new pool in known_pools: 5uB2E4mE27bKzHGEMZScJvcmPUfaQkyyTEyQSa1fcy2c
[2m2025-11-26T11:23:09.370086Z[0m [32m INFO[0m [2mscanner[0m[2m:[0m Registering new pool in known_pools: 3gjSbwdZ8c1fLnjBaYAa35jWZJXSictLs2WnsbrVnRUT
[2m2025-11-26T11:23:09.370101Z[0m [32m INFO[0m [2mscanner[0m[2m:[0m Registering new pool in known_pools: 9ho1rPVHGK2KrjDFPaJ8PhfotU8YsuukFAWdnCxeuThy
[2m2025-11-26T11:23:09.371097Z[0m [32m INFO[0m [2mscanner::process[0m[2m:[0m Processing Signature: 2PJUHmtPQs5Z7LYUpT8qWmxhnxN3MiRNc3VGrryw9PA6xGhzLbEzCGXuNBEdv2uMPzYGdW4VMmXxiEKk7LaWgyNV
[2m2025-11-26T11:23:09.371117Z[0m [32m INFO[0m [2mscanner::process[0m[2m:[0m DexSwap { swap_program_id: CPMMoo8L3F4NbTegBCKVNunggL7H1ZpdTHKxQB5qKP1C, pools: [HCX2xH3ykNQessV4auSa4kLd6fQWDqx4NqrRNAaDkdA8, 8hBe12uGwSiyALXH8mRv39GSWFYh5omvBt1fbm76zwWF], pool_owner: RaVenxw8kykBbW7KGBaBsb7fDkkBYK4uJVDSFun6ZxR, token_in: TokenAmount { mint: So11111111111111111111111111111111111111112, amount: 98215841 }, token_out: TokenAmount { mint: 44sHXMkPeciUpqhecfCysVs7RcaxeM24VPMauQouBREV, amount: 74709963749563 }, fees: [], vault_accounts: [] }
[2m2025-11-26T11:23:09.371172Z[0m [32m INFO[0m [2mscanner::process[0m[2m:[0m So11111111111111111111111111111111111111112 - 44sHXMkPeciUpqhecfCysVs7RcaxeM24VPMauQouBREV
[2m2025-11-26T11:23:09.371191Z[0m [32m INFO[0m [2mscanner::process[0m[2m:[0m Processing Signature: 2PJUHmtPQs5Z7LYUpT8qWmxhnxN3MiRNc3VGrryw9PA6xGhzLbEzCGXuNBEdv2uMPzYGdW4VMmXxiEKk7LaWgyNV
[2m2025-11-26T11:23:09.371200Z[0m [32m INFO[0m [2mscanner::process[0m[2m:[0m DexSwap { swap_program_id: cpamdpZCGKUy5JxQXB4dcpGPiikHawvSWAd6mEn1sGG, pools: [Cj5A73Jo3uNLxGHV7ovb1kz3Sux4oe5zPSA3pCPe9SYM, 5uB2E4mE27bKzHGEMZScJvcmPUfaQkyyTEyQSa1fcy2c], pool_owner: HT9VvBZzdGKPu2xr1gPBB9FsL5C6Z4DJFpDjxyLcCQeS, token_in: TokenAmount { mint: 44sHXMkPeciUpqhecfCysVs7RcaxeM24VPMauQouBREV, amount: 73215764474571 }, token_out: TokenAmount { mint: 9yZ5Ru8pbmJZ6Q2DKLCGXkaLNwkm83cnJ4QCw4PFpump, amount: 17579981642 }, fees: [TokenAmount { mint: 44sHXMkPeciUpqhecfCysVs7RcaxeM24VPMauQouBREV, amount: 35381869 }, TokenAmount { mint: 44sHXMkPeciUpqhecfCysVs7RcaxeM24VPMauQouBREV, amount: 8845467 }], vault_accounts: [] }
[2m2025-11-26T11:23:09.371271Z[0m [32m INFO[0m [2mscanner::process[0m[2m:[0m 44sHXMkPeciUpqhecfCysVs7RcaxeM24VPMauQouBREV - 9yZ5Ru8pbmJZ6Q2DKLCGXkaLNwkm83cnJ4QCw4PFpump
[2m2025-11-26T11:23:09.371291Z[0m [32m INFO[0m [2mscanner::process[0m[2m:[0m Processing Signature: 2PJUHmtPQs5Z7LYUpT8qWmxhnxN3MiRNc3VGrryw9PA6xGhzLbEzCGXuNBEdv2uMPzYGdW4VMmXxiEKk7LaWgyNV
[2m2025-11-26T11:23:09.371299Z[0m [32m INFO[0m [2mscanner::process[0m[2m:[0m DexSwap { swap_program_id: pAMMBay6oceH9fJKBRHGP5D4bD4sWpmSwMn52FMfXEA, pools: [3gjSbwdZ8c1fLnjBaYAa35jWZJXSictLs2WnsbrVnRUT, 9ho1rPVHGK2KrjDFPaJ8PhfotU8YsuukFAWdnCxeuThy], pool_owner: 2FUgN9XQGNqDxnpoCcXQziEUAH3DSnUxt5HJ9bY9vcFw, token_in: TokenAmount { mint: 9yZ5Ru8pbmJZ6Q2DKLCGXkaLNwkm83cnJ4QCw4PFpump, amount: 17579981642 }, token_out: TokenAmount { mint: So11111111111111111111111111111111111111112, amount: 94657089 }, fees: [TokenAmount { mint: 9yZ5Ru8pbmJZ6Q2DKLCGXkaLNwkm83cnJ4QCw4PFpump, amount: 191227 }, TokenAmount { mint: So11111111111111111111111111111111111111112, amount: 47807 }, TokenAmount { mint: So11111111111111111111111111111111111111112, amount: 717100 }], vault_accounts: [] }
[2m2025-11-26T11:23:09.371378Z[0m [32m INFO[0m [2mscanner::process[0m[2m:[0m 9yZ5Ru8pbmJZ6Q2DKLCGXkaLNwkm83cnJ4QCw4PFpump - So11111111111111111111111111111111111111112
[2m2025-11-26T11:23:09.371411Z[0m [32m INFO[0m [2mscanner[0m[2m:[0m Found intermediate mint: 44sHXMkPeciUpqhecfCysVs7RcaxeM24VPMauQouBREV with 0 decimals and 0 token accounts
[2m2025-11-26T11:23:09.371426Z[0m [33m WARN[0m [2mscanner[0m[2m:[0m No token accounts found for intermediate mint: 44sHXMkPeciUpqhecfCysVs7RcaxeM24VPMauQouBREV
[2m2025-11-26T11:23:09.371441Z[0m [32m INFO[0m [2mscanner[0m[2m:[0m Found intermediate mint: 9yZ5Ru8pbmJZ6Q2DKLCGXkaLNwkm83cnJ4QCw4PFpump with 0 decimals and 0 token accounts
[2m2025-11-26T11:23:09.371456Z[0m [33m WARN[0m [2mscanner[0m[2m:[0m No token accounts found for intermediate mint: 9yZ5Ru8pbmJZ6Q2DKLCGXkaLNwkm83cnJ4QCw4PFpump
[2m2025-11-26T11:23:12.426997Z[0m [32m INFO[0m [2mscanner::process[0m[2m:[0m Processing Signature: 4R7BhEhxzeFGXC8EHUeMFaTbkCPpwKc74EZ47cnj8YpLx2pt6265bUSaCcg1MJCFRZbFxobgwqLzBRqXRFMvLkjs
[2m2025-11-26T11:23:12.427103Z[0m [32m INFO[0m [2mscanner::process[0m[2m:[0m DexSwap { swap_program_id: LBUZKhRxPF3XUpBCjp4YzTKgLccjZhTSDM9YuVaPwxo, pools: [AtLNcodSmo2wh8vSBzZFrYH63P3GAUXo1yJJXs2wmRwM, 3YvbK9t1cmak2oH1YEU1omTFkbKaU5zWdFRZJ1zNB7Qx], pool_owner: 3Mt1bpU3fnSXyPEm66HKKXyQTpLWrwYziPLqwTqK4ZT7, token_in: TokenAmount { mint: So11111111111111111111111111111111111111112, amount: 35829721 }, token_out: TokenAmount { mint: oreoU2P8bN6jkk3jbaiVxYnG1dCXcYxwhwyK9jSybcp, amount: 2471302928 }, fees: [TokenAmount { mint: So11111111111111111111111111111111111111112, amount: 73111 }, TokenAmount { mint: So11111111111111111111111111111111111111112, amount: 3655 }, TokenAmount { mint: So11111111111111111111111111111111111111112, amount: 2040500 }], vault_accounts: [] }
[2m2025-11-26T11:23:12.427190Z[0m [32m INFO[0m [2mscanner::process[0m[2m:[0m So11111111111111111111111111111111111111112 - oreoU2P8bN6jkk3jbaiVxYnG1dCXcYxwhwyK9jSybcp
[2m2025-11-26T11:23:12.427215Z[0m [32m INFO[0m [2mscanner::process[0m[2m:[0m Processing Signature: 4R7BhEhxzeFGXC8EHUeMFaTbkCPpwKc74EZ47cnj8YpLx2pt6265bUSaCcg1MJCFRZbFxobgwqLzBRqXRFMvLkjs
[2m2025-11-26T11:23:12.427227Z[0m [32m INFO[0m [2mscanner::process[0m[2m:[0m DexSwap { swap_program_id: LBUZKhRxPF3XUpBCjp4YzTKgLccjZhTSDM9YuVaPwxo, pools: [ARJUNN2kzdf4J3uSpCGJECZJzD6qHqtZ1Egbx47jx61B, ArGJVSqJjXW4YB6B9QjUA3J5N3qCoYh47KjEY9uKprkc], pool_owner: 42J3RCip6CMtTUaYii5UF7NGVSS6JgdnbnHDFVEd88EB, token_in: TokenAmount { mint: oreoU2P8bN6jkk3jbaiVxYnG1dCXcYxwhwyK9jSybcp, amount: 2471302928 }, token_out: TokenAmount { mint: So11111111111111111111111111111111111111112, amount: 35861993 }, fees: [TokenAmount { mint: oreoU2P8bN6jkk3jbaiVxYnG1dCXcYxwhwyK9jSybcp, amount: 3723499 }, TokenAmount { mint: oreoU2P8bN6jkk3jbaiVxYnG1dCXcYxwhwyK9jSybcp, amount: 186174 }, TokenAmount { mint: oreoU2P8bN6jkk3jbaiVxYnG1dCXcYxwhwyK9jSybcp, amount: 1506750 }], vault_accounts: [] }
[2m2025-11-26T11:23:12.427300Z[0m [32m INFO[0m [2mscanner::process[0m[2m:[0m oreoU2P8bN6jkk3jbaiVxYnG1dCXcYxwhwyK9jSybcp - So11111111111111111111111111111111111111112
[2m2025-11-26T11:23:12.427356Z[0m [32m INFO[0m [2mscanner[0m[2m:[0m Found intermediate mint: oreoU2P8bN6jkk3jbaiVxYnG1dCXcYxwhwyK9jSybcp with 0 decimals and 0 token accounts
[2m2025-11-26T11:23:12.427376Z[0m [33m WARN[0m [2mscanner[0m[2m:[0m No token accounts found for intermediate mint: oreoU2P8bN6jkk3jbaiVxYnG1dCXcYxwhwyK9jSybcp
[2m2025-11-26T11:23:12.427417Z[0m [32m INFO[0m [2mscanner[0m[2m:[0m Registering new pool in known_pools: AtLNcodSmo2wh8vSBzZFrYH63P3GAUXo1yJJXs2wmRwM
[2m2025-11-26T11:23:12.427439Z[0m [32m INFO[0m [2mscanner[0m[2m:[0m Registering new pool in known_pools: 3YvbK9t1cmak2oH1YEU1omTFkbKaU5zWdFRZJ1zNB7Qx
[2m2025-11-26T11:23:12.427456Z[0m [32m INFO[0m [2mscanner[0m[2m:[0m Registering new pool in known_pools: ARJUNN2kzdf4J3uSpCGJECZJzD6qHqtZ1Egbx47jx61B
[2m2025-11-26T11:23:12.427472Z[0m [32m INFO[0m [2mscanner[0m[2m:[0m Registering new pool in known_pools: ArGJVSqJjXW4YB6B9QjUA3J5N3qCoYh47KjEY9uKprkc
[2m2025-11-26T11:23:14.042626Z[0m [32m INFO[0m [2mscanner::grpc[0m[2m:[0m Roundtrip ping for http://ny-rpc.notarb.org:10000/: 225ms
[2m2025-11-26T11:23:16.404302Z[0m [32m INFO[0m [2mscanner::process[0m[2m:[0m Processing Signature: Kv2eoFokMFTsUjTGGmx56KiD2uYwh6q7rq2iWSk6YjBY7CqfeonCbSAv1cG3r858qzhgHgTrTggaUR4A8dYdR73
[2m2025-11-26T11:23:16.404429Z[0m [32m INFO[0m [2mscanner::process[0m[2m:[0m DexSwap { swap_program_id: pAMMBay6oceH9fJKBRHGP5D4bD4sWpmSwMn52FMfXEA, pools: [GUtUvkro8tQsHd8N9urQ3uXGReVZWVqpyrzcwTxPb87, GEaRRckcM37BuBne4iFy5HBQQntdpFUHbVKsFf7zYj7f], pool_owner: FDrY5i5kuadZ1ik8gPS26qjj9Rw9mpufXMegGC2HNSP7, token_in: TokenAmount { mint: 8J69rbLTzWWgUJziFY8jeu5tDwEPBwUz4pKBMr5rpump, amount: 16106529727 }, token_out: TokenAmount { mint: So11111111111111111111111111111111111111112, amount: 4496820117 }, fees: [TokenAmount { mint: 8J69rbLTzWWgUJziFY8jeu5tDwEPBwUz4pKBMr5rpump, amount: 8966741 }, TokenAmount { mint: So11111111111111111111111111111111111111112, amount: 2241686 }, TokenAmount { mint: So11111111111111111111111111111111111111112, amount: 2241686 }], vault_accounts: [] }
[2m2025-11-26T11:23:16.404539Z[0m [32m INFO[0m [2mscanner::process[0m[2m:[0m 8J69rbLTzWWgUJziFY8jeu5tDwEPBwUz4pKBMr5rpump - So11111111111111111111111111111111111111112
[2m2025-11-26T11:23:16.404567Z[0m [32m INFO[0m [2mscanner::process[0m[2m:[0m Processing Signature: Kv2eoFokMFTsUjTGGmx56KiD2uYwh6q7rq2iWSk6YjBY7CqfeonCbSAv1cG3r858qzhgHgTrTggaUR4A8dYdR73
[2m2025-11-26T11:23:16.404581Z[0m [32m INFO[0m [2mscanner::process[0m[2m:[0m DexSwap { swap_program_id: LBUZKhRxPF3XUpBCjp4YzTKgLccjZhTSDM9YuVaPwxo, pools: [GT5vRmRw9pkQ9JSPwUQx4mv9cowom6sg92UvqcfM6aJ3, 81o1bEhtAbspK3oujAoHSALXKZT2MmasxDP4cVdyGZuw], pool_owner: HXBohUFopM7TnpShycB5rxuBuPgxGKzKgZ1NNa344NSb, token_in: TokenAmount { mint: 8J69rbLTzWWgUJziFY8jeu5tDwEPBwUz4pKBMr5rpump, amount: 16106529727 }, token_out: TokenAmount { mint: So11111111111111111111111111111111111111112, amount: 4470511347 }, fees: [TokenAmount { mint: 8J69rbLTzWWgUJziFY8jeu5tDwEPBwUz4pKBMr5rpump, amount: 35968310 }, TokenAmount { mint: 8J69rbLTzWWgUJziFY8jeu5tDwEPBwUz4pKBMr5rpump, amount: 1798413 }, TokenAmount { mint: 8J69rbLTzWWgUJziFY8jeu5tDwEPBwUz4pKBMr5rpump, amount: 2381676 }], vault_accounts: [] }
[2m2025-11-26T11:23:16.404676Z[0m [32m INFO[0m [2mscanner::process[0m[2m:[0m 8J69rbLTzWWgUJziFY8jeu5tDwEPBwUz4pKBMr5rpump - So11111111111111111111111111111111111111112
[2m2025-11-26T11:23:16.404749Z[0m [32m INFO[0m [2mscanner[0m[2m:[0m Registering new pool in known_pools: GUtUvkro8tQsHd8N9urQ3uXGReVZWVqpyrzcwTxPb87
[2m2025-11-26T11:23:16.404777Z[0m [32m INFO[0m [2mscanner[0m[2m:[0m Registering new pool in known_pools: GEaRRckcM37BuBne4iFy5HBQQntdpFUHbVKsFf7zYj7f
[2m2025-11-26T11:23:16.404806Z[0m [32m INFO[0m [2mscanner[0m[2m:[0m Registering new pool in known_pools: GT5vRmRw9pkQ9JSPwUQx4mv9cowom6sg92UvqcfM6aJ3
[2m2025-11-26T11:23:16.404826Z[0m [32m INFO[0m [2mscanner[0m[2m:[0m Registering new pool in known_pools: 81o1bEhtAbspK3oujAoHSALXKZT2MmasxDP4cVdyGZuw
[2m2025-11-26T11:23:19.104573Z[0m [32m INFO[0m [2mscanner::grpc[0m[2m:[0m Roundtrip ping for http://ny-rpc.notarb.org:10000/: 285ms
[2m2025-11-26T11:23:24.056623Z[0m [32m INFO[0m [2mscanner::grpc[0m[2m:[0m Roundtrip ping for http://ny-rpc.notarb.org:10000/: 235ms
[2m2025-11-26T11:23:29.137511Z[0m [32m INFO[0m [2mscanner::grpc[0m[2m:[0m Roundtrip ping for http://ny-rpc.notarb.org:10000/: 314ms
[2m2025-11-26T11:23:34.050152Z[0m [32m INFO[0m [2mscanner::grpc[0m[2m:[0m Roundtrip ping for http://ny-rpc.notarb.org:10000/: 224ms
[2m2025-11-26T11:23:35.886843Z[0m [32m INFO[0m [2mscanner::process[0m[2m:[0m Processing Signature: 38wWLuepaMFEtWuKzESWraPtL55GqeYkLbab6Lki5yY9zQTKMD2AUCxFHxvjMr6EfFLW6B4kidMAVcsj5Y6FVDKY
[2m2025-11-26T11:23:35.886991Z[0m [32m INFO[0m [2mscanner::process[0m[2m:[0m DexSwap { swap_program_id: LBUZKhRxPF3XUpBCjp4YzTKgLccjZhTSDM9YuVaPwxo, pools: [2ztjy6SiGujZWzqY9MKvv2kr48gHTvwDEadLpTW66GBU, Cs3tbfSnWVPo4cR2ZuYuJGD42wkwQ4ZmizF91PesgMpc], pool_owner: 2ySwA2Suk8dCRTwdPUC79CBeL7sJRAqFLnVpP9GGGrKN, token_in: TokenAmount { mint: So11111111111111111111111111111111111111112, amount: 35022412 }, token_out: TokenAmount { mint: WENWENvqqNya429ubCdR81ZmD69brwQaaBYY6p3LCpk, amount: 34879745677 }, fees: [TokenAmount { mint: So11111111111111111111111111111111111111112, amount: 75573 }, TokenAmount { mint: So11111111111111111111111111111111111111112, amount: 3778 }, TokenAmount { mint: So11111111111111111111111111111111111111112, amount: 2131013 }], vault_accounts: [] }
[2m2025-11-26T11:23:35.887274Z[0m [32m INFO[0m [2mscanner::process[0m[2m:[0m So11111111111111111111111111111111111111112 - WENWENvqqNya429ubCdR81ZmD69brwQaaBYY6p3LCpk
[2m2025-11-26T11:23:35.887322Z[0m [32m INFO[0m [2mscanner::process[0m[2m:[0m Processing Signature: 38wWLuepaMFEtWuKzESWraPtL55GqeYkLbab6Lki5yY9zQTKMD2AUCxFHxvjMr6EfFLW6B4kidMAVcsj5Y6FVDKY
[2m2025-11-26T11:23:35.887340Z[0m [32m INFO[0m [2mscanner::process[0m[2m:[0m DexSwap { swap_program_id: 675kPX9MHTjS2zt1qfr1NYHuzeLXfQM9H24wFSUt1Mp8, pools: [46Bk4BaXzAsLYbrf3UQvGZLPdEwt5nkeb2wHjiqpa5VG, G86oqnqDH4NxsnhJEtMBPURwUfuJ8yd43ecsgg3kgRW4], pool_owner: 5WGx6mE9Xww3ocYzSenGVQMJLCVVwK7ePnYV6cXcpJtK, token_in: TokenAmount { mint: WENWENvqqNya429ubCdR81ZmD69brwQaaBYY6p3LCpk, amount: 34879745677 }, token_out: TokenAmount { mint: So11111111111111111111111111111111111111112, amount: 35038807 }, fees: [], vault_accounts: [BMhjEjmjHMzarw1KiaGC3s9PD17ZAf4sHvqT1Muzngdj, G86oqnqDH4NxsnhJEtMBPURwUfuJ8yd43ecsgg3kgRW4] }
[2m2025-11-26T11:23:35.887440Z[0m [32m INFO[0m [2mscanner::process[0m[2m:[0m WENWENvqqNya429ubCdR81ZmD69brwQaaBYY6p3LCpk - So11111111111111111111111111111111111111112
[2m2025-11-26T11:23:35.887546Z[0m [32m INFO[0m [2mscanner[0m[2m:[0m Found intermediate mint: WENWENvqqNya429ubCdR81ZmD69brwQaaBYY6p3LCpk with 0 decimals and 0 token accounts
[2m2025-11-26T11:23:35.887572Z[0m [33m WARN[0m [2mscanner[0m[2m:[0m No token accounts found for intermediate mint: WENWENvqqNya429ubCdR81ZmD69brwQaaBYY6p3LCpk
[2m2025-11-26T11:23:35.887638Z[0m [32m INFO[0m [2mscanner[0m[2m:[0m Registering new pool in known_pools: 2ztjy6SiGujZWzqY9MKvv2kr48gHTvwDEadLpTW66GBU
[2m2025-11-26T11:23:35.887664Z[0m [32m INFO[0m [2mscanner[0m[2m:[0m Registering new pool in known_pools: Cs3tbfSnWVPo4cR2ZuYuJGD42wkwQ4ZmizF91PesgMpc
[2m2025-11-26T11:23:35.887692Z[0m [32m INFO[0m [2mscanner[0m[2m:[0m Registering new pool in known_pools: 46Bk4BaXzAsLYbrf3UQvGZLPdEwt5nkeb2wHjiqpa5VG
[2m2025-11-26T11:23:35.887714Z[0m [32m INFO[0m [2mscanner[0m[2m:[0m Registering new pool in known_pools: G86oqnqDH4NxsnhJEtMBPURwUfuJ8yd43ecsgg3kgRW4
[2m2025-11-26T11:23:39.052032Z[0m [32m INFO[0m [2mscanner::grpc[0m[2m:[0m Roundtrip ping for http://ny-rpc.notarb.org:10000/: 224ms
[2m2025-11-26T11:23:39.767759Z[0m [32m INFO[0m [2mscanner::process[0m[2m:[0m Processing Signature: 2GQiSKJtp5XJQ1V5cqaYKWw51oKqVbKWJy4CkvtsJbCAk8bMTKZp4LDwWA5Zf7upUrdEeXMMzERDQ773fdndjoCe
[2m2025-11-26T11:23:39.767879Z[0m [32m INFO[0m [2mscanner::process[0m[2m:[0m DexSwap { swap_program_id: pAMMBay6oceH9fJKBRHGP5D4bD4sWpmSwMn52FMfXEA, pools: [EKEWCDNzVM2Ps1vesPAJsW1vaodPvSZTTdz1en1uoYEY, 7z3e5Gz1apGD64nrJ9jJu32izQvmbkVzLC8e8LY7etB1], pool_owner: GnZtZxn5kSonEzSrLCdFrhusLMzeWtxCu4zgm1kpRYdk, token_in: TokenAmount { mint: VZRHTQcxN8oRFrgkVd3L6Rv6D87muSiLhg6mvV5pump, amount: 37957504353 }, token_out: TokenAmount { mint: So11111111111111111111111111111111111111112, amount: 28358512 }, fees: [TokenAmount { mint: VZRHTQcxN8oRFrgkVd3L6Rv6D87muSiLhg6mvV5pump, amount: 56045 }, TokenAmount { mint: So11111111111111111111111111111111111111112, amount: 14012 }, TokenAmount { mint: So11111111111111111111111111111111111111112, amount: 266212 }], vault_accounts: [] }
[2m2025-11-26T11:23:39.768026Z[0m [32m INFO[0m [2mscanner::process[0m[2m:[0m VZRHTQcxN8oRFrgkVd3L6Rv6D87muSiLhg6mvV5pump - So11111111111111111111111111111111111111112
[2m2025-11-26T11:23:39.768070Z[0m [32m INFO[0m [2mscanner::process[0m[2m:[0m Processing Signature: 2GQiSKJtp5XJQ1V5cqaYKWw51oKqVbKWJy4CkvtsJbCAk8bMTKZp4LDwWA5Zf7upUrdEeXMMzERDQ773fdndjoCe
[2m2025-11-26T11:23:39.768096Z[0m [32m INFO[0m [2mscanner::process[0m[2m:[0m DexSwap { swap_program_id: pAMMBay6oceH9fJKBRHGP5D4bD4sWpmSwMn52FMfXEA, pools: [FkK7KU2kLbZd19RtNnEhWMoywdKVkRn9D2Z9Sgvf8bni, eYDmoaX4XTr5GjFJNt5wu2vtJdeHkigv4JBQ9AAV9fP], pool_owner: Fnpfhvktk1G8AdUFtfb5TFHZk8hRSitNVksYUu3BZ33A, token_in: TokenAmount { mint: VZRHTQcxN8oRFrgkVd3L6Rv6D87muSiLhg6mvV5pump, amount: 37957504353 }, token_out: TokenAmount { mint: So11111111111111111111111111111111111111112, amount: 0 }, fees: [TokenAmount { mint: VZRHTQcxN8oRFrgkVd3L6Rv6D87muSiLhg6mvV5pump, amount: 1 }, TokenAmount { mint: So11111111111111111111111111111111111111112, amount: 1 }], vault_accounts: [] }
[2m2025-11-26T11:23:39.768204Z[0m [32m INFO[0m [2mscanner::process[0m[2m:[0m VZRHTQcxN8oRFrgkVd3L6Rv6D87muSiLhg6mvV5pump - So11111111111111111111111111111111111111112
[2m2025-11-26T11:23:39.768296Z[0m [32m INFO[0m [2mscanner[0m[2m:[0m Registering new pool in known_pools: EKEWCDNzVM2Ps1vesPAJsW1vaodPvSZTTdz1en1uoYEY
[2m2025-11-26T11:23:39.768338Z[0m [32m INFO[0m [2mscanner[0m[2m:[0m Registering new pool in known_pools: 7z3e5Gz1apGD64nrJ9jJu32izQvmbkVzLC8e8LY7etB1
[2m2025-11-26T11:23:39.768379Z[0m [32m INFO[0m [2mscanner[0m[2m:[0m Registering new pool in known_pools: FkK7KU2kLbZd19RtNnEhWMoywdKVkRn9D2Z9Sgvf8bni
[2m2025-11-26T11:23:39.768408Z[0m [32m INFO[0m [2mscanner[0m[2m:[0m Registering new pool in known_pools: eYDmoaX4XTr5GjFJNt5wu2vtJdeHkigv4JBQ9AAV9fP
[2m2025-11-26T11:23:42.070066Z[0m [32m INFO[0m [2mscanner::process[0m[2m:[0m Processing Signature: 42r5oSxM179kCKRuzHBdNwu9vCfNCy5RGKEgt4WazKKaFr8HuaBwTH4vdU2WCZoiZcrFs4LJG7C75vqWyuQ57DWp
[2m2025-11-26T11:23:42.070227Z[0m [32m INFO[0m [2mscanner::process[0m[2m:[0m DexSwap { swap_program_id: CPMMoo8L3F4NbTegBCKVNunggL7H1ZpdTHKxQB5qKP1C, pools: [HCX2xH3ykNQessV4auSa4kLd6fQWDqx4NqrRNAaDkdA8, 8hBe12uGwSiyALXH8mRv39GSWFYh5omvBt1fbm76zwWF], pool_owner: RaVenxw8kykBbW7KGBaBsb7fDkkBYK4uJVDSFun6ZxR, token_in: TokenAmount { mint: So11111111111111111111111111111111111111112, amount: 49107920 }, token_out: TokenAmount { mint: 44sHXMkPeciUpqhecfCysVs7RcaxeM24VPMauQouBREV, amount: 37392922390586 }, fees: [], vault_accounts: [] }
[2m2025-11-26T11:23:42.070386Z[0m [32m INFO[0m [2mscanner::process[0m[2m:[0m So11111111111111111111111111111111111111112 - 44sHXMkPeciUpqhecfCysVs7RcaxeM24VPMauQouBREV
[2m2025-11-26T11:23:42.070449Z[0m [32m INFO[0m [2mscanner::process[0m[2m:[0m Processing Signature: 42r5oSxM179kCKRuzHBdNwu9vCfNCy5RGKEgt4WazKKaFr8HuaBwTH4vdU2WCZoiZcrFs4LJG7C75vqWyuQ57DWp
[2m2025-11-26T11:23:42.070489Z[0m [32m INFO[0m [2mscanner::process[0m[2m:[0m DexSwap { swap_program_id: cpamdpZCGKUy5JxQXB4dcpGPiikHawvSWAd6mEn1sGG, pools: [Cj5A73Jo3uNLxGHV7ovb1kz3Sux4oe5zPSA3pCPe9SYM, 5uB2E4mE27bKzHGEMZScJvcmPUfaQkyyTEyQSa1fcy2c], pool_owner: HT9VvBZzdGKPu2xr1gPBB9FsL5C6Z4DJFpDjxyLcCQeS, token_in: TokenAmount { mint: 44sHXMkPeciUpqhecfCysVs7RcaxeM24VPMauQouBREV, amount: 36645063942774 }, token_out: TokenAmount { mint: 9yZ5Ru8pbmJZ6Q2DKLCGXkaLNwkm83cnJ4QCw4PFpump, amount: 8898262678 }, fees: [TokenAmount { mint: 44sHXMkPeciUpqhecfCysVs7RcaxeM24VPMauQouBREV, amount: 17908845 }, TokenAmount { mint: 44sHXMkPeciUpqhecfCysVs7RcaxeM24VPMauQouBREV, amount: 4477211 }], vault_accounts: [] }
[2m2025-11-26T11:23:42.070672Z[0m [32m INFO[0m [2mscanner::process[0m[2m:[0m 44sHXMkPeciUpqhecfCysVs7RcaxeM24VPMauQouBREV - 9yZ5Ru8pbmJZ6Q2DKLCGXkaLNwkm83cnJ4QCw4PFpump
[2m2025-11-26T11:23:42.070727Z[0m [32m INFO[0m [2mscanner::process[0m[2m:[0m Processing Signature: 42r5oSxM179kCKRuzHBdNwu9vCfNCy5RGKEgt4WazKKaFr8HuaBwTH4vdU2WCZoiZcrFs4LJG7C75vqWyuQ57DWp
[2m2025-11-26T11:23:42.070758Z[0m [32m INFO[0m [2mscanner::process[0m[2m:[0m DexSwap { swap_program_id: pAMMBay6oceH9fJKBRHGP5D4bD4sWpmSwMn52FMfXEA, pools: [3gjSbwdZ8c1fLnjBaYAa35jWZJXSictLs2WnsbrVnRUT, 9ho1rPVHGK2KrjDFPaJ8PhfotU8YsuukFAWdnCxeuThy], pool_owner: 2FUgN9XQGNqDxnpoCcXQziEUAH3DSnUxt5HJ9bY9vcFw, token_in: TokenAmount { mint: 9yZ5Ru8pbmJZ6Q2DKLCGXkaLNwkm83cnJ4QCw4PFpump, amount: 8898262678 }, token_out: TokenAmount { mint: So11111111111111111111111111111111111111112, amount: 47937726 }, fees: [TokenAmount { mint: 9yZ5Ru8pbmJZ6Q2DKLCGXkaLNwkm83cnJ4QCw4PFpump, amount: 96844 }, TokenAmount { mint: So11111111111111111111111111111111111111112, amount: 24211 }, TokenAmount { mint: So11111111111111111111111111111111111111112, amount: 363165 }], vault_accounts: [] }
[2m2025-11-26T11:23:42.070905Z[0m [32m INFO[0m [2mscanner::process[0m[2m:[0m 9yZ5Ru8pbmJZ6Q2DKLCGXkaLNwkm83cnJ4QCw4PFpump - So11111111111111111111111111111111111111112
[2m2025-11-26T11:23:42.070997Z[0m [32m INFO[0m [2mscanner[0m[2m:[0m Found intermediate mint: 9yZ5Ru8pbmJZ6Q2DKLCGXkaLNwkm83cnJ4QCw4PFpump with 0 decimals and 0 token accounts
[2m2025-11-26T11:23:42.071054Z[0m [33m WARN[0m [2mscanner[0m[2m:[0m No token accounts found for intermediate mint: 9yZ5Ru8pbmJZ6Q2DKLCGXkaLNwkm83cnJ4QCw4PFpump
[2m2025-11-26T11:23:42.071099Z[0m [32m INFO[0m [2mscanner[0m[2m:[0m Found intermediate mint: 44sHXMkPeciUpqhecfCysVs7RcaxeM24VPMauQouBREV with 0 decimals and 0 token accounts
[2m2025-11-26T11:23:42.071141Z[0m [33m WARN[0m [2mscanner[0m[2m:[0m No token accounts found for intermediate mint: 44sHXMkPeciUpqhecfCysVs7RcaxeM24VPMauQouBREV
[2m2025-11-26T11:23:42.072146Z[0m [32m INFO[0m [2mscanner::process[0m[2m:[0m Processing Signature: 2NnjwSxff2tHBDxosJ21ECPMWKb9esY3XuVNumaqkwBBrmJ7ds6vDnNzbmQZHWXBMbfHJHkfS7eNmmP9vXDYw1zw
[2m2025-11-26T11:23:42.072211Z[0m [32m INFO[0m [2mscanner::process[0m[2m:[0m DexSwap { swap_program_id: CPMMoo8L3F4NbTegBCKVNunggL7H1ZpdTHKxQB5qKP1C, pools: [HCX2xH3ykNQessV4auSa4kLd6fQWDqx4NqrRNAaDkdA8, 8hBe12uGwSiyALXH8mRv39GSWFYh5omvBt1fbm76zwWF], pool_owner: RaVenxw8kykBbW7KGBaBsb7fDkkBYK4uJVDSFun6ZxR, token_in: TokenAmount { mint: So11111111111111111111111111111111111111112, amount: 49107920 }, token_out: TokenAmount { mint: 44sHXMkPeciUpqhecfCysVs7RcaxeM24VPMauQouBREV, amount: 37392922390586 }, fees: [], vault_accounts: [] }
[2m2025-11-26T11:23:42.072325Z[0m [32m INFO[0m [2mscanner::process[0m[2m:[0m So11111111111111111111111111111111111111112 - 44sHXMkPeciUpqhecfCysVs7RcaxeM24VPMauQouBREV
[2m2025-11-26T11:23:42.072373Z[0m [32m INFO[0m [2mscanner::process[0m[2m:[0m Processing Signature: 2NnjwSxff2tHBDxosJ21ECPMWKb9esY3XuVNumaqkwBBrmJ7ds6vDnNzbmQZHWXBMbfHJHkfS7eNmmP9vXDYw1zw
[2m2025-11-26T11:23:42.072402Z[0m [32m INFO[0m [2mscanner::process[0m[2m:[0m DexSwap { swap_program_id: cpamdpZCGKUy5JxQXB4dcpGPiikHawvSWAd6mEn1sGG, pools: [Cj5A73Jo3uNLxGHV7ovb1kz3Sux4oe5zPSA3pCPe9SYM, 5uB2E4mE27bKzHGEMZScJvcmPUfaQkyyTEyQSa1fcy2c], pool_owner: HT9VvBZzdGKPu2xr1gPBB9FsL5C6Z4DJFpDjxyLcCQeS, token_in: TokenAmount { mint: 44sHXMkPeciUpqhecfCysVs7RcaxeM24VPMauQouBREV, amount: 36645063942774 }, token_out: TokenAmount { mint: 9yZ5Ru8pbmJZ6Q2DKLCGXkaLNwkm83cnJ4QCw4PFpump, amount: 8898262678 }, fees: [TokenAmount { mint: 44sHXMkPeciUpqhecfCysVs7RcaxeM24VPMauQouBREV, amount: 17908845 }, TokenAmount { mint: 44sHXMkPeciUpqhecfCysVs7RcaxeM24VPMauQouBREV, amount: 4477211 }], vault_accounts: [] }
[2m2025-11-26T11:23:42.072540Z[0m [32m INFO[0m [2mscanner::process[0m[2m:[0m 44sHXMkPeciUpqhecfCysVs7RcaxeM24VPMauQouBREV - 9yZ5Ru8pbmJZ6Q2DKLCGXkaLNwkm83cnJ4QCw4PFpump
[2m2025-11-26T11:23:42.072585Z[0m [32m INFO[0m [2mscanner::process[0m[2m:[0m Processing Signature: 2NnjwSxff2tHBDxosJ21ECPMWKb9esY3XuVNumaqkwBBrmJ7ds6vDnNzbmQZHWXBMbfHJHkfS7eNmmP9vXDYw1zw
[2m2025-11-26T11:23:42.072611Z[0m [32m INFO[0m [2mscanner::process[0m[2m:[0m DexSwap { swap_program_id: pAMMBay6oceH9fJKBRHGP5D4bD4sWpmSwMn52FMfXEA, pools: [3gjSbwdZ8c1fLnjBaYAa35jWZJXSictLs2WnsbrVnRUT, 9ho1rPVHGK2KrjDFPaJ8PhfotU8YsuukFAWdnCxeuThy], pool_owner: 2FUgN9XQGNqDxnpoCcXQziEUAH3DSnUxt5HJ9bY9vcFw, token_in: TokenAmount { mint: 9yZ5Ru8pbmJZ6Q2DKLCGXkaLNwkm83cnJ4QCw4PFpump, amount: 8898262678 }, token_out: TokenAmount { mint: So11111111111111111111111111111111111111112, amount: 47937726 }, fees: [TokenAmount { mint: 9yZ5Ru8pbmJZ6Q2DKLCGXkaLNwkm83cnJ4QCw4PFpump, amount: 96844 }, TokenAmount { mint: So11111111111111111111111111111111111111112, amount: 24211 }, TokenAmount { mint: So11111111111111111111111111111111111111112, amount: 363165 }], vault_accounts: [] }
[2m2025-11-26T11:23:42.072746Z[0m [32m INFO[0m [2mscanner::process[0m[2m:[0m 9yZ5Ru8pbmJZ6Q2DKLCGXkaLNwkm83cnJ4QCw4PFpump - So11111111111111111111111111111111111111112
[2m2025-11-26T11:23:42.072817Z[0m [32m INFO[0m [2mscanner[0m[2m:[0m Found intermediate mint: 9yZ5Ru8pbmJZ6Q2DKLCGXkaLNwkm83cnJ4QCw4PFpump with 0 decimals and 0 token accounts
[2m2025-11-26T11:23:42.072865Z[0m [33m WARN[0m [2mscanner[0m[2m:[0m No token accounts found for intermediate mint: 9yZ5Ru8pbmJZ6Q2DKLCGXkaLNwkm83cnJ4QCw4PFpump
[2m2025-11-26T11:23:42.072903Z[0m [32m INFO[0m [2mscanner[0m[2m:[0m Found intermediate mint: 44sHXMkPeciUpqhecfCysVs7RcaxeM24VPMauQouBREV with 0 decimals and 0 token accounts
[2m2025-11-26T11:23:42.072942Z[0m [33m WARN[0m [2mscanner[0m[2m:[0m No token accounts found for intermediate mint: 44sHXMkPeciUpqhecfCysVs7RcaxeM24VPMauQouBREV
[2m2025-11-26T11:23:42.295115Z[0m [32m INFO[0m [2mscanner::process[0m[2m:[0m Processing Signature: 4nU7h1N4tGs9PbxwrhfdMsPXkw3NtAaGS8gJbwW52qVX4CsgrzHoHGPtPkdcQ8Yfwj96MP9iv32jJ3Ng1wDHabcq
[2m2025-11-26T11:23:42.295296Z[0m [32m INFO[0m [2mscanner::process[0m[2m:[0m DexSwap { swap_program_id: CPMMoo8L3F4NbTegBCKVNunggL7H1ZpdTHKxQB5qKP1C, pools: [HCX2xH3ykNQessV4auSa4kLd6fQWDqx4NqrRNAaDkdA8, 8hBe12uGwSiyALXH8mRv39GSWFYh5omvBt1fbm76zwWF], pool_owner: RaVenxw8kykBbW7KGBaBsb7fDkkBYK4uJVDSFun6ZxR, token_in: TokenAmount { mint: So11111111111111111111111111111111111111112, amount: 49107920 }, token_out: TokenAmount { mint: 44sHXMkPeciUpqhecfCysVs7RcaxeM24VPMauQouBREV, amount: 37392922390586 }, fees: [], vault_accounts: [] }
[2m2025-11-26T11:23:42.295578Z[0m [32m INFO[0m [2mscanner::process[0m[2m:[0m So11111111111111111111111111111111111111112 - 44sHXMkPeciUpqhecfCysVs7RcaxeM24VPMauQouBREV
[2m2025-11-26T11:23:42.295689Z[0m [32m INFO[0m [2mscanner::process[0m[2m:[0m Processing Signature: 4nU7h1N4tGs9PbxwrhfdMsPXkw3NtAaGS8gJbwW52qVX4CsgrzHoHGPtPkdcQ8Yfwj96MP9iv32jJ3Ng1wDHabcq
[2m2025-11-26T11:23:42.295745Z[0m [32m INFO[0m [2mscanner::process[0m[2m:[0m DexSwap { swap_program_id: cpamdpZCGKUy5JxQXB4dcpGPiikHawvSWAd6mEn1sGG, pools: [Cj5A73Jo3uNLxGHV7ovb1kz3Sux4oe5zPSA3pCPe9SYM, 5uB2E4mE27bKzHGEMZScJvcmPUfaQkyyTEyQSa1fcy2c], pool_owner: HT9VvBZzdGKPu2xr1gPBB9FsL5C6Z4DJFpDjxyLcCQeS, token_in: TokenAmount { mint: 44sHXMkPeciUpqhecfCysVs7RcaxeM24VPMauQouBREV, amount: 36645063942774 }, token_out: TokenAmount { mint: 9yZ5Ru8pbmJZ6Q2DKLCGXkaLNwkm83cnJ4QCw4PFpump, amount: 8898262678 }, fees: [TokenAmount { mint: 44sHXMkPeciUpqhecfCysVs7RcaxeM24VPMauQouBREV, amount: 17908845 }, TokenAmount { mint: 44sHXMkPeciUpqhecfCysVs7RcaxeM24VPMauQouBREV, amount: 4477211 }], vault_accounts: [] }
[2m2025-11-26T11:23:42.296033Z[0m [32m INFO[0m [2mscanner::process[0m[2m:[0m 44sHXMkPeciUpqhecfCysVs7RcaxeM24VPMauQouBREV - 9yZ5Ru8pbmJZ6Q2DKLCGXkaLNwkm83cnJ4QCw4PFpump
[2m2025-11-26T11:23:42.296121Z[0m [32m INFO[0m [2mscanner::process[0m[2m:[0m Processing Signature: 4nU7h1N4tGs9PbxwrhfdMsPXkw3NtAaGS8gJbwW52qVX4CsgrzHoHGPtPkdcQ8Yfwj96MP9iv32jJ3Ng1wDHabcq
[2m2025-11-26T11:23:42.296171Z[0m [32m INFO[0m [2mscanner::process[0m[2m:[0m DexSwap { swap_program_id: pAMMBay6oceH9fJKBRHGP5D4bD4sWpmSwMn52FMfXEA, pools: [3gjSbwdZ8c1fLnjBaYAa35jWZJXSictLs2WnsbrVnRUT, 9ho1rPVHGK2KrjDFPaJ8PhfotU8YsuukFAWdnCxeuThy], pool_owner: 2FUgN9XQGNqDxnpoCcXQziEUAH3DSnUxt5HJ9bY9vcFw, token_in: TokenAmount { mint: 9yZ5Ru8pbmJZ6Q2DKLCGXkaLNwkm83cnJ4QCw4PFpump, amount: 8898262678 }, token_out: TokenAmount { mint: So11111111111111111111111111111111111111112, amount: 47937726 }, fees: [TokenAmount { mint: 9yZ5Ru8pbmJZ6Q2DKLCGXkaLNwkm83cnJ4QCw4PFpump, amount: 96844 }, TokenAmount { mint: So11111111111111111111111111111111111111112, amount: 24211 }, TokenAmount { mint: So11111111111111111111111111111111111111112, amount: 363165 }], vault_accounts: [] }
[2m2025-11-26T11:23:42.296492Z[0m [32m INFO[0m [2mscanner::process[0m[2m:[0m 9yZ5Ru8pbmJZ6Q2DKLCGXkaLNwkm83cnJ4QCw4PFpump - So11111111111111111111111111111111111111112
[2m2025-11-26T11:23:42.296649Z[0m [32m INFO[0m [2mscanner[0m[2m:[0m Found intermediate mint: 44sHXMkPeciUpqhecfCysVs7RcaxeM24VPMauQouBREV with 0 decimals and 0 token accounts
[2m2025-11-26T11:23:42.296732Z[0m [33m WARN[0m [2mscanner[0m[2m:[0m No token accounts found for intermediate mint: 44sHXMkPeciUpqhecfCysVs7RcaxeM24VPMauQouBREV
[2m2025-11-26T11:23:42.296807Z[0m [32m INFO[0m [2mscanner[0m[2m:[0m Found intermediate mint: 9yZ5Ru8pbmJZ6Q2DKLCGXkaLNwkm83cnJ4QCw4PFpump with 0 decimals and 0 token accounts
[2m2025-11-26T11:23:42.296880Z[0m [33m WARN[0m [2mscanner[0m[2m:[0m No token accounts found for intermediate mint: 9yZ5Ru8pbmJZ6Q2DKLCGXkaLNwkm83cnJ4QCw4PFpump
[2m2025-11-26T11:23:42.303391Z[0m [32m INFO[0m [2mscanner::process[0m[2m:[0m Processing Signature: 5cfjh8jToqYuoYJKvbvydeVZMBmNMbrRxEe4xPpzux2kFAJzsXkMiy1feXk5XbG7QpohTDGtzP5C5LAkAQhMRqmH
[2m2025-11-26T11:23:42.303504Z[0m [32m INFO[0m [2mscanner::process[0m[2m:[0m DexSwap { swap_program_id: CPMMoo8L3F4NbTegBCKVNunggL7H1ZpdTHKxQB5qKP1C, pools: [HCX2xH3ykNQessV4auSa4kLd6fQWDqx4NqrRNAaDkdA8, 8hBe12uGwSiyALXH8mRv39GSWFYh5omvBt1fbm76zwWF], pool_owner: RaVenxw8kykBbW7KGBaBsb7fDkkBYK4uJVDSFun6ZxR, token_in: TokenAmount { mint: So11111111111111111111111111111111111111112, amount: 49107920 }, token_out: TokenAmount { mint: 44sHXMkPeciUpqhecfCysVs7RcaxeM24VPMauQouBREV, amount: 37392922390586 }, fees: [], vault_accounts: [] }
[2m2025-11-26T11:23:42.303662Z[0m [32m INFO[0m [2mscanner::process[0m[2m:[0m So11111111111111111111111111111111111111112 - 44sHXMkPeciUpqhecfCysVs7RcaxeM24VPMauQouBREV
[2m2025-11-26T11:23:42.303731Z[0m [32m INFO[0m [2mscanner::process[0m[2m:[0m Processing Signature: 5cfjh8jToqYuoYJKvbvydeVZMBmNMbrRxEe4xPpzux2kFAJzsXkMiy1feXk5XbG7QpohTDGtzP5C5LAkAQhMRqmH
[2m2025-11-26T11:23:42.303770Z[0m [32m INFO[0m [2mscanner::process[0m[2m:[0m DexSwap { swap_program_id: cpamdpZCGKUy5JxQXB4dcpGPiikHawvSWAd6mEn1sGG, pools: [Cj5A73Jo3uNLxGHV7ovb1kz3Sux4oe5zPSA3pCPe9SYM, 5uB2E4mE27bKzHGEMZScJvcmPUfaQkyyTEyQSa1fcy2c], pool_owner: HT9VvBZzdGKPu2xr1gPBB9FsL5C6Z4DJFpDjxyLcCQeS, token_in: TokenAmount { mint: 44sHXMkPeciUpqhecfCysVs7RcaxeM24VPMauQouBREV, amount: 36645063942774 }, token_out: TokenAmount { mint: 9yZ5Ru8pbmJZ6Q2DKLCGXkaLNwkm83cnJ4QCw4PFpump, amount: 8898262678 }, fees: [TokenAmount { mint: 44sHXMkPeciUpqhecfCysVs7RcaxeM24VPMauQouBREV, amount: 17908845 }, TokenAmount { mint: 44sHXMkPeciUpqhecfCysVs7RcaxeM24VPMauQouBREV, amount: 4477211 }], vault_accounts: [] }
[2m2025-11-26T11:23:42.303908Z[0m [32m INFO[0m [2mscanner::process[0m[2m:[0m 44sHXMkPeciUpqhecfCysVs7RcaxeM24VPMauQouBREV - 9yZ5Ru8pbmJZ6Q2DKLCGXkaLNwkm83cnJ4QCw4PFpump
[2m2025-11-26T11:23:42.303953Z[0m [32m INFO[0m [2mscanner::process[0m[2m:[0m Processing Signature: 5cfjh8jToqYuoYJKvbvydeVZMBmNMbrRxEe4xPpzux2kFAJzsXkMiy1feXk5XbG7QpohTDGtzP5C5LAkAQhMRqmH
[2m2025-11-26T11:23:42.303982Z[0m [32m INFO[0m [2mscanner::process[0m[2m:[0m DexSwap { swap_program_id: pAMMBay6oceH9fJKBRHGP5D4bD4sWpmSwMn52FMfXEA, pools: [3gjSbwdZ8c1fLnjBaYAa35jWZJXSictLs2WnsbrVnRUT, 9ho1rPVHGK2KrjDFPaJ8PhfotU8YsuukFAWdnCxeuThy], pool_owner: 2FUgN9XQGNqDxnpoCcXQziEUAH3DSnUxt5HJ9bY9vcFw, token_in: TokenAmount { mint: 9yZ5Ru8pbmJZ6Q2DKLCGXkaLNwkm83cnJ4QCw4PFpump, amount: 8898262678 }, token_out: TokenAmount { mint: So11111111111111111111111111111111111111112, amount: 47937726 }, fees: [TokenAmount { mint: 9yZ5Ru8pbmJZ6Q2DKLCGXkaLNwkm83cnJ4QCw4PFpump, amount: 96844 }, TokenAmount { mint: So11111111111111111111111111111111111111112, amount: 24211 }, TokenAmount { mint: So11111111111111111111111111111111111111112, amount: 363165 }], vault_accounts: [] }
[2m2025-11-26T11:23:42.304128Z[0m [32m INFO[0m [2mscanner::process[0m[2m:[0m 9yZ5Ru8pbmJZ6Q2DKLCGXkaLNwkm83cnJ4QCw4PFpump - So11111111111111111111111111111111111111112
[2m2025-11-26T11:23:42.304201Z[0m [32m INFO[0m [2mscanner[0m[2m:[0m Found intermediate mint: 9yZ5Ru8pbmJZ6Q2DKLCGXkaLNwkm83cnJ4QCw4PFpump with 0 decimals and 0 token accounts
[2m2025-11-26T11:23:42.304253Z[0m [33m WARN[0m [2mscanner[0m[2m:[0m No token accounts found for intermediate mint: 9yZ5Ru8pbmJZ6Q2DKLCGXkaLNwkm83cnJ4QCw4PFpump
[2m2025-11-26T11:23:42.304296Z[0m [32m INFO[0m [2mscanner[0m[2m:[0m Found intermediate mint: 44sHXMkPeciUpqhecfCysVs7RcaxeM24VPMauQouBREV with 0 decimals and 0 token accounts
[2m2025-11-26T11:23:42.304336Z[0m [33m WARN[0m [2mscanner[0m[2m:[0m No token accounts found for intermediate mint: 44sHXMkPeciUpqhecfCysVs7RcaxeM24VPMauQouBREV
[2m2025-11-26T11:23:42.305293Z[0m [32m INFO[0m [2mscanner::process[0m[2m:[0m Processing Signature: 222RmPQyL9Rq6AmL896pc8DZUdqxKdERnrsmRWp7MSFvzUmaDLHkUyjSjViUiVvHo8UZN2sqj9bXGTKrLRxmAm4g
[2m2025-11-26T11:23:42.305352Z[0m [32m INFO[0m [2mscanner::process[0m[2m:[0m DexSwap { swap_program_id: CPMMoo8L3F4NbTegBCKVNunggL7H1ZpdTHKxQB5qKP1C, pools: [HCX2xH3ykNQessV4auSa4kLd6fQWDqx4NqrRNAaDkdA8, 8hBe12uGwSiyALXH8mRv39GSWFYh5omvBt1fbm76zwWF], pool_owner: RaVenxw8kykBbW7KGBaBsb7fDkkBYK4uJVDSFun6ZxR, token_in: TokenAmount { mint: So11111111111111111111111111111111111111112, amount: 49107920 }, token_out: TokenAmount { mint: 44sHXMkPeciUpqhecfCysVs7RcaxeM24VPMauQouBREV, amount: 37392922390586 }, fees: [], vault_accounts: [] }
[2m2025-11-26T11:23:42.305504Z[0m [32m INFO[0m [2mscanner::process[0m[2m:[0m So11111111111111111111111111111111111111112 - 44sHXMkPeciUpqhecfCysVs7RcaxeM24VPMauQouBREV
[2m2025-11-26T11:23:42.305555Z[0m [32m INFO[0m [2mscanner::process[0m[2m:[0m Processing Signature: 222RmPQyL9Rq6AmL896pc8DZUdqxKdERnrsmRWp7MSFvzUmaDLHkUyjSjViUiVvHo8UZN2sqj9bXGTKrLRxmAm4g
[2m2025-11-26T11:23:42.305584Z[0m [32m INFO[0m [2mscanner::process[0m[2m:[0m DexSwap { swap_program_id: cpamdpZCGKUy5JxQXB4dcpGPiikHawvSWAd6mEn1sGG, pools: [Cj5A73Jo3uNLxGHV7ovb1kz3Sux4oe5zPSA3pCPe9SYM, 5uB2E4mE27bKzHGEMZScJvcmPUfaQkyyTEyQSa1fcy2c], pool_owner: HT9VvBZzdGKPu2xr1gPBB9FsL5C6Z4DJFpDjxyLcCQeS, token_in: TokenAmount { mint: 44sHXMkPeciUpqhecfCysVs7RcaxeM24VPMauQouBREV, amount: 36645063942774 }, token_out: TokenAmount { mint: 9yZ5Ru8pbmJZ6Q2DKLCGXkaLNwkm83cnJ4QCw4PFpump, amount: 8898262678 }, fees: [TokenAmount { mint: 44sHXMkPeciUpqhecfCysVs7RcaxeM24VPMauQouBREV, amount: 17908845 }, TokenAmount { mint: 44sHXMkPeciUpqhecfCysVs7RcaxeM24VPMauQouBREV, amount: 4477211 }], vault_accounts: [] }
[2m2025-11-26T11:23:42.305718Z[0m [32m INFO[0m [2mscanner::process[0m[2m:[0m 44sHXMkPeciUpqhecfCysVs7RcaxeM24VPMauQouBREV - 9yZ5Ru8pbmJZ6Q2DKLCGXkaLNwkm83cnJ4QCw4PFpump
[2m2025-11-26T11:23:42.305765Z[0m [32m INFO[0m [2mscanner::process[0m[2m:[0m Processing Signature: 222RmPQyL9Rq6AmL896pc8DZUdqxKdERnrsmRWp7MSFvzUmaDLHkUyjSjViUiVvHo8UZN2sqj9bXGTKrLRxmAm4g
[2m2025-11-26T11:23:42.305793Z[0m [32m INFO[0m [2mscanner::process[0m[2m:[0m DexSwap { swap_program_id: pAMMBay6oceH9fJKBRHGP5D4bD4sWpmSwMn52FMfXEA, pools: [3gjSbwdZ8c1fLnjBaYAa35jWZJXSictLs2WnsbrVnRUT, 9ho1rPVHGK2KrjDFPaJ8PhfotU8YsuukFAWdnCxeuThy], pool_owner: 2FUgN9XQGNqDxnpoCcXQziEUAH3DSnUxt5HJ9bY9vcFw, token_in: TokenAmount { mint: 9yZ5Ru8pbmJZ6Q2DKLCGXkaLNwkm83cnJ4QCw4PFpump, amount: 8898262678 }, token_out: TokenAmount { mint: So11111111111111111111111111111111111111112, amount: 47937726 }, fees: [TokenAmount { mint: 9yZ5Ru8pbmJZ6Q2DKLCGXkaLNwkm83cnJ4QCw4PFpump, amount: 96844 }, TokenAmount { mint: So11111111111111111111111111111111111111112, amount: 24211 }, TokenAmount { mint: So11111111111111111111111111111111111111112, amount: 363165 }], vault_accounts: [] }
[2m2025-11-26T11:23:42.305930Z[0m [32m INFO[0m [2mscanner::process[0m[2m:[0m 9yZ5Ru8pbmJZ6Q2DKLCGXkaLNwkm83cnJ4QCw4PFpump - So11111111111111111111111111111111111111112
[2m2025-11-26T11:23:42.305993Z[0m [32m INFO[0m [2mscanner[0m[2m:[0m Found intermediate mint: 9yZ5Ru8pbmJZ6Q2DKLCGXkaLNwkm83cnJ4QCw4PFpump with 0 decimals and 0 token accounts
[2m2025-11-26T11:23:42.306038Z[0m [33m WARN[0m [2mscanner[0m[2m:[0m No token accounts found for intermediate mint: 9yZ5Ru8pbmJZ6Q2DKLCGXkaLNwkm83cnJ4QCw4PFpump
[2m2025-11-26T11:23:42.306074Z[0m [32m INFO[0m [2mscanner[0m[2m:[0m Found intermediate mint: 44sHXMkPeciUpqhecfCysVs7RcaxeM24VPMauQouBREV with 0 decimals and 0 token accounts
[2m2025-11-26T11:23:42.306112Z[0m [33m WARN[0m [2mscanner[0m[2m:[0m No token accounts found for intermediate mint: 44sHXMkPeciUpqhecfCysVs7RcaxeM24VPMauQouBREV
[2m2025-11-26T11:23:42.681679Z[0m [32m INFO[0m [2mscanner::process[0m[2m:[0m Processing Signature: 5Re6Vj5RMywrpStup9VqF37isdPHk6YCfzgNRELCaF9c6wG9MPyrbsMEf9cZRAZcmvVfsSzYfD2WMNMPPPU6Fa3L
[2m2025-11-26T11:23:42.681836Z[0m [32m INFO[0m [2mscanner::process[0m[2m:[0m DexSwap { swap_program_id: CPMMoo8L3F4NbTegBCKVNunggL7H1ZpdTHKxQB5qKP1C, pools: [HCX2xH3ykNQessV4auSa4kLd6fQWDqx4NqrRNAaDkdA8, 8hBe12uGwSiyALXH8mRv39GSWFYh5omvBt1fbm76zwWF], pool_owner: RaVenxw8kykBbW7KGBaBsb7fDkkBYK4uJVDSFun6ZxR, token_in: TokenAmount { mint: So11111111111111111111111111111111111111112, amount: 49107920 }, token_out: TokenAmount { mint: 44sHXMkPeciUpqhecfCysVs7RcaxeM24VPMauQouBREV, amount: 37392922390586 }, fees: [], vault_accounts: [] }
[2m2025-11-26T11:23:42.681996Z[0m [32m INFO[0m [2mscanner::process[0m[2m:[0m So11111111111111111111111111111111111111112 - 44sHXMkPeciUpqhecfCysVs7RcaxeM24VPMauQouBREV
[2m2025-11-26T11:23:42.682062Z[0m [32m INFO[0m [2mscanner::process[0m[2m:[0m Processing Signature: 5Re6Vj5RMywrpStup9VqF37isdPHk6YCfzgNRELCaF9c6wG9MPyrbsMEf9cZRAZcmvVfsSzYfD2WMNMPPPU6Fa3L
[2m2025-11-26T11:23:42.682098Z[0m [32m INFO[0m [2mscanner::process[0m[2m:[0m DexSwap { swap_program_id: cpamdpZCGKUy5JxQXB4dcpGPiikHawvSWAd6mEn1sGG, pools: [Cj5A73Jo3uNLxGHV7ovb1kz3Sux4oe5zPSA3pCPe9SYM, 5uB2E4mE27bKzHGEMZScJvcmPUfaQkyyTEyQSa1fcy2c], pool_owner: HT9VvBZzdGKPu2xr1gPBB9FsL5C6Z4DJFpDjxyLcCQeS, token_in: TokenAmount { mint: 44sHXMkPeciUpqhecfCysVs7RcaxeM24VPMauQouBREV, amount: 36645063942774 }, token_out: TokenAmount { mint: 9yZ5Ru8pbmJZ6Q2DKLCGXkaLNwkm83cnJ4QCw4PFpump, amount: 8898262678 }, fees: [TokenAmount { mint: 44sHXMkPeciUpqhecfCysVs7RcaxeM24VPMauQouBREV, amount: 17908845 }, TokenAmount { mint: 44sHXMkPeciUpqhecfCysVs7RcaxeM24VPMauQouBREV, amount: 4477211 }], vault_accounts: [] }
[2m2025-11-26T11:23:42.682248Z[0m [32m INFO[0m [2mscanner::process[0m[2m:[0m 44sHXMkPeciUpqhecfCysVs7RcaxeM24VPMauQouBREV - 9yZ5Ru8pbmJZ6Q2DKLCGXkaLNwkm83cnJ4QCw4PFpump
[2m2025-11-26T11:23:42.682298Z[0m [32m INFO[0m [2mscanner::process[0m[2m:[0m Processing Signature: 5Re6Vj5RMywrpStup9VqF37isdPHk6YCfzgNRELCaF9c6wG9MPyrbsMEf9cZRAZcmvVfsSzYfD2WMNMPPPU6Fa3L
[2m2025-11-26T11:23:42.682330Z[0m [32m INFO[0m [2mscanner::process[0m[2m:[0m DexSwap { swap_program_id: pAMMBay6oceH9fJKBRHGP5D4bD4sWpmSwMn52FMfXEA, pools: [3gjSbwdZ8c1fLnjBaYAa35jWZJXSictLs2WnsbrVnRUT, 9ho1rPVHGK2KrjDFPaJ8PhfotU8YsuukFAWdnCxeuThy], pool_owner: 2FUgN9XQGNqDxnpoCcXQziEUAH3DSnUxt5HJ9bY9vcFw, token_in: TokenAmount { mint: 9yZ5Ru8pbmJZ6Q2DKLCGXkaLNwkm83cnJ4QCw4PFpump, amount: 8898262678 }, token_out: TokenAmount { mint: So11111111111111111111111111111111111111112, amount: 47948968 }, fees: [TokenAmount { mint: 9yZ5Ru8pbmJZ6Q2DKLCGXkaLNwkm83cnJ4QCw4PFpump, amount: 96867 }, TokenAmount { mint: So11111111111111111111111111111111111111112, amount: 24217 }, TokenAmount { mint: So11111111111111111111111111111111111111112, amount: 363250 }], vault_accounts: [] }
[2m2025-11-26T11:23:42.682489Z[0m [32m INFO[0m [2mscanner::process[0m[2m:[0m 9yZ5Ru8pbmJZ6Q2DKLCGXkaLNwkm83cnJ4QCw4PFpump - So11111111111111111111111111111111111111112
[2m2025-11-26T11:23:42.682580Z[0m [32m INFO[0m [2mscanner[0m[2m:[0m Found intermediate mint: 44sHXMkPeciUpqhecfCysVs7RcaxeM24VPMauQouBREV with 0 decimals and 0 token accounts
[2m2025-11-26T11:23:42.682636Z[0m [33m WARN[0m [2mscanner[0m[2m:[0m No token accounts found for intermediate mint: 44sHXMkPeciUpqhecfCysVs7RcaxeM24VPMauQouBREV
[2m2025-11-26T11:23:42.682685Z[0m [32m INFO[0m [2mscanner[0m[2m:[0m Found intermediate mint: 9yZ5Ru8pbmJZ6Q2DKLCGXkaLNwkm83cnJ4QCw4PFpump with 0 decimals and 0 token accounts
[2m2025-11-26T11:23:42.682731Z[0m [33m WARN[0m [2mscanner[0m[2m:[0m No token accounts found for intermediate mint: 9yZ5Ru8pbmJZ6Q2DKLCGXkaLNwkm83cnJ4QCw4PFpump
[2m2025-11-26T11:23:42.683711Z[0m [32m INFO[0m [2mscanner::process[0m[2m:[0m Processing Signature: 5WhaFkcQjfk4BzJw4Nx28KNFafARsS9TDeDbNTr5nxHxRuiVPvYsD3hS4Q4uWNHbtG86gPxwdqT2yp1y9pkjw3Te
[2m2025-11-26T11:23:42.683787Z[0m [32m INFO[0m [2mscanner::process[0m[2m:[0m DexSwap { swap_program_id: CPMMoo8L3F4NbTegBCKVNunggL7H1ZpdTHKxQB5qKP1C, pools: [HCX2xH3ykNQessV4auSa4kLd6fQWDqx4NqrRNAaDkdA8, 8hBe12uGwSiyALXH8mRv39GSWFYh5omvBt1fbm76zwWF], pool_owner: RaVenxw8kykBbW7KGBaBsb7fDkkBYK4uJVDSFun6ZxR, token_in: TokenAmount { mint: So11111111111111111111111111111111111111112, amount: 49107920 }, token_out: TokenAmount { mint: 44sHXMkPeciUpqhecfCysVs7RcaxeM24VPMauQouBREV, amount: 37392922390586 }, fees: [], vault_accounts: [] }
[2m2025-11-26T11:23:42.683903Z[0m [32m INFO[0m [2mscanner::process[0m[2m:[0m So11111111111111111111111111111111111111112 - 44sHXMkPeciUpqhecfCysVs7RcaxeM24VPMauQouBREV
[2m2025-11-26T11:23:42.683953Z[0m [32m INFO[0m [2mscanner::process[0m[2m:[0m Processing Signature: 5WhaFkcQjfk4BzJw4Nx28KNFafARsS9TDeDbNTr5nxHxRuiVPvYsD3hS4Q4uWNHbtG86gPxwdqT2yp1y9pkjw3Te
[2m2025-11-26T11:23:42.683980Z[0m [32m INFO[0m [2mscanner::process[0m[2m:[0m DexSwap { swap_program_id: cpamdpZCGKUy5JxQXB4dcpGPiikHawvSWAd6mEn1sGG, pools: [Cj5A73Jo3uNLxGHV7ovb1kz3Sux4oe5zPSA3pCPe9SYM, 5uB2E4mE27bKzHGEMZScJvcmPUfaQkyyTEyQSa1fcy2c], pool_owner: HT9VvBZzdGKPu2xr1gPBB9FsL5C6Z4DJFpDjxyLcCQeS, token_in: TokenAmount { mint: 44sHXMkPeciUpqhecfCysVs7RcaxeM24VPMauQouBREV, amount: 36645063942774 }, token_out: TokenAmount { mint: 9yZ5Ru8pbmJZ6Q2DKLCGXkaLNwkm83cnJ4QCw4PFpump, amount: 8898262678 }, fees: [TokenAmount { mint: 44sHXMkPeciUpqhecfCysVs7RcaxeM24VPMauQouBREV, amount: 17908845 }, TokenAmount { mint: 44sHXMkPeciUpqhecfCysVs7RcaxeM24VPMauQouBREV, amount: 4477211 }], vault_accounts: [] }
[2m2025-11-26T11:23:42.684118Z[0m [32m INFO[0m [2mscanner::process[0m[2m:[0m 44sHXMkPeciUpqhecfCysVs7RcaxeM24VPMauQouBREV - 9yZ5Ru8pbmJZ6Q2DKLCGXkaLNwkm83cnJ4QCw4PFpump
[2m2025-11-26T11:23:42.684163Z[0m [32m INFO[0m [2mscanner::process[0m[2m:[0m Processing Signature: 5WhaFkcQjfk4BzJw4Nx28KNFafARsS9TDeDbNTr5nxHxRuiVPvYsD3hS4Q4uWNHbtG86gPxwdqT2yp1y9pkjw3Te
[2m2025-11-26T11:23:42.684189Z[0m [32m INFO[0m [2mscanner::process[0m[2m:[0m DexSwap { swap_program_id: pAMMBay6oceH9fJKBRHGP5D4bD4sWpmSwMn52FMfXEA, pools: [3gjSbwdZ8c1fLnjBaYAa35jWZJXSictLs2WnsbrVnRUT, 9ho1rPVHGK2KrjDFPaJ8PhfotU8YsuukFAWdnCxeuThy], pool_owner: 2FUgN9XQGNqDxnpoCcXQziEUAH3DSnUxt5HJ9bY9vcFw, token_in: TokenAmount { mint: 9yZ5Ru8pbmJZ6Q2DKLCGXkaLNwkm83cnJ4QCw4PFpump, amount: 8898262678 }, token_out: TokenAmount { mint: So11111111111111111111111111111111111111112, amount: 47948968 }, fees: [TokenAmount { mint: 9yZ5Ru8pbmJZ6Q2DKLCGXkaLNwkm83cnJ4QCw4PFpump, amount: 96867 }, TokenAmount { mint: So11111111111111111111111111111111111111112, amount: 24217 }, TokenAmount { mint: So11111111111111111111111111111111111111112, amount: 363250 }], vault_accounts: [] }
[2m2025-11-26T11:23:42.684330Z[0m [32m INFO[0m [2mscanner::process[0m[2m:[0m 9yZ5Ru8pbmJZ6Q2DKLCGXkaLNwkm83cnJ4QCw4PFpump - So11111111111111111111111111111111111111112
[2m2025-11-26T11:23:42.684400Z[0m [32m INFO[0m [2mscanner[0m[2m:[0m Found intermediate mint: 44sHXMkPeciUpqhecfCysVs7RcaxeM24VPMauQouBREV with 0 decimals and 0 token accounts
[2m2025-11-26T11:23:42.684448Z[0m [33m WARN[0m [2mscanner[0m[2m:[0m No token accounts found for intermediate mint: 44sHXMkPeciUpqhecfCysVs7RcaxeM24VPMauQouBREV
[2m2025-11-26T11:23:42.684487Z[0m [32m INFO[0m [2mscanner[0m[2m:[0m Found intermediate mint: 9yZ5Ru8pbmJZ6Q2DKLCGXkaLNwkm83cnJ4QCw4PFpump with 0 decimals and 0 token accounts
[2m2025-11-26T11:23:42.684526Z[0m [33m WARN[0m [2mscanner[0m[2m:[0m No token accounts found for intermediate mint: 9yZ5Ru8pbmJZ6Q2DKLCGXkaLNwkm83cnJ4QCw4PFpump
[2m2025-11-26T11:23:43.164090Z[0m [32m INFO[0m [2mscanner::process[0m[2m:[0m Processing Signature: D55SiK9NHKKCWiSBAiPLSiT9xwC4sdvBKRbtVPxAVAzpxfQ4eZFdAmSspRpbP9zr11BLPQepA4ErW4EADNjgNpP
[2m2025-11-26T11:23:43.164271Z[0m [32m INFO[0m [2mscanner::process[0m[2m:[0m DexSwap { swap_program_id: CPMMoo8L3F4NbTegBCKVNunggL7H1ZpdTHKxQB5qKP1C, pools: [HCX2xH3ykNQessV4auSa4kLd6fQWDqx4NqrRNAaDkdA8, 8hBe12uGwSiyALXH8mRv39GSWFYh5omvBt1fbm76zwWF], pool_owner: RaVenxw8kykBbW7KGBaBsb7fDkkBYK4uJVDSFun6ZxR, token_in: TokenAmount { mint: So11111111111111111111111111111111111111112, amount: 49107920 }, token_out: TokenAmount { mint: 44sHXMkPeciUpqhecfCysVs7RcaxeM24VPMauQouBREV, amount: 37392922390586 }, fees: [], vault_accounts: [] }
[2m2025-11-26T11:23:43.164531Z[0m [32m INFO[0m [2mscanner::process[0m[2m:[0m So11111111111111111111111111111111111111112 - 44sHXMkPeciUpqhecfCysVs7RcaxeM24VPMauQouBREV
[2m2025-11-26T11:23:43.164628Z[0m [32m INFO[0m [2mscanner::process[0m[2m:[0m Processing Signature: D55SiK9NHKKCWiSBAiPLSiT9xwC4sdvBKRbtVPxAVAzpxfQ4eZFdAmSspRpbP9zr11BLPQepA4ErW4EADNjgNpP
[2m2025-11-26T11:23:43.164684Z[0m [32m INFO[0m [2mscanner::process[0m[2m:[0m DexSwap { swap_program_id: cpamdpZCGKUy5JxQXB4dcpGPiikHawvSWAd6mEn1sGG, pools: [Cj5A73Jo3uNLxGHV7ovb1kz3Sux4oe5zPSA3pCPe9SYM, 5uB2E4mE27bKzHGEMZScJvcmPUfaQkyyTEyQSa1fcy2c], pool_owner: HT9VvBZzdGKPu2xr1gPBB9FsL5C6Z4DJFpDjxyLcCQeS, token_in: TokenAmount { mint: 44sHXMkPeciUpqhecfCysVs7RcaxeM24VPMauQouBREV, amount: 36645063942774 }, token_out: TokenAmount { mint: 9yZ5Ru8pbmJZ6Q2DKLCGXkaLNwkm83cnJ4QCw4PFpump, amount: 8898262678 }, fees: [TokenAmount { mint: 44sHXMkPeciUpqhecfCysVs7RcaxeM24VPMauQouBREV, amount: 17908845 }, TokenAmount { mint: 44sHXMkPeciUpqhecfCysVs7RcaxeM24VPMauQouBREV, amount: 4477211 }], vault_accounts: [] }
[2m2025-11-26T11:23:43.165003Z[0m [32m INFO[0m [2mscanner::process[0m[2m:[0m 44sHXMkPeciUpqhecfCysVs7RcaxeM24VPMauQouBREV - 9yZ5Ru8pbmJZ6Q2DKLCGXkaLNwkm83cnJ4QCw4PFpump
[2m2025-11-26T11:23:43.165070Z[0m [32m INFO[0m [2mscanner::process[0m[2m:[0m Processing Signature: D55SiK9NHKKCWiSBAiPLSiT9xwC4sdvBKRbtVPxAVAzpxfQ4eZFdAmSspRpbP9zr11BLPQepA4ErW4EADNjgNpP
[2m2025-11-26T11:23:43.165113Z[0m [32m INFO[0m [2mscanner::process[0m[2m:[0m DexSwap { swap_program_id: pAMMBay6oceH9fJKBRHGP5D4bD4sWpmSwMn52FMfXEA, pools: [3gjSbwdZ8c1fLnjBaYAa35jWZJXSictLs2WnsbrVnRUT, 9ho1rPVHGK2KrjDFPaJ8PhfotU8YsuukFAWdnCxeuThy], pool_owner: 2FUgN9XQGNqDxnpoCcXQziEUAH3DSnUxt5HJ9bY9vcFw, token_in: TokenAmount { mint: 9yZ5Ru8pbmJZ6Q2DKLCGXkaLNwkm83cnJ4QCw4PFpump, amount: 8898262678 }, token_out: TokenAmount { mint: So11111111111111111111111111111111111111112, amount: 47948968 }, fees: [TokenAmount { mint: 9yZ5Ru8pbmJZ6Q2DKLCGXkaLNwkm83cnJ4QCw4PFpump, amount: 96867 }, TokenAmount { mint: So11111111111111111111111111111111111111112, amount: 24217 }, TokenAmount { mint: So11111111111111111111111111111111111111112, amount: 363250 }], vault_accounts: [] }
[2m2025-11-26T11:23:43.165289Z[0m [32m INFO[0m [2mscanner::process[0m[2m:[0m 9yZ5Ru8pbmJZ6Q2DKLCGXkaLNwkm83cnJ4QCw4PFpump - So11111111111111111111111111111111111111112
[2m2025-11-26T11:23:43.165404Z[0m [32m INFO[0m [2mscanner[0m[2m:[0m Found intermediate mint: 9yZ5Ru8pbmJZ6Q2DKLCGXkaLNwkm83cnJ4QCw4PFpump with 0 decimals and 0 token accounts
[2m2025-11-26T11:23:43.165475Z[0m [33m WARN[0m [2mscanner[0m[2m:[0m No token accounts found for intermediate mint: 9yZ5Ru8pbmJZ6Q2DKLCGXkaLNwkm83cnJ4QCw4PFpump
[2m2025-11-26T11:23:43.165534Z[0m [32m INFO[0m [2mscanner[0m[2m:[0m Found intermediate mint: 44sHXMkPeciUpqhecfCysVs7RcaxeM24VPMauQouBREV with 0 decimals and 0 token accounts
[2m2025-11-26T11:23:43.165586Z[0m [33m WARN[0m [2mscanner[0m[2m:[0m No token accounts found for intermediate mint: 44sHXMkPeciUpqhecfCysVs7RcaxeM24VPMauQouBREV
[2m2025-11-26T11:23:44.051468Z[0m [32m INFO[0m [2mscanner::grpc[0m[2m:[0m Roundtrip ping for http://ny-rpc.notarb.org:10000/: 222ms
[2m2025-11-26T11:23:44.179949Z[0m [32m INFO[0m [2mscanner::process[0m[2m:[0m Processing Signature: 3VSgFiqhbp9zjnunce3HV9oLPRkCJuWCMWZFPk9BZmsN2vESK663TXMUAvTzn6cGHgJYgFPVdeWrG4jjoiGcM7w6
[2m2025-11-26T11:23:44.180144Z[0m [32m INFO[0m [2mscanner::process[0m[2m:[0m DexSwap { swap_program_id: CPMMoo8L3F4NbTegBCKVNunggL7H1ZpdTHKxQB5qKP1C, pools: [HCX2xH3ykNQessV4auSa4kLd6fQWDqx4NqrRNAaDkdA8, 8hBe12uGwSiyALXH8mRv39GSWFYh5omvBt1fbm76zwWF], pool_owner: RaVenxw8kykBbW7KGBaBsb7fDkkBYK4uJVDSFun6ZxR, token_in: TokenAmount { mint: So11111111111111111111111111111111111111112, amount: 49107920 }, token_out: TokenAmount { mint: 44sHXMkPeciUpqhecfCysVs7RcaxeM24VPMauQouBREV, amount: 37392922390586 }, fees: [], vault_accounts: [] }
[2m2025-11-26T11:23:44.180362Z[0m [32m INFO[0m [2mscanner::process[0m[2m:[0m So11111111111111111111111111111111111111112 - 44sHXMkPeciUpqhecfCysVs7RcaxeM24VPMauQouBREV
[2m2025-11-26T11:23:44.180422Z[0m [32m INFO[0m [2mscanner::process[0m[2m:[0m Processing Signature: 3VSgFiqhbp9zjnunce3HV9oLPRkCJuWCMWZFPk9BZmsN2vESK663TXMUAvTzn6cGHgJYgFPVdeWrG4jjoiGcM7w6
[2m2025-11-26T11:23:44.180458Z[0m [32m INFO[0m [2mscanner::process[0m[2m:[0m DexSwap { swap_program_id: cpamdpZCGKUy5JxQXB4dcpGPiikHawvSWAd6mEn1sGG, pools: [Cj5A73Jo3uNLxGHV7ovb1kz3Sux4oe5zPSA3pCPe9SYM, 5uB2E4mE27bKzHGEMZScJvcmPUfaQkyyTEyQSa1fcy2c], pool_owner: HT9VvBZzdGKPu2xr1gPBB9FsL5C6Z4DJFpDjxyLcCQeS, token_in: TokenAmount { mint: 44sHXMkPeciUpqhecfCysVs7RcaxeM24VPMauQouBREV, amount: 36645063942774 }, token_out: TokenAmount { mint: 9yZ5Ru8pbmJZ6Q2DKLCGXkaLNwkm83cnJ4QCw4PFpump, amount: 8898262678 }, fees: [TokenAmount { mint: 44sHXMkPeciUpqhecfCysVs7RcaxeM24VPMauQouBREV, amount: 17908845 }, TokenAmount { mint: 44sHXMkPeciUpqhecfCysVs7RcaxeM24VPMauQouBREV, amount: 4477211 }], vault_accounts: [] }
[2m2025-11-26T11:23:44.180602Z[0m [32m INFO[0m [2mscanner::process[0m[2m:[0m 44sHXMkPeciUpqhecfCysVs7RcaxeM24VPMauQouBREV - 9yZ5Ru8pbmJZ6Q2DKLCGXkaLNwkm83cnJ4QCw4PFpump
[2m2025-11-26T11:23:44.180655Z[0m [32m INFO[0m [2mscanner::process[0m[2m:[0m Processing Signature: 3VSgFiqhbp9zjnunce3HV9oLPRkCJuWCMWZFPk9BZmsN2vESK663TXMUAvTzn6cGHgJYgFPVdeWrG4jjoiGcM7w6
[2m2025-11-26T11:23:44.180684Z[0m [32m INFO[0m [2mscanner::process[0m[2m:[0m DexSwap { swap_program_id: pAMMBay6oceH9fJKBRHGP5D4bD4sWpmSwMn52FMfXEA, pools: [3gjSbwdZ8c1fLnjBaYAa35jWZJXSictLs2WnsbrVnRUT, 9ho1rPVHGK2KrjDFPaJ8PhfotU8YsuukFAWdnCxeuThy], pool_owner: 2FUgN9XQGNqDxnpoCcXQziEUAH3DSnUxt5HJ9bY9vcFw, token_in: TokenAmount { mint: 9yZ5Ru8pbmJZ6Q2DKLCGXkaLNwkm83cnJ4QCw4PFpump, amount: 8898262678 }, token_out: TokenAmount { mint: So11111111111111111111111111111111111111112, amount: 47960210 }, fees: [TokenAmount { mint: 9yZ5Ru8pbmJZ6Q2DKLCGXkaLNwkm83cnJ4QCw4PFpump, amount: 96890 }, TokenAmount { mint: So11111111111111111111111111111111111111112, amount: 24223 }, TokenAmount { mint: So11111111111111111111111111111111111111112, amount: 363335 }], vault_accounts: [] }
[2m2025-11-26T11:23:44.180823Z[0m [32m INFO[0m [2mscanner::process[0m[2m:[0m 9yZ5Ru8pbmJZ6Q2DKLCGXkaLNwkm83cnJ4QCw4PFpump - So11111111111111111111111111111111111111112
[2m2025-11-26T11:23:44.180914Z[0m [32m INFO[0m [2mscanner[0m[2m:[0m Found intermediate mint: 44sHXMkPeciUpqhecfCysVs7RcaxeM24VPMauQouBREV with 0 decimals and 0 token accounts
[2m2025-11-26T11:23:44.180969Z[0m [33m WARN[0m [2mscanner[0m[2m:[0m No token accounts found for intermediate mint: 44sHXMkPeciUpqhecfCysVs7RcaxeM24VPMauQouBREV
[2m2025-11-26T11:23:44.181011Z[0m [32m INFO[0m [2mscanner[0m[2m:[0m Found intermediate mint: 9yZ5Ru8pbmJZ6Q2DKLCGXkaLNwkm83cnJ4QCw4PFpump with 0 decimals and 0 token accounts
[2m2025-11-26T11:23:44.181053Z[0m [33m WARN[0m [2mscanner[0m[2m:[0m No token accounts found for intermediate mint: 9yZ5Ru8pbmJZ6Q2DKLCGXkaLNwkm83cnJ4QCw4PFpump
[2m2025-11-26T11:23:44.182106Z[0m [32m INFO[0m [2mscanner::process[0m[2m:[0m Processing Signature: 4vdqSrbNe2VFWv9PDZ3qEDxRBNdHFBXxoMyi6FaUvG6JNobXeL1FFuZvaUAmvZBAcmfRsrd1TEnCMuxHQMc3gR1K
[2m2025-11-26T11:23:44.182198Z[0m [32m INFO[0m [2mscanner::process[0m[2m:[0m DexSwap { swap_program_id: CPMMoo8L3F4NbTegBCKVNunggL7H1ZpdTHKxQB5qKP1C, pools: [HCX2xH3ykNQessV4auSa4kLd6fQWDqx4NqrRNAaDkdA8, 8hBe12uGwSiyALXH8mRv39GSWFYh5omvBt1fbm76zwWF], pool_owner: RaVenxw8kykBbW7KGBaBsb7fDkkBYK4uJVDSFun6ZxR, token_in: TokenAmount { mint: So11111111111111111111111111111111111111112, amount: 49107920 }, token_out: TokenAmount { mint: 44sHXMkPeciUpqhecfCysVs7RcaxeM24VPMauQouBREV, amount: 37392922390586 }, fees: [], vault_accounts: [] }
[2m2025-11-26T11:23:44.182265Z[0m [32m INFO[0m [2mscanner::process[0m[2m:[0m So11111111111111111111111111111111111111112 - 44sHXMkPeciUpqhecfCysVs7RcaxeM24VPMauQouBREV
[2m2025-11-26T11:23:44.182289Z[0m [32m INFO[0m [2mscanner::process[0m[2m:[0m Processing Signature: 4vdqSrbNe2VFWv9PDZ3qEDxRBNdHFBXxoMyi6FaUvG6JNobXeL1FFuZvaUAmvZBAcmfRsrd1TEnCMuxHQMc3gR1K
[2m2025-11-26T11:23:44.182300Z[0m [32m INFO[0m [2mscanner::process[0m[2m:[0m DexSwap { swap_program_id: cpamdpZCGKUy5JxQXB4dcpGPiikHawvSWAd6mEn1sGG, pools: [Cj5A73Jo3uNLxGHV7ovb1kz3Sux4oe5zPSA3pCPe9SYM, 5uB2E4mE27bKzHGEMZScJvcmPUfaQkyyTEyQSa1fcy2c], pool_owner: HT9VvBZzdGKPu2xr1gPBB9FsL5C6Z4DJFpDjxyLcCQeS, token_in: TokenAmount { mint: 44sHXMkPeciUpqhecfCysVs7RcaxeM24VPMauQouBREV, amount: 36645063942774 }, token_out: TokenAmount { mint: 9yZ5Ru8pbmJZ6Q2DKLCGXkaLNwkm83cnJ4QCw4PFpump, amount: 8898262678 }, fees: [TokenAmount { mint: 44sHXMkPeciUpqhecfCysVs7RcaxeM24VPMauQouBREV, amount: 17908845 }, TokenAmount { mint: 44sHXMkPeciUpqhecfCysVs7RcaxeM24VPMauQouBREV, amount: 4477211 }], vault_accounts: [] }
[2m2025-11-26T11:23:44.182407Z[0m [32m INFO[0m [2mscanner::process[0m[2m:[0m 44sHXMkPeciUpqhecfCysVs7RcaxeM24VPMauQouBREV - 9yZ5Ru8pbmJZ6Q2DKLCGXkaLNwkm83cnJ4QCw4PFpump
[2m2025-11-26T11:23:44.182428Z[0m [32m INFO[0m [2mscanner::process[0m[2m:[0m Processing Signature: 4vdqSrbNe2VFWv9PDZ3qEDxRBNdHFBXxoMyi6FaUvG6JNobXeL1FFuZvaUAmvZBAcmfRsrd1TEnCMuxHQMc3gR1K
[2m2025-11-26T11:23:44.182438Z[0m [32m INFO[0m [2mscanner::process[0m[2m:[0m DexSwap { swap_program_id: pAMMBay6oceH9fJKBRHGP5D4bD4sWpmSwMn52FMfXEA, pools: [3gjSbwdZ8c1fLnjBaYAa35jWZJXSictLs2WnsbrVnRUT, 9ho1rPVHGK2KrjDFPaJ8PhfotU8YsuukFAWdnCxeuThy], pool_owner: 2FUgN9XQGNqDxnpoCcXQziEUAH3DSnUxt5HJ9bY9vcFw, token_in: TokenAmount { mint: 9yZ5Ru8pbmJZ6Q2DKLCGXkaLNwkm83cnJ4QCw4PFpump, amount: 8898262678 }, token_out: TokenAmount { mint: So11111111111111111111111111111111111111112, amount: 47960210 }, fees: [TokenAmount { mint: 9yZ5Ru8pbmJZ6Q2DKLCGXkaLNwkm83cnJ4QCw4PFpump, amount: 96890 }, TokenAmount { mint: So11111111111111111111111111111111111111112, amount: 24223 }, TokenAmount { mint: So11111111111111111111111111111111111111112, amount: 363335 }], vault_accounts: [] }
[2m2025-11-26T11:23:44.182517Z[0m [32m INFO[0m [2mscanner::process[0m[2m:[0m 9yZ5Ru8pbmJZ6Q2DKLCGXkaLNwkm83cnJ4QCw4PFpump - So11111111111111111111111111111111111111112
[2m2025-11-26T11:23:44.182576Z[0m [32m INFO[0m [2mscanner[0m[2m:[0m Found intermediate mint: 44sHXMkPeciUpqhecfCysVs7RcaxeM24VPMauQouBREV with 0 decimals and 0 token accounts
[2m2025-11-26T11:23:44.182594Z[0m [33m WARN[0m [2mscanner[0m[2m:[0m No token accounts found for intermediate mint: 44sHXMkPeciUpqhecfCysVs7RcaxeM24VPMauQouBREV
[2m2025-11-26T11:23:44.182612Z[0m [32m INFO[0m [2mscanner[0m[2m:[0m Found intermediate mint: 9yZ5Ru8pbmJZ6Q2DKLCGXkaLNwkm83cnJ4QCw4PFpump with 0 decimals and 0 token accounts
[2m2025-11-26T11:23:44.182626Z[0m [33m WARN[0m [2mscanner[0m[2m:[0m No token accounts found for intermediate mint: 9yZ5Ru8pbmJZ6Q2DKLCGXkaLNwkm83cnJ4QCw4PFpump
[2m2025-11-26T11:23:44.183363Z[0m [32m INFO[0m [2mscanner::process[0m[2m:[0m Processing Signature: 3hYc7ECDNy5wqk5hXXBynevG3TKEv8CFWqZDQwU6B4Wjg7dyyCRwRr5uYxvw6gtDN3Hf3vHtUNrPctk1FwW9RiLT
[2m2025-11-26T11:23:44.183377Z[0m [32m INFO[0m [2mscanner::process[0m[2m:[0m DexSwap { swap_program_id: CPMMoo8L3F4NbTegBCKVNunggL7H1ZpdTHKxQB5qKP1C, pools: [HCX2xH3ykNQessV4auSa4kLd6fQWDqx4NqrRNAaDkdA8, 8hBe12uGwSiyALXH8mRv39GSWFYh5omvBt1fbm76zwWF], pool_owner: RaVenxw8kykBbW7KGBaBsb7fDkkBYK4uJVDSFun6ZxR, token_in: TokenAmount { mint: So11111111111111111111111111111111111111112, amount: 49107920 }, token_out: TokenAmount { mint: 44sHXMkPeciUpqhecfCysVs7RcaxeM24VPMauQouBREV, amount: 37392922390586 }, fees: [], vault_accounts: [] }
[2m2025-11-26T11:23:44.183432Z[0m [32m INFO[0m [2mscanner::process[0m[2m:[0m So11111111111111111111111111111111111111112 - 44sHXMkPeciUpqhecfCysVs7RcaxeM24VPMauQouBREV
[2m2025-11-26T11:23:44.183451Z[0m [32m INFO[0m [2mscanner::process[0m[2m:[0m Processing Signature: 3hYc7ECDNy5wqk5hXXBynevG3TKEv8CFWqZDQwU6B4Wjg7dyyCRwRr5uYxvw6gtDN3Hf3vHtUNrPctk1FwW9RiLT
[2m2025-11-26T11:23:44.183460Z[0m [32m INFO[0m [2mscanner::process[0m[2m:[0m DexSwap { swap_program_id: cpamdpZCGKUy5JxQXB4dcpGPiikHawvSWAd6mEn1sGG, pools: [Cj5A73Jo3uNLxGHV7ovb1kz3Sux4oe5zPSA3pCPe9SYM, 5uB2E4mE27bKzHGEMZScJvcmPUfaQkyyTEyQSa1fcy2c], pool_owner: HT9VvBZzdGKPu2xr1gPBB9FsL5C6Z4DJFpDjxyLcCQeS, token_in: TokenAmount { mint: 44sHXMkPeciUpqhecfCysVs7RcaxeM24VPMauQouBREV, amount: 36645063942774 }, token_out: TokenAmount { mint: 9yZ5Ru8pbmJZ6Q2DKLCGXkaLNwkm83cnJ4QCw4PFpump, amount: 8898262678 }, fees: [TokenAmount { mint: 44sHXMkPeciUpqhecfCysVs7RcaxeM24VPMauQouBREV, amount: 17908845 }, TokenAmount { mint: 44sHXMkPeciUpqhecfCysVs7RcaxeM24VPMauQouBREV, amount: 4477211 }], vault_accounts: [] }
[2m2025-11-26T11:23:44.183531Z[0m [32m INFO[0m [2mscanner::process[0m[2m:[0m 44sHXMkPeciUpqhecfCysVs7RcaxeM24VPMauQouBREV - 9yZ5Ru8pbmJZ6Q2DKLCGXkaLNwkm83cnJ4QCw4PFpump
[2m2025-11-26T11:23:44.183550Z[0m [32m INFO[0m [2mscanner::process[0m[2m:[0m Processing Signature: 3hYc7ECDNy5wqk5hXXBynevG3TKEv8CFWqZDQwU6B4Wjg7dyyCRwRr5uYxvw6gtDN3Hf3vHtUNrPctk1FwW9RiLT
[2m2025-11-26T11:23:44.183558Z[0m [32m INFO[0m [2mscanner::process[0m[2m:[0m DexSwap { swap_program_id: pAMMBay6oceH9fJKBRHGP5D4bD4sWpmSwMn52FMfXEA, pools: [3gjSbwdZ8c1fLnjBaYAa35jWZJXSictLs2WnsbrVnRUT, 9ho1rPVHGK2KrjDFPaJ8PhfotU8YsuukFAWdnCxeuThy], pool_owner: 2FUgN9XQGNqDxnpoCcXQziEUAH3DSnUxt5HJ9bY9vcFw, token_in: TokenAmount { mint: 9yZ5Ru8pbmJZ6Q2DKLCGXkaLNwkm83cnJ4QCw4PFpump, amount: 8898262678 }, token_out: TokenAmount { mint: So11111111111111111111111111111111111111112, amount: 47960210 }, fees: [TokenAmount { mint: 9yZ5Ru8pbmJZ6Q2DKLCGXkaLNwkm83cnJ4QCw4PFpump, amount: 96890 }, TokenAmount { mint: So11111111111111111111111111111111111111112, amount: 24223 }, TokenAmount { mint: So11111111111111111111111111111111111111112, amount: 363335 }], vault_accounts: [] }
[2m2025-11-26T11:23:44.183636Z[0m [32m INFO[0m [2mscanner::process[0m[2m:[0m 9yZ5Ru8pbmJZ6Q2DKLCGXkaLNwkm83cnJ4QCw4PFpump - So11111111111111111111111111111111111111112
[2m2025-11-26T11:23:44.183670Z[0m [32m INFO[0m [2mscanner[0m[2m:[0m Found intermediate mint: 9yZ5Ru8pbmJZ6Q2DKLCGXkaLNwkm83cnJ4QCw4PFpump with 0 decimals and 0 token accounts
[2m2025-11-26T11:23:44.183685Z[0m [33m WARN[0m [2mscanner[0m[2m:[0m No token accounts found for intermediate mint: 9yZ5Ru8pbmJZ6Q2DKLCGXkaLNwkm83cnJ4QCw4PFpump
[2m2025-11-26T11:23:44.183700Z[0m [32m INFO[0m [2mscanner[0m[2m:[0m Found intermediate mint: 44sHXMkPeciUpqhecfCysVs7RcaxeM24VPMauQouBREV with 0 decimals and 0 token accounts
[2m2025-11-26T11:23:44.183714Z[0m [33m WARN[0m [2mscanner[0m[2m:[0m No token accounts found for intermediate mint: 44sHXMkPeciUpqhecfCysVs7RcaxeM24VPMauQouBREV
[2m2025-11-26T11:23:49.057612Z[0m [32m INFO[0m [2mscanner::grpc[0m[2m:[0m Roundtrip ping for http://ny-rpc.notarb.org:10000/: 227ms
[2m2025-11-26T11:23:54.056168Z[0m [32m INFO[0m [2mscanner::grpc[0m[2m:[0m Roundtrip ping for http://ny-rpc.notarb.org:10000/: 224ms
[2m2025-11-26T11:23:55.601524Z[0m [32m INFO[0m [2mscanner::process[0m[2m:[0m Processing Signature: 4ZBZy3MwKDejzxWh3CiFs9gTWtBViYYqjU159QViEaRTfLmzjeKHu2Pf6YGyW5mHGzntXEkLxbCH6StrVaxLLCMi
[2m2025-11-26T11:23:55.601689Z[0m [32m INFO[0m [2mscanner::process[0m[2m:[0m DexSwap { swap_program_id: CPMMoo8L3F4NbTegBCKVNunggL7H1ZpdTHKxQB5qKP1C, pools: [HCX2xH3ykNQessV4auSa4kLd6fQWDqx4NqrRNAaDkdA8, 8hBe12uGwSiyALXH8mRv39GSWFYh5omvBt1fbm76zwWF], pool_owner: RaVenxw8kykBbW7KGBaBsb7fDkkBYK4uJVDSFun6ZxR, token_in: TokenAmount { mint: So11111111111111111111111111111111111111112, amount: 49107920 }, token_out: TokenAmount { mint: 44sHXMkPeciUpqhecfCysVs7RcaxeM24VPMauQouBREV, amount: 37392922390586 }, fees: [], vault_accounts: [] }
[2m2025-11-26T11:23:55.601948Z[0m [32m INFO[0m [2mscanner::process[0m[2m:[0m So11111111111111111111111111111111111111112 - 44sHXMkPeciUpqhecfCysVs7RcaxeM24VPMauQouBREV
[2m2025-11-26T11:23:55.602038Z[0m [32m INFO[0m [2mscanner::process[0m[2m:[0m Processing Signature: 4ZBZy3MwKDejzxWh3CiFs9gTWtBViYYqjU159QViEaRTfLmzjeKHu2Pf6YGyW5mHGzntXEkLxbCH6StrVaxLLCMi
[2m2025-11-26T11:23:55.602084Z[0m [32m INFO[0m [2mscanner::process[0m[2m:[0m DexSwap { swap_program_id: cpamdpZCGKUy5JxQXB4dcpGPiikHawvSWAd6mEn1sGG, pools: [Cj5A73Jo3uNLxGHV7ovb1kz3Sux4oe5zPSA3pCPe9SYM, 5uB2E4mE27bKzHGEMZScJvcmPUfaQkyyTEyQSa1fcy2c], pool_owner: HT9VvBZzdGKPu2xr1gPBB9FsL5C6Z4DJFpDjxyLcCQeS, token_in: TokenAmount { mint: 44sHXMkPeciUpqhecfCysVs7RcaxeM24VPMauQouBREV, amount: 36645063942774 }, token_out: TokenAmount { mint: 9yZ5Ru8pbmJZ6Q2DKLCGXkaLNwkm83cnJ4QCw4PFpump, amount: 8898262678 }, fees: [TokenAmount { mint: 44sHXMkPeciUpqhecfCysVs7RcaxeM24VPMauQouBREV, amount: 17908845 }, TokenAmount { mint: 44sHXMkPeciUpqhecfCysVs7RcaxeM24VPMauQouBREV, amount: 4477211 }], vault_accounts: [] }
[2m2025-11-26T11:23:55.602370Z[0m [32m INFO[0m [2mscanner::process[0m[2m:[0m 44sHXMkPeciUpqhecfCysVs7RcaxeM24VPMauQouBREV - 9yZ5Ru8pbmJZ6Q2DKLCGXkaLNwkm83cnJ4QCw4PFpump
[2m2025-11-26T11:23:55.602453Z[0m [32m INFO[0m [2mscanner::process[0m[2m:[0m Processing Signature: 4ZBZy3MwKDejzxWh3CiFs9gTWtBViYYqjU159QViEaRTfLmzjeKHu2Pf6YGyW5mHGzntXEkLxbCH6StrVaxLLCMi
[2m2025-11-26T11:23:55.602497Z[0m [32m INFO[0m [2mscanner::process[0m[2m:[0m DexSwap { swap_program_id: pAMMBay6oceH9fJKBRHGP5D4bD4sWpmSwMn52FMfXEA, pools: [3gjSbwdZ8c1fLnjBaYAa35jWZJXSictLs2WnsbrVnRUT, 9ho1rPVHGK2KrjDFPaJ8PhfotU8YsuukFAWdnCxeuThy], pool_owner: 2FUgN9XQGNqDxnpoCcXQziEUAH3DSnUxt5HJ9bY9vcFw, token_in: TokenAmount { mint: 9yZ5Ru8pbmJZ6Q2DKLCGXkaLNwkm83cnJ4QCw4PFpump, amount: 8898262678 }, token_out: TokenAmount { mint: So11111111111111111111111111111111111111112, amount: 47971453 }, fees: [TokenAmount { mint: 9yZ5Ru8pbmJZ6Q2DKLCGXkaLNwkm83cnJ4QCw4PFpump, amount: 96913 }, TokenAmount { mint: So11111111111111111111111111111111111111112, amount: 24229 }, TokenAmount { mint: So11111111111111111111111111111111111111112, amount: 363421 }], vault_accounts: [] }
[2m2025-11-26T11:23:55.602807Z[0m [32m INFO[0m [2mscanner::process[0m[2m:[0m 9yZ5Ru8pbmJZ6Q2DKLCGXkaLNwkm83cnJ4QCw4PFpump - So11111111111111111111111111111111111111112
[2m2025-11-26T11:23:55.602969Z[0m [32m INFO[0m [2mscanner[0m[2m:[0m Found intermediate mint: 44sHXMkPeciUpqhecfCysVs7RcaxeM24VPMauQouBREV with 0 decimals and 0 token accounts
[2m2025-11-26T11:23:55.603047Z[0m [33m WARN[0m [2mscanner[0m[2m:[0m No token accounts found for intermediate mint: 44sHXMkPeciUpqhecfCysVs7RcaxeM24VPMauQouBREV
[2m2025-11-26T11:23:55.603111Z[0m [32m INFO[0m [2mscanner[0m[2m:[0m Found intermediate mint: 9yZ5Ru8pbmJZ6Q2DKLCGXkaLNwkm83cnJ4QCw4PFpump with 0 decimals and 0 token accounts
[2m2025-11-26T11:23:55.603176Z[0m [33m WARN[0m [2mscanner[0m[2m:[0m No token accounts found for intermediate mint: 9yZ5Ru8pbmJZ6Q2DKLCGXkaLNwkm83cnJ4QCw4PFpump
[2m2025-11-26T11:23:55.824549Z[0m [32m INFO[0m [2mscanner::process[0m[2m:[0m Processing Signature: nF6wQWNnbV4STLGVcP41M6v6dp3UBeCAPeRtLpmgHjFggWyWfQbCC8qq9dwiYfJPdpeY9V1BJDZZhiWuBE1mbyN
[2m2025-11-26T11:23:55.824685Z[0m [32m INFO[0m [2mscanner::process[0m[2m:[0m DexSwap { swap_program_id: CPMMoo8L3F4NbTegBCKVNunggL7H1ZpdTHKxQB5qKP1C, pools: [HCX2xH3ykNQessV4auSa4kLd6fQWDqx4NqrRNAaDkdA8, 8hBe12uGwSiyALXH8mRv39GSWFYh5omvBt1fbm76zwWF], pool_owner: RaVenxw8kykBbW7KGBaBsb7fDkkBYK4uJVDSFun6ZxR, token_in: TokenAmount { mint: So11111111111111111111111111111111111111112, amount: 49107920 }, token_out: TokenAmount { mint: 44sHXMkPeciUpqhecfCysVs7RcaxeM24VPMauQouBREV, amount: 37392922390586 }, fees: [], vault_accounts: [] }
[2m2025-11-26T11:23:55.824831Z[0m [32m INFO[0m [2mscanner::process[0m[2m:[0m So11111111111111111111111111111111111111112 - 44sHXMkPeciUpqhecfCysVs7RcaxeM24VPMauQouBREV
[2m2025-11-26T11:23:55.824890Z[0m [32m INFO[0m [2mscanner::process[0m[2m:[0m Processing Signature: nF6wQWNnbV4STLGVcP41M6v6dp3UBeCAPeRtLpmgHjFggWyWfQbCC8qq9dwiYfJPdpeY9V1BJDZZhiWuBE1mbyN
[2m2025-11-26T11:23:55.824924Z[0m [32m INFO[0m [2mscanner::process[0m[2m:[0m DexSwap { swap_program_id: cpamdpZCGKUy5JxQXB4dcpGPiikHawvSWAd6mEn1sGG, pools: [Cj5A73Jo3uNLxGHV7ovb1kz3Sux4oe5zPSA3pCPe9SYM, 5uB2E4mE27bKzHGEMZScJvcmPUfaQkyyTEyQSa1fcy2c], pool_owner: HT9VvBZzdGKPu2xr1gPBB9FsL5C6Z4DJFpDjxyLcCQeS, token_in: TokenAmount { mint: 44sHXMkPeciUpqhecfCysVs7RcaxeM24VPMauQouBREV, amount: 36645063942774 }, token_out: TokenAmount { mint: 9yZ5Ru8pbmJZ6Q2DKLCGXkaLNwkm83cnJ4QCw4PFpump, amount: 8898262678 }, fees: [TokenAmount { mint: 44sHXMkPeciUpqhecfCysVs7RcaxeM24VPMauQouBREV, amount: 17908845 }, TokenAmount { mint: 44sHXMkPeciUpqhecfCysVs7RcaxeM24VPMauQouBREV, amount: 4477211 }], vault_accounts: [] }
[2m2025-11-26T11:23:55.825099Z[0m [32m INFO[0m [2mscanner::process[0m[2m:[0m 44sHXMkPeciUpqhecfCysVs7RcaxeM24VPMauQouBREV - 9yZ5Ru8pbmJZ6Q2DKLCGXkaLNwkm83cnJ4QCw4PFpump
[2m2025-11-26T11:23:55.825165Z[0m [32m INFO[0m [2mscanner::process[0m[2m:[0m Processing Signature: nF6wQWNnbV4STLGVcP41M6v6dp3UBeCAPeRtLpmgHjFggWyWfQbCC8qq9dwiYfJPdpeY9V1BJDZZhiWuBE1mbyN
[2m2025-11-26T11:23:55.825196Z[0m [32m INFO[0m [2mscanner::process[0m[2m:[0m DexSwap { swap_program_id: pAMMBay6oceH9fJKBRHGP5D4bD4sWpmSwMn52FMfXEA, pools: [3gjSbwdZ8c1fLnjBaYAa35jWZJXSictLs2WnsbrVnRUT, 9ho1rPVHGK2KrjDFPaJ8PhfotU8YsuukFAWdnCxeuThy], pool_owner: 2FUgN9XQGNqDxnpoCcXQziEUAH3DSnUxt5HJ9bY9vcFw, token_in: TokenAmount { mint: 9yZ5Ru8pbmJZ6Q2DKLCGXkaLNwkm83cnJ4QCw4PFpump, amount: 8898262678 }, token_out: TokenAmount { mint: So11111111111111111111111111111111111111112, amount: 47971453 }, fees: [TokenAmount { mint: 9yZ5Ru8pbmJZ6Q2DKLCGXkaLNwkm83cnJ4QCw4PFpump, amount: 96913 }, TokenAmount { mint: So11111111111111111111111111111111111111112, amount: 24229 }, TokenAmount { mint: So11111111111111111111111111111111111111112, amount: 363421 }], vault_accounts: [] }
[2m2025-11-26T11:23:55.825360Z[0m [32m INFO[0m [2mscanner::process[0m[2m:[0m 9yZ5Ru8pbmJZ6Q2DKLCGXkaLNwkm83cnJ4QCw4PFpump - So11111111111111111111111111111111111111112
[2m2025-11-26T11:23:55.825452Z[0m [32m INFO[0m [2mscanner[0m[2m:[0m Found intermediate mint: 9yZ5Ru8pbmJZ6Q2DKLCGXkaLNwkm83cnJ4QCw4PFpump with 0 decimals and 0 token accounts
[2m2025-11-26T11:23:55.825504Z[0m [33m WARN[0m [2mscanner[0m[2m:[0m No token accounts found for intermediate mint: 9yZ5Ru8pbmJZ6Q2DKLCGXkaLNwkm83cnJ4QCw4PFpump
[2m2025-11-26T11:23:55.825545Z[0m [32m INFO[0m [2mscanner[0m[2m:[0m Found intermediate mint: 44sHXMkPeciUpqhecfCysVs7RcaxeM24VPMauQouBREV with 0 decimals and 0 token accounts
[2m2025-11-26T11:23:55.825584Z[0m [33m WARN[0m [2mscanner[0m[2m:[0m No token accounts found for intermediate mint: 44sHXMkPeciUpqhecfCysVs7RcaxeM24VPMauQouBREV
[2m2025-11-26T11:23:55.831680Z[0m [32m INFO[0m [2mscanner::process[0m[2m:[0m Processing Signature: 4yRvGqyAMyfP9nu6ZJTLq5Uuc5KAKQhyXQfYozub4PdQcrfA9bQxJrgVVqNJS1wqmSP88FkZKcKscVwyiXi67xnu
[2m2025-11-26T11:23:55.831775Z[0m [32m INFO[0m [2mscanner::process[0m[2m:[0m DexSwap { swap_program_id: CPMMoo8L3F4NbTegBCKVNunggL7H1ZpdTHKxQB5qKP1C, pools: [HCX2xH3ykNQessV4auSa4kLd6fQWDqx4NqrRNAaDkdA8, 8hBe12uGwSiyALXH8mRv39GSWFYh5omvBt1fbm76zwWF], pool_owner: RaVenxw8kykBbW7KGBaBsb7fDkkBYK4uJVDSFun6ZxR, token_in: TokenAmount { mint: So11111111111111111111111111111111111111112, amount: 49107920 }, token_out: TokenAmount { mint: 44sHXMkPeciUpqhecfCysVs7RcaxeM24VPMauQouBREV, amount: 37392922390586 }, fees: [], vault_accounts: [] }
[2m2025-11-26T11:23:55.831907Z[0m [32m INFO[0m [2mscanner::process[0m[2m:[0m So11111111111111111111111111111111111111112 - 44sHXMkPeciUpqhecfCysVs7RcaxeM24VPMauQouBREV
[2m2025-11-26T11:23:55.831960Z[0m [32m INFO[0m [2mscanner::process[0m[2m:[0m Processing Signature: 4yRvGqyAMyfP9nu6ZJTLq5Uuc5KAKQhyXQfYozub4PdQcrfA9bQxJrgVVqNJS1wqmSP88FkZKcKscVwyiXi67xnu
[2m2025-11-26T11:23:55.831990Z[0m [32m INFO[0m [2mscanner::process[0m[2m:[0m DexSwap { swap_program_id: cpamdpZCGKUy5JxQXB4dcpGPiikHawvSWAd6mEn1sGG, pools: [Cj5A73Jo3uNLxGHV7ovb1kz3Sux4oe5zPSA3pCPe9SYM, 5uB2E4mE27bKzHGEMZScJvcmPUfaQkyyTEyQSa1fcy2c], pool_owner: HT9VvBZzdGKPu2xr1gPBB9FsL5C6Z4DJFpDjxyLcCQeS, token_in: TokenAmount { mint: 44sHXMkPeciUpqhecfCysVs7RcaxeM24VPMauQouBREV, amount: 36645063942774 }, token_out: TokenAmount { mint: 9yZ5Ru8pbmJZ6Q2DKLCGXkaLNwkm83cnJ4QCw4PFpump, amount: 8898262678 }, fees: [TokenAmount { mint: 44sHXMkPeciUpqhecfCysVs7RcaxeM24VPMauQouBREV, amount: 17908845 }, TokenAmount { mint: 44sHXMkPeciUpqhecfCysVs7RcaxeM24VPMauQouBREV, amount: 4477211 }], vault_accounts: [] }
[2m2025-11-26T11:23:55.832144Z[0m [32m INFO[0m [2mscanner::process[0m[2m:[0m 44sHXMkPeciUpqhecfCysVs7RcaxeM24VPMauQouBREV - 9yZ5Ru8pbmJZ6Q2DKLCGXkaLNwkm83cnJ4QCw4PFpump
[2m2025-11-26T11:23:55.832190Z[0m [32m INFO[0m [2mscanner::process[0m[2m:[0m Processing Signature: 4yRvGqyAMyfP9nu6ZJTLq5Uuc5KAKQhyXQfYozub4PdQcrfA9bQxJrgVVqNJS1wqmSP88FkZKcKscVwyiXi67xnu
[2m2025-11-26T11:23:55.832214Z[0m [32m INFO[0m [2mscanner::process[0m[2m:[0m DexSwap { swap_program_id: pAMMBay6oceH9fJKBRHGP5D4bD4sWpmSwMn52FMfXEA, pools: [3gjSbwdZ8c1fLnjBaYAa35jWZJXSictLs2WnsbrVnRUT, 9ho1rPVHGK2KrjDFPaJ8PhfotU8YsuukFAWdnCxeuThy], pool_owner: 2FUgN9XQGNqDxnpoCcXQziEUAH3DSnUxt5HJ9bY9vcFw, token_in: TokenAmount { mint: 9yZ5Ru8pbmJZ6Q2DKLCGXkaLNwkm83cnJ4QCw4PFpump, amount: 8898262678 }, token_out: TokenAmount { mint: So11111111111111111111111111111111111111112, amount: 47971453 }, fees: [TokenAmount { mint: 9yZ5Ru8pbmJZ6Q2DKLCGXkaLNwkm83cnJ4QCw4PFpump, amount: 96913 }, TokenAmount { mint: So11111111111111111111111111111111111111112, amount: 24229 }, TokenAmount { mint: So11111111111111111111111111111111111111112, amount: 363421 }], vault_accounts: [] }
[2m2025-11-26T11:23:55.832366Z[0m [32m INFO[0m [2mscanner::process[0m[2m:[0m 9yZ5Ru8pbmJZ6Q2DKLCGXkaLNwkm83cnJ4QCw4PFpump - So11111111111111111111111111111111111111112
[2m2025-11-26T11:23:55.832440Z[0m [32m INFO[0m [2mscanner[0m[2m:[0m Found intermediate mint: 9yZ5Ru8pbmJZ6Q2DKLCGXkaLNwkm83cnJ4QCw4PFpump with 0 decimals and 0 token accounts
[2m2025-11-26T11:23:55.832488Z[0m [33m WARN[0m [2mscanner[0m[2m:[0m No token accounts found for intermediate mint: 9yZ5Ru8pbmJZ6Q2DKLCGXkaLNwkm83cnJ4QCw4PFpump
[2m2025-11-26T11:23:55.832526Z[0m [32m INFO[0m [2mscanner[0m[2m:[0m Found intermediate mint: 44sHXMkPeciUpqhecfCysVs7RcaxeM24VPMauQouBREV with 0 decimals and 0 token accounts
[2m2025-11-26T11:23:55.832564Z[0m [33m WARN[0m [2mscanner[0m[2m:[0m No token accounts found for intermediate mint: 44sHXMkPeciUpqhecfCysVs7RcaxeM24VPMauQouBREV
[2m2025-11-26T11:23:56.804692Z[0m [33m WARN[0m [2mscanner::grpc[0m[2m:[0m Subscription request failed on http://ny-rpc.notarb.org:20000/ (attempt 8): Connection not yet established. Retrying in 60s...
[2m2025-11-26T11:23:56.986916Z[0m [32m INFO[0m [2mscanner::process[0m[2m:[0m Processing Signature: 4SmAbbVbbP2eEJGwAEEDoeJgg6hXLRPhfC3bNPFXXVszb9LVDXLbxLnVUt6AEnQehrjVcmFsEBouPZ1es9XHjH32
[2m2025-11-26T11:23:56.987077Z[0m [32m INFO[0m [2mscanner::process[0m[2m:[0m DexSwap { swap_program_id: CPMMoo8L3F4NbTegBCKVNunggL7H1ZpdTHKxQB5qKP1C, pools: [HCX2xH3ykNQessV4auSa4kLd6fQWDqx4NqrRNAaDkdA8, 8hBe12uGwSiyALXH8mRv39GSWFYh5omvBt1fbm76zwWF], pool_owner: RaVenxw8kykBbW7KGBaBsb7fDkkBYK4uJVDSFun6ZxR, token_in: TokenAmount { mint: So11111111111111111111111111111111111111112, amount: 49107920 }, token_out: TokenAmount { mint: 44sHXMkPeciUpqhecfCysVs7RcaxeM24VPMauQouBREV, amount: 37392922390586 }, fees: [], vault_accounts: [] }
[2m2025-11-26T11:23:56.987336Z[0m [32m INFO[0m [2mscanner::process[0m[2m:[0m So11111111111111111111111111111111111111112 - 44sHXMkPeciUpqhecfCysVs7RcaxeM24VPMauQouBREV
[2m2025-11-26T11:23:56.987429Z[0m [32m INFO[0m [2mscanner::process[0m[2m:[0m Processing Signature: 4SmAbbVbbP2eEJGwAEEDoeJgg6hXLRPhfC3bNPFXXVszb9LVDXLbxLnVUt6AEnQehrjVcmFsEBouPZ1es9XHjH32
[2m2025-11-26T11:23:56.987478Z[0m [32m INFO[0m [2mscanner::process[0m[2m:[0m DexSwap { swap_program_id: cpamdpZCGKUy5JxQXB4dcpGPiikHawvSWAd6mEn1sGG, pools: [Cj5A73Jo3uNLxGHV7ovb1kz3Sux4oe5zPSA3pCPe9SYM, 5uB2E4mE27bKzHGEMZScJvcmPUfaQkyyTEyQSa1fcy2c], pool_owner: HT9VvBZzdGKPu2xr1gPBB9FsL5C6Z4DJFpDjxyLcCQeS, token_in: TokenAmount { mint: 44sHXMkPeciUpqhecfCysVs7RcaxeM24VPMauQouBREV, amount: 36645063942774 }, token_out: TokenAmount { mint: 9yZ5Ru8pbmJZ6Q2DKLCGXkaLNwkm83cnJ4QCw4PFpump, amount: 8898262678 }, fees: [TokenAmount { mint: 44sHXMkPeciUpqhecfCysVs7RcaxeM24VPMauQouBREV, amount: 17908845 }, TokenAmount { mint: 44sHXMkPeciUpqhecfCysVs7RcaxeM24VPMauQouBREV, amount: 4477211 }], vault_accounts: [] }
[2m2025-11-26T11:23:56.987769Z[0m [32m INFO[0m [2mscanner::process[0m[2m:[0m 44sHXMkPeciUpqhecfCysVs7RcaxeM24VPMauQouBREV - 9yZ5Ru8pbmJZ6Q2DKLCGXkaLNwkm83cnJ4QCw4PFpump
[2m2025-11-26T11:23:56.987863Z[0m [32m INFO[0m [2mscanner::process[0m[2m:[0m Processing Signature: 4SmAbbVbbP2eEJGwAEEDoeJgg6hXLRPhfC3bNPFXXVszb9LVDXLbxLnVUt6AEnQehrjVcmFsEBouPZ1es9XHjH32
[2m2025-11-26T11:23:56.987915Z[0m [32m INFO[0m [2mscanner::process[0m[2m:[0m DexSwap { swap_program_id: pAMMBay6oceH9fJKBRHGP5D4bD4sWpmSwMn52FMfXEA, pools: [3gjSbwdZ8c1fLnjBaYAa35jWZJXSictLs2WnsbrVnRUT, 9ho1rPVHGK2KrjDFPaJ8PhfotU8YsuukFAWdnCxeuThy], pool_owner: 2FUgN9XQGNqDxnpoCcXQziEUAH3DSnUxt5HJ9bY9vcFw, token_in: TokenAmount { mint: 9yZ5Ru8pbmJZ6Q2DKLCGXkaLNwkm83cnJ4QCw4PFpump, amount: 8898262678 }, token_out: TokenAmount { mint: So11111111111111111111111111111111111111112, amount: 47982700 }, fees: [TokenAmount { mint: 9yZ5Ru8pbmJZ6Q2DKLCGXkaLNwkm83cnJ4QCw4PFpump, amount: 96935 }, TokenAmount { mint: So11111111111111111111111111111111111111112, amount: 24234 }, TokenAmount { mint: So11111111111111111111111111111111111111112, amount: 363506 }], vault_accounts: [] }
[2m2025-11-26T11:23:56.988083Z[0m [32m INFO[0m [2mscanner::process[0m[2m:[0m 9yZ5Ru8pbmJZ6Q2DKLCGXkaLNwkm83cnJ4QCw4PFpump - So11111111111111111111111111111111111111112
[2m2025-11-26T11:23:56.988175Z[0m [32m INFO[0m [2mscanner[0m[2m:[0m Found intermediate mint: 44sHXMkPeciUpqhecfCysVs7RcaxeM24VPMauQouBREV with 0 decimals and 0 token accounts
[2m2025-11-26T11:23:56.988220Z[0m [33m WARN[0m [2mscanner[0m[2m:[0m No token accounts found for intermediate mint: 44sHXMkPeciUpqhecfCysVs7RcaxeM24VPMauQouBREV
[2m2025-11-26T11:23:56.988255Z[0m [32m INFO[0m [2mscanner[0m[2m:[0m Found intermediate mint: 9yZ5Ru8pbmJZ6Q2DKLCGXkaLNwkm83cnJ4QCw4PFpump with 0 decimals and 0 token accounts
[2m2025-11-26T11:23:56.988289Z[0m [33m WARN[0m [2mscanner[0m[2m:[0m No token accounts found for intermediate mint: 9yZ5Ru8pbmJZ6Q2DKLCGXkaLNwkm83cnJ4QCw4PFpump
[2m2025-11-26T11:23:57.213498Z[0m [32m INFO[0m [2mscanner::process[0m[2m:[0m Processing Signature: 5UcEH3LV9tRDASCEqCqjJLRP2gQ2KfuhWoCyEM82nkXh9T5EVCMRsQZBroGtCwhqyFPKzR5hhsbyKw1RYDTir673
[2m2025-11-26T11:23:57.213645Z[0m [32m INFO[0m [2mscanner::process[0m[2m:[0m DexSwap { swap_program_id: CPMMoo8L3F4NbTegBCKVNunggL7H1ZpdTHKxQB5qKP1C, pools: [HCX2xH3ykNQessV4auSa4kLd6fQWDqx4NqrRNAaDkdA8, 8hBe12uGwSiyALXH8mRv39GSWFYh5omvBt1fbm76zwWF], pool_owner: RaVenxw8kykBbW7KGBaBsb7fDkkBYK4uJVDSFun6ZxR, token_in: TokenAmount { mint: So11111111111111111111111111111111111111112, amount: 49107920 }, token_out: TokenAmount { mint: 44sHXMkPeciUpqhecfCysVs7RcaxeM24VPMauQouBREV, amount: 37392922390586 }, fees: [], vault_accounts: [] }
[2m2025-11-26T11:23:57.213888Z[0m [32m INFO[0m [2mscanner::process[0m[2m:[0m So11111111111111111111111111111111111111112 - 44sHXMkPeciUpqhecfCysVs7RcaxeM24VPMauQouBREV
[2m2025-11-26T11:23:57.213965Z[0m [32m INFO[0m [2mscanner::process[0m[2m:[0m Processing Signature: 5UcEH3LV9tRDASCEqCqjJLRP2gQ2KfuhWoCyEM82nkXh9T5EVCMRsQZBroGtCwhqyFPKzR5hhsbyKw1RYDTir673
[2m2025-11-26T11:23:57.214002Z[0m [32m INFO[0m [2mscanner::process[0m[2m:[0m DexSwap { swap_program_id: cpamdpZCGKUy5JxQXB4dcpGPiikHawvSWAd6mEn1sGG, pools: [Cj5A73Jo3uNLxGHV7ovb1kz3Sux4oe5zPSA3pCPe9SYM, 5uB2E4mE27bKzHGEMZScJvcmPUfaQkyyTEyQSa1fcy2c], pool_owner: HT9VvBZzdGKPu2xr1gPBB9FsL5C6Z4DJFpDjxyLcCQeS, token_in: TokenAmount { mint: 44sHXMkPeciUpqhecfCysVs7RcaxeM24VPMauQouBREV, amount: 36645063942774 }, token_out: TokenAmount { mint: 9yZ5Ru8pbmJZ6Q2DKLCGXkaLNwkm83cnJ4QCw4PFpump, amount: 8898262678 }, fees: [TokenAmount { mint: 44sHXMkPeciUpqhecfCysVs7RcaxeM24VPMauQouBREV, amount: 17908845 }, TokenAmount { mint: 44sHXMkPeciUpqhecfCysVs7RcaxeM24VPMauQouBREV, amount: 4477211 }], vault_accounts: [] }
[2m2025-11-26T11:23:57.214277Z[0m [32m INFO[0m [2mscanner::process[0m[2m:[0m 44sHXMkPeciUpqhecfCysVs7RcaxeM24VPMauQouBREV - 9yZ5Ru8pbmJZ6Q2DKLCGXkaLNwkm83cnJ4QCw4PFpump
[2m2025-11-26T11:23:57.214348Z[0m [32m INFO[0m [2mscanner::process[0m[2m:[0m Processing Signature: 5UcEH3LV9tRDASCEqCqjJLRP2gQ2KfuhWoCyEM82nkXh9T5EVCMRsQZBroGtCwhqyFPKzR5hhsbyKw1RYDTir673
[2m2025-11-26T11:23:57.214380Z[0m [32m INFO[0m [2mscanner::process[0m[2m:[0m DexSwap { swap_program_id: pAMMBay6oceH9fJKBRHGP5D4bD4sWpmSwMn52FMfXEA, pools: [3gjSbwdZ8c1fLnjBaYAa35jWZJXSictLs2WnsbrVnRUT, 9ho1rPVHGK2KrjDFPaJ8PhfotU8YsuukFAWdnCxeuThy], pool_owner: 2FUgN9XQGNqDxnpoCcXQziEUAH3DSnUxt5HJ9bY9vcFw, token_in: TokenAmount { mint: 9yZ5Ru8pbmJZ6Q2DKLCGXkaLNwkm83cnJ4QCw4PFpump, amount: 8898262678 }, token_out: TokenAmount { mint: So11111111111111111111111111111111111111112, amount: 47982700 }, fees: [TokenAmount { mint: 9yZ5Ru8pbmJZ6Q2DKLCGXkaLNwkm83cnJ4QCw4PFpump, amount: 96935 }, TokenAmount { mint: So11111111111111111111111111111111111111112, amount: 24234 }, TokenAmount { mint: So11111111111111111111111111111111111111112, amount: 363506 }], vault_accounts: [] }
[2m2025-11-26T11:23:57.214678Z[0m [32m INFO[0m [2mscanner::process[0m[2m:[0m 9yZ5Ru8pbmJZ6Q2DKLCGXkaLNwkm83cnJ4QCw4PFpump - So11111111111111111111111111111111111111112
[2m2025-11-26T11:23:57.214823Z[0m [32m INFO[0m [2mscanner[0m[2m:[0m Found intermediate mint: 9yZ5Ru8pbmJZ6Q2DKLCGXkaLNwkm83cnJ4QCw4PFpump with 0 decimals and 0 token accounts
[2m2025-11-26T11:23:57.214890Z[0m [33m WARN[0m [2mscanner[0m[2m:[0m No token accounts found for intermediate mint: 9yZ5Ru8pbmJZ6Q2DKLCGXkaLNwkm83cnJ4QCw4PFpump
[2m2025-11-26T11:23:57.214950Z[0m [32m INFO[0m [2mscanner[0m[2m:[0m Found intermediate mint: 44sHXMkPeciUpqhecfCysVs7RcaxeM24VPMauQouBREV with 0 decimals and 0 token accounts
[2m2025-11-26T11:23:57.215006Z[0m [33m WARN[0m [2mscanner[0m[2m:[0m No token accounts found for intermediate mint: 44sHXMkPeciUpqhecfCysVs7RcaxeM24VPMauQouBREV
[2m2025-11-26T11:23:57.216193Z[0m [32m INFO[0m [2mscanner::process[0m[2m:[0m Processing Signature: 3P15n5QkG58vpRFxANqiN4AhfB7gyKKXkFpzTGDp7GbcTXfnY44sgVEeHfzBCSd1nYnLQKrNADYkeQ2D9xh1tgX
[2m2025-11-26T11:23:57.216251Z[0m [32m INFO[0m [2mscanner::process[0m[2m:[0m DexSwap { swap_program_id: CPMMoo8L3F4NbTegBCKVNunggL7H1ZpdTHKxQB5qKP1C, pools: [HCX2xH3ykNQessV4auSa4kLd6fQWDqx4NqrRNAaDkdA8, 8hBe12uGwSiyALXH8mRv39GSWFYh5omvBt1fbm76zwWF], pool_owner: RaVenxw8kykBbW7KGBaBsb7fDkkBYK4uJVDSFun6ZxR, token_in: TokenAmount { mint: So11111111111111111111111111111111111111112, amount: 49107920 }, token_out: TokenAmount { mint: 44sHXMkPeciUpqhecfCysVs7RcaxeM24VPMauQouBREV, amount: 37392922390586 }, fees: [], vault_accounts: [] }
[2m2025-11-26T11:23:57.216331Z[0m [32m INFO[0m [2mscanner::process[0m[2m:[0m So11111111111111111111111111111111111111112 - 44sHXMkPeciUpqhecfCysVs7RcaxeM24VPMauQouBREV
[2m2025-11-26T11:23:57.216357Z[0m [32m INFO[0m [2mscanner::process[0m[2m:[0m Processing Signature: 3P15n5QkG58vpRFxANqiN4AhfB7gyKKXkFpzTGDp7GbcTXfnY44sgVEeHfzBCSd1nYnLQKrNADYkeQ2D9xh1tgX
[2m2025-11-26T11:23:57.216369Z[0m [32m INFO[0m [2mscanner::process[0m[2m:[0m DexSwap { swap_program_id: cpamdpZCGKUy5JxQXB4dcpGPiikHawvSWAd6mEn1sGG, pools: [Cj5A73Jo3uNLxGHV7ovb1kz3Sux4oe5zPSA3pCPe9SYM, 5uB2E4mE27bKzHGEMZScJvcmPUfaQkyyTEyQSa1fcy2c], pool_owner: HT9VvBZzdGKPu2xr1gPBB9FsL5C6Z4DJFpDjxyLcCQeS, token_in: TokenAmount { mint: 44sHXMkPeciUpqhecfCysVs7RcaxeM24VPMauQouBREV, amount: 36645063942774 }, token_out: TokenAmount { mint: 9yZ5Ru8pbmJZ6Q2DKLCGXkaLNwkm83cnJ4QCw4PFpump, amount: 8898262678 }, fees: [TokenAmount { mint: 44sHXMkPeciUpqhecfCysVs7RcaxeM24VPMauQouBREV, amount: 17908845 }, TokenAmount { mint: 44sHXMkPeciUpqhecfCysVs7RcaxeM24VPMauQouBREV, amount: 4477211 }], vault_accounts: [] }
[2m2025-11-26T11:23:57.216453Z[0m [32m INFO[0m [2mscanner::process[0m[2m:[0m 44sHXMkPeciUpqhecfCysVs7RcaxeM24VPMauQouBREV - 9yZ5Ru8pbmJZ6Q2DKLCGXkaLNwkm83cnJ4QCw4PFpump
[2m2025-11-26T11:23:57.216476Z[0m [32m INFO[0m [2mscanner::process[0m[2m:[0m Processing Signature: 3P15n5QkG58vpRFxANqiN4AhfB7gyKKXkFpzTGDp7GbcTXfnY44sgVEeHfzBCSd1nYnLQKrNADYkeQ2D9xh1tgX
[2m2025-11-26T11:23:57.216486Z[0m [32m INFO[0m [2mscanner::process[0m[2m:[0m DexSwap { swap_program_id: pAMMBay6oceH9fJKBRHGP5D4bD4sWpmSwMn52FMfXEA, pools: [3gjSbwdZ8c1fLnjBaYAa35jWZJXSictLs2WnsbrVnRUT, 9ho1rPVHGK2KrjDFPaJ8PhfotU8YsuukFAWdnCxeuThy], pool_owner: 2FUgN9XQGNqDxnpoCcXQziEUAH3DSnUxt5HJ9bY9vcFw, token_in: TokenAmount { mint: 9yZ5Ru8pbmJZ6Q2DKLCGXkaLNwkm83cnJ4QCw4PFpump, amount: 8898262678 }, token_out: TokenAmount { mint: So11111111111111111111111111111111111111112, amount: 47982700 }, fees: [TokenAmount { mint: 9yZ5Ru8pbmJZ6Q2DKLCGXkaLNwkm83cnJ4QCw4PFpump, amount: 96935 }, TokenAmount { mint: So11111111111111111111111111111111111111112, amount: 24234 }, TokenAmount { mint: So11111111111111111111111111111111111111112, amount: 363506 }], vault_accounts: [] }
[2m2025-11-26T11:23:57.216592Z[0m [32m INFO[0m [2mscanner::process[0m[2m:[0m 9yZ5Ru8pbmJZ6Q2DKLCGXkaLNwkm83cnJ4QCw4PFpump - So11111111111111111111111111111111111111112
[2m2025-11-26T11:23:57.216650Z[0m [32m INFO[0m [2mscanner[0m[2m:[0m Found intermediate mint: 44sHXMkPeciUpqhecfCysVs7RcaxeM24VPMauQouBREV with 0 decimals and 0 token accounts
[2m2025-11-26T11:23:57.216672Z[0m [33m WARN[0m [2mscanner[0m[2m:[0m No token accounts found for intermediate mint: 44sHXMkPeciUpqhecfCysVs7RcaxeM24VPMauQouBREV
[2m2025-11-26T11:23:57.216691Z[0m [32m INFO[0m [2mscanner[0m[2m:[0m Found intermediate mint: 9yZ5Ru8pbmJZ6Q2DKLCGXkaLNwkm83cnJ4QCw4PFpump with 0 decimals and 0 token accounts
[2m2025-11-26T11:23:57.216708Z[0m [33m WARN[0m [2mscanner[0m[2m:[0m No token accounts found for intermediate mint: 9yZ5Ru8pbmJZ6Q2DKLCGXkaLNwkm83cnJ4QCw4PFpump
[2m2025-11-26T11:23:58.248637Z[0m [32m INFO[0m [2mscanner::process[0m[2m:[0m Processing Signature: 4vFXYMhEhGnAdJ9kyHwWTwEB4TNsRpWEB8UnQtLbFnj2V27PWMYgNroyA99LVSZaoDxwciA4GBvsVSYEqHdhff8h
[2m2025-11-26T11:23:58.248803Z[0m [32m INFO[0m [2mscanner::process[0m[2m:[0m DexSwap { swap_program_id: CPMMoo8L3F4NbTegBCKVNunggL7H1ZpdTHKxQB5qKP1C, pools: [HCX2xH3ykNQessV4auSa4kLd6fQWDqx4NqrRNAaDkdA8, 8hBe12uGwSiyALXH8mRv39GSWFYh5omvBt1fbm76zwWF], pool_owner: RaVenxw8kykBbW7KGBaBsb7fDkkBYK4uJVDSFun6ZxR, token_in: TokenAmount { mint: So11111111111111111111111111111111111111112, amount: 49107920 }, token_out: TokenAmount { mint: 44sHXMkPeciUpqhecfCysVs7RcaxeM24VPMauQouBREV, amount: 37392922390586 }, fees: [], vault_accounts: [] }
[2m2025-11-26T11:23:58.249077Z[0m [32m INFO[0m [2mscanner::process[0m[2m:[0m So11111111111111111111111111111111111111112 - 44sHXMkPeciUpqhecfCysVs7RcaxeM24VPMauQouBREV
[2m2025-11-26T11:23:58.249176Z[0m [32m INFO[0m [2mscanner::process[0m[2m:[0m Processing Signature: 4vFXYMhEhGnAdJ9kyHwWTwEB4TNsRpWEB8UnQtLbFnj2V27PWMYgNroyA99LVSZaoDxwciA4GBvsVSYEqHdhff8h
[2m2025-11-26T11:23:58.249229Z[0m [32m INFO[0m [2mscanner::process[0m[2m:[0m DexSwap { swap_program_id: cpamdpZCGKUy5JxQXB4dcpGPiikHawvSWAd6mEn1sGG, pools: [Cj5A73Jo3uNLxGHV7ovb1kz3Sux4oe5zPSA3pCPe9SYM, 5uB2E4mE27bKzHGEMZScJvcmPUfaQkyyTEyQSa1fcy2c], pool_owner: HT9VvBZzdGKPu2xr1gPBB9FsL5C6Z4DJFpDjxyLcCQeS, token_in: TokenAmount { mint: 44sHXMkPeciUpqhecfCysVs7RcaxeM24VPMauQouBREV, amount: 36645063942774 }, token_out: TokenAmount { mint: 9yZ5Ru8pbmJZ6Q2DKLCGXkaLNwkm83cnJ4QCw4PFpump, amount: 8898262678 }, fees: [TokenAmount { mint: 44sHXMkPeciUpqhecfCysVs7RcaxeM24VPMauQouBREV, amount: 17908845 }, TokenAmount { mint: 44sHXMkPeciUpqhecfCysVs7RcaxeM24VPMauQouBREV, amount: 4477211 }], vault_accounts: [] }
[2m2025-11-26T11:23:58.249521Z[0m [32m INFO[0m [2mscanner::process[0m[2m:[0m 44sHXMkPeciUpqhecfCysVs7RcaxeM24VPMauQouBREV - 9yZ5Ru8pbmJZ6Q2DKLCGXkaLNwkm83cnJ4QCw4PFpump
[2m2025-11-26T11:23:58.249608Z[0m [32m INFO[0m [2mscanner::process[0m[2m:[0m Processing Signature: 4vFXYMhEhGnAdJ9kyHwWTwEB4TNsRpWEB8UnQtLbFnj2V27PWMYgNroyA99LVSZaoDxwciA4GBvsVSYEqHdhff8h
[2m2025-11-26T11:23:58.249655Z[0m [32m INFO[0m [2mscanner::process[0m[2m:[0m DexSwap { swap_program_id: pAMMBay6oceH9fJKBRHGP5D4bD4sWpmSwMn52FMfXEA, pools: [3gjSbwdZ8c1fLnjBaYAa35jWZJXSictLs2WnsbrVnRUT, 9ho1rPVHGK2KrjDFPaJ8PhfotU8YsuukFAWdnCxeuThy], pool_owner: 2FUgN9XQGNqDxnpoCcXQziEUAH3DSnUxt5HJ9bY9vcFw, token_in: TokenAmount { mint: 9yZ5Ru8pbmJZ6Q2DKLCGXkaLNwkm83cnJ4QCw4PFpump, amount: 8898262678 }, token_out: TokenAmount { mint: So11111111111111111111111111111111111111112, amount: 47993947 }, fees: [TokenAmount { mint: 9yZ5Ru8pbmJZ6Q2DKLCGXkaLNwkm83cnJ4QCw4PFpump, amount: 96958 }, TokenAmount { mint: So11111111111111111111111111111111111111112, amount: 24240 }, TokenAmount { mint: So11111111111111111111111111111111111111112, amount: 363591 }], vault_accounts: [] }
[2m2025-11-26T11:23:58.250012Z[0m [32m INFO[0m [2mscanner::process[0m[2m:[0m 9yZ5Ru8pbmJZ6Q2DKLCGXkaLNwkm83cnJ4QCw4PFpump - So11111111111111111111111111111111111111112
[2m2025-11-26T11:23:58.250175Z[0m [32m INFO[0m [2mscanner[0m[2m:[0m Found intermediate mint: 44sHXMkPeciUpqhecfCysVs7RcaxeM24VPMauQouBREV with 0 decimals and 0 token accounts
[2m2025-11-26T11:23:58.250259Z[0m [33m WARN[0m [2mscanner[0m[2m:[0m No token accounts found for intermediate mint: 44sHXMkPeciUpqhecfCysVs7RcaxeM24VPMauQouBREV
[2m2025-11-26T11:23:58.250332Z[0m [32m INFO[0m [2mscanner[0m[2m:[0m Found intermediate mint: 9yZ5Ru8pbmJZ6Q2DKLCGXkaLNwkm83cnJ4QCw4PFpump with 0 decimals and 0 token accounts
[2m2025-11-26T11:23:58.250406Z[0m [33m WARN[0m [2mscanner[0m[2m:[0m No token accounts found for intermediate mint: 9yZ5Ru8pbmJZ6Q2DKLCGXkaLNwkm83cnJ4QCw4PFpump
[2m2025-11-26T11:23:58.252398Z[0m [32m INFO[0m [2mscanner::process[0m[2m:[0m Processing Signature: 25uZRK3c2mLe4ufpsvrrpKpdFmbgYc7HEisUMY3RzcTRTZ1qtS5hWsdkKqNYTM7kTF73kGjeb9omST1jsywhRSVe
[2m2025-11-26T11:23:58.252483Z[0m [32m INFO[0m [2mscanner::process[0m[2m:[0m DexSwap { swap_program_id: CPMMoo8L3F4NbTegBCKVNunggL7H1ZpdTHKxQB5qKP1C, pools: [HCX2xH3ykNQessV4auSa4kLd6fQWDqx4NqrRNAaDkdA8, 8hBe12uGwSiyALXH8mRv39GSWFYh5omvBt1fbm76zwWF], pool_owner: RaVenxw8kykBbW7KGBaBsb7fDkkBYK4uJVDSFun6ZxR, token_in: TokenAmount { mint: So11111111111111111111111111111111111111112, amount: 49107920 }, token_out: TokenAmount { mint: 44sHXMkPeciUpqhecfCysVs7RcaxeM24VPMauQouBREV, amount: 37392922390586 }, fees: [], vault_accounts: [] }
[2m2025-11-26T11:23:58.252602Z[0m [32m INFO[0m [2mscanner::process[0m[2m:[0m So11111111111111111111111111111111111111112 - 44sHXMkPeciUpqhecfCysVs7RcaxeM24VPMauQouBREV
[2m2025-11-26T11:23:58.252681Z[0m [32m INFO[0m [2mscanner::process[0m[2m:[0m Processing Signature: 25uZRK3c2mLe4ufpsvrrpKpdFmbgYc7HEisUMY3RzcTRTZ1qtS5hWsdkKqNYTM7kTF73kGjeb9omST1jsywhRSVe
[2m2025-11-26T11:23:58.252719Z[0m [32m INFO[0m [2mscanner::process[0m[2m:[0m DexSwap { swap_program_id: cpamdpZCGKUy5JxQXB4dcpGPiikHawvSWAd6mEn1sGG, pools: [Cj5A73Jo3uNLxGHV7ovb1kz3Sux4oe5zPSA3pCPe9SYM, 5uB2E4mE27bKzHGEMZScJvcmPUfaQkyyTEyQSa1fcy2c], pool_owner: HT9VvBZzdGKPu2xr1gPBB9FsL5C6Z4DJFpDjxyLcCQeS, token_in: TokenAmount { mint: 44sHXMkPeciUpqhecfCysVs7RcaxeM24VPMauQouBREV, amount: 36645063942774 }, token_out: TokenAmount { mint: 9yZ5Ru8pbmJZ6Q2DKLCGXkaLNwkm83cnJ4QCw4PFpump, amount: 8898262678 }, fees: [TokenAmount { mint: 44sHXMkPeciUpqhecfCysVs7RcaxeM24VPMauQouBREV, amount: 17908845 }, TokenAmount { mint: 44sHXMkPeciUpqhecfCysVs7RcaxeM24VPMauQouBREV, amount: 4477211 }], vault_accounts: [] }
[2m2025-11-26T11:23:58.252863Z[0m [32m INFO[0m [2mscanner::process[0m[2m:[0m 44sHXMkPeciUpqhecfCysVs7RcaxeM24VPMauQouBREV - 9yZ5Ru8pbmJZ6Q2DKLCGXkaLNwkm83cnJ4QCw4PFpump
[2m2025-11-26T11:23:58.252916Z[0m [32m INFO[0m [2mscanner::process[0m[2m:[0m Processing Signature: 25uZRK3c2mLe4ufpsvrrpKpdFmbgYc7HEisUMY3RzcTRTZ1qtS5hWsdkKqNYTM7kTF73kGjeb9omST1jsywhRSVe
[2m2025-11-26T11:23:58.252952Z[0m [32m INFO[0m [2mscanner::process[0m[2m:[0m DexSwap { swap_program_id: pAMMBay6oceH9fJKBRHGP5D4bD4sWpmSwMn52FMfXEA, pools: [3gjSbwdZ8c1fLnjBaYAa35jWZJXSictLs2WnsbrVnRUT, 9ho1rPVHGK2KrjDFPaJ8PhfotU8YsuukFAWdnCxeuThy], pool_owner: 2FUgN9XQGNqDxnpoCcXQziEUAH3DSnUxt5HJ9bY9vcFw, token_in: TokenAmount { mint: 9yZ5Ru8pbmJZ6Q2DKLCGXkaLNwkm83cnJ4QCw4PFpump, amount: 8898262678 }, token_out: TokenAmount { mint: So11111111111111111111111111111111111111112, amount: 47993947 }, fees: [TokenAmount { mint: 9yZ5Ru8pbmJZ6Q2DKLCGXkaLNwkm83cnJ4QCw4PFpump, amount: 96958 }, TokenAmount { mint: So11111111111111111111111111111111111111112, amount: 24240 }, TokenAmount { mint: So11111111111111111111111111111111111111112, amount: 363591 }], vault_accounts: [] }
[2m2025-11-26T11:23:58.253100Z[0m [32m INFO[0m [2mscanner::process[0m[2m:[0m 9yZ5Ru8pbmJZ6Q2DKLCGXkaLNwkm83cnJ4QCw4PFpump - So11111111111111111111111111111111111111112
[2m2025-11-26T11:23:58.253175Z[0m [32m INFO[0m [2mscanner[0m[2m:[0m Found intermediate mint: 44sHXMkPeciUpqhecfCysVs7RcaxeM24VPMauQouBREV with 0 decimals and 0 token accounts
[2m2025-11-26T11:23:58.253227Z[0m [33m WARN[0m [2mscanner[0m[2m:[0m No token accounts found for intermediate mint: 44sHXMkPeciUpqhecfCysVs7RcaxeM24VPMauQouBREV
[2m2025-11-26T11:23:58.253266Z[0m [32m INFO[0m [2mscanner[0m[2m:[0m Found intermediate mint: 9yZ5Ru8pbmJZ6Q2DKLCGXkaLNwkm83cnJ4QCw4PFpump with 0 decimals and 0 token accounts
[2m2025-11-26T11:23:58.253307Z[0m [33m WARN[0m [2mscanner[0m[2m:[0m No token accounts found for intermediate mint: 9yZ5Ru8pbmJZ6Q2DKLCGXkaLNwkm83cnJ4QCw4PFpump
[2m2025-11-26T11:23:58.953522Z[0m [32m INFO[0m [2mscanner::process[0m[2m:[0m Processing Signature: 3D7EUmMfKWwSjrdJdbFmWpA2qYXfPmUnuRsSra51DRWwqoXbqWpyjLfHEHBB1BDB6HEMpqDrQzU812EMLrHUyUqp
[2m2025-11-26T11:23:58.953616Z[0m [32m INFO[0m [2mscanner::process[0m[2m:[0m DexSwap { swap_program_id: LBUZKhRxPF3XUpBCjp4YzTKgLccjZhTSDM9YuVaPwxo, pools: [4y5g8SHg5rB7kPn9GEDcFACkrCcu9pxKfHpvgx6b4uXg, 9rhAC5eY5j8cXL6kZRXWGPsemDv9dvKUbdcvwwkKP8jJ], pool_owner: DtVxQg4c6BJg5HyFR98we7hycDTeayfY9myxCE8u3pTZ, token_in: TokenAmount { mint: So11111111111111111111111111111111111111112, amount: 974363682 }, token_out: TokenAmount { mint: 4NGbC4RRrUjS78ooSN53Up7gSg4dGrj6F6dxpMWHbonk, amount: 3506485668421 }, fees: [TokenAmount { mint: So11111111111111111111111111111111111111112, amount: 10401333 }, TokenAmount { mint: So11111111111111111111111111111111111111112, amount: 520066 }, TokenAmount { mint: So11111111111111111111111111111111111111112, amount: 10675000 }], vault_accounts: [] }
[2m2025-11-26T11:23:58.953727Z[0m [32m INFO[0m [2mscanner::process[0m[2m:[0m So11111111111111111111111111111111111111112 - 4NGbC4RRrUjS78ooSN53Up7gSg4dGrj6F6dxpMWHbonk
[2m2025-11-26T11:23:58.953756Z[0m [32m INFO[0m [2mscanner::process[0m[2m:[0m Processing Signature: 3D7EUmMfKWwSjrdJdbFmWpA2qYXfPmUnuRsSra51DRWwqoXbqWpyjLfHEHBB1BDB6HEMpqDrQzU812EMLrHUyUqp
[2m2025-11-26T11:23:58.953768Z[0m [32m INFO[0m [2mscanner::process[0m[2m:[0m DexSwap { swap_program_id: CPMMoo8L3F4NbTegBCKVNunggL7H1ZpdTHKxQB5qKP1C, pools: [5HfHHKVN2NtFiVdzj5PaV818kJtbj6D7zb2PhCpKEVgG, 2N7mLVZt3ALY75g6S76inrgMgtQB6KVkqT9cV6idWKZU], pool_owner: GnkTz4LD9r95CT5GNtuZH2w3AJYudT5MCYrQG2Re5dZ5, token_in: TokenAmount { mint: 4NGbC4RRrUjS78ooSN53Up7gSg4dGrj6F6dxpMWHbonk, amount: 3506485668421 }, token_out: TokenAmount { mint: So11111111111111111111111111111111111111112, amount: 964095589 }, fees: [], vault_accounts: [] }
[2m2025-11-26T11:23:58.953834Z[0m [32m INFO[0m [2mscanner::process[0m[2m:[0m 4NGbC4RRrUjS78ooSN53Up7gSg4dGrj6F6dxpMWHbonk - So11111111111111111111111111111111111111112
[2m2025-11-26T11:23:58.953890Z[0m [32m INFO[0m [2mscanner[0m[2m:[0m Found intermediate mint: 4NGbC4RRrUjS78ooSN53Up7gSg4dGrj6F6dxpMWHbonk with 0 decimals and 0 token accounts
[2m2025-11-26T11:23:58.953912Z[0m [33m WARN[0m [2mscanner[0m[2m:[0m No token accounts found for intermediate mint: 4NGbC4RRrUjS78ooSN53Up7gSg4dGrj6F6dxpMWHbonk
[2m2025-11-26T11:23:59.067105Z[0m [32m INFO[0m [2mscanner::grpc[0m[2m:[0m Roundtrip ping for http://ny-rpc.notarb.org:10000/: 232ms
[2m2025-11-26T11:23:59.941975Z[0m [32m INFO[0m [2mscanner::process[0m[2m:[0m Processing Signature: 5eHEjzNXykSAAPd6SYXPBXrSPk5BiEajZapoZcxwftRRMxvi1JSK9Bcvqf8UsoPzuzBGNxy2ZxfSVtYZRkc7nP9U
[2m2025-11-26T11:23:59.942108Z[0m [32m INFO[0m [2mscanner::process[0m[2m:[0m DexSwap { swap_program_id: CPMMoo8L3F4NbTegBCKVNunggL7H1ZpdTHKxQB5qKP1C, pools: [HCX2xH3ykNQessV4auSa4kLd6fQWDqx4NqrRNAaDkdA8, 8hBe12uGwSiyALXH8mRv39GSWFYh5omvBt1fbm76zwWF], pool_owner: RaVenxw8kykBbW7KGBaBsb7fDkkBYK4uJVDSFun6ZxR, token_in: TokenAmount { mint: So11111111111111111111111111111111111111112, amount: 49107920 }, token_out: TokenAmount { mint: 44sHXMkPeciUpqhecfCysVs7RcaxeM24VPMauQouBREV, amount: 37392922390586 }, fees: [], vault_accounts: [] }
[2m2025-11-26T11:23:59.942263Z[0m [32m INFO[0m [2mscanner::process[0m[2m:[0m So11111111111111111111111111111111111111112 - 44sHXMkPeciUpqhecfCysVs7RcaxeM24VPMauQouBREV
[2m2025-11-26T11:23:59.942329Z[0m [32m INFO[0m [2mscanner::process[0m[2m:[0m Processing Signature: 5eHEjzNXykSAAPd6SYXPBXrSPk5BiEajZapoZcxwftRRMxvi1JSK9Bcvqf8UsoPzuzBGNxy2ZxfSVtYZRkc7nP9U
[2m2025-11-26T11:23:59.942358Z[0m [32m INFO[0m [2mscanner::process[0m[2m:[0m DexSwap { swap_program_id: cpamdpZCGKUy5JxQXB4dcpGPiikHawvSWAd6mEn1sGG, pools: [Cj5A73Jo3uNLxGHV7ovb1kz3Sux4oe5zPSA3pCPe9SYM, 5uB2E4mE27bKzHGEMZScJvcmPUfaQkyyTEyQSa1fcy2c], pool_owner: HT9VvBZzdGKPu2xr1gPBB9FsL5C6Z4DJFpDjxyLcCQeS, token_in: TokenAmount { mint: 44sHXMkPeciUpqhecfCysVs7RcaxeM24VPMauQouBREV, amount: 36645063942774 }, token_out: TokenAmount { mint: 9yZ5Ru8pbmJZ6Q2DKLCGXkaLNwkm83cnJ4QCw4PFpump, amount: 8898262678 }, fees: [TokenAmount { mint: 44sHXMkPeciUpqhecfCysVs7RcaxeM24VPMauQouBREV, amount: 17908845 }, TokenAmount { mint: 44sHXMkPeciUpqhecfCysVs7RcaxeM24VPMauQouBREV, amount: 4477211 }], vault_accounts: [] }
[2m2025-11-26T11:23:59.942522Z[0m [32m INFO[0m [2mscanner::process[0m[2m:[0m 44sHXMkPeciUpqhecfCysVs7RcaxeM24VPMauQouBREV - 9yZ5Ru8pbmJZ6Q2DKLCGXkaLNwkm83cnJ4QCw4PFpump
[2m2025-11-26T11:23:59.942570Z[0m [32m INFO[0m [2mscanner::process[0m[2m:[0m Processing Signature: 5eHEjzNXykSAAPd6SYXPBXrSPk5BiEajZapoZcxwftRRMxvi1JSK9Bcvqf8UsoPzuzBGNxy2ZxfSVtYZRkc7nP9U
[2m2025-11-26T11:23:59.942592Z[0m [32m INFO[0m [2mscanner::process[0m[2m:[0m DexSwap { swap_program_id: pAMMBay6oceH9fJKBRHGP5D4bD4sWpmSwMn52FMfXEA, pools: [3gjSbwdZ8c1fLnjBaYAa35jWZJXSictLs2WnsbrVnRUT, 9ho1rPVHGK2KrjDFPaJ8PhfotU8YsuukFAWdnCxeuThy], pool_owner: 2FUgN9XQGNqDxnpoCcXQziEUAH3DSnUxt5HJ9bY9vcFw, token_in: TokenAmount { mint: 9yZ5Ru8pbmJZ6Q2DKLCGXkaLNwkm83cnJ4QCw4PFpump, amount: 8898262678 }, token_out: TokenAmount { mint: So11111111111111111111111111111111111111112, amount: 48005195 }, fees: [TokenAmount { mint: 9yZ5Ru8pbmJZ6Q2DKLCGXkaLNwkm83cnJ4QCw4PFpump, amount: 96981 }, TokenAmount { mint: So11111111111111111111111111111111111111112, amount: 24246 }, TokenAmount { mint: So11111111111111111111111111111111111111112, amount: 363676 }], vault_accounts: [] }
[2m2025-11-26T11:23:59.942780Z[0m [32m INFO[0m [2mscanner::process[0m[2m:[0m 9yZ5Ru8pbmJZ6Q2DKLCGXkaLNwkm83cnJ4QCw4PFpump - So11111111111111111111111111111111111111112
[2m2025-11-26T11:23:59.942898Z[0m [32m INFO[0m [2mscanner[0m[2m:[0m Found intermediate mint: 9yZ5Ru8pbmJZ6Q2DKLCGXkaLNwkm83cnJ4QCw4PFpump with 0 decimals and 0 token accounts
[2m2025-11-26T11:23:59.942944Z[0m [33m WARN[0m [2mscanner[0m[2m:[0m No token accounts found for intermediate mint: 9yZ5Ru8pbmJZ6Q2DKLCGXkaLNwkm83cnJ4QCw4PFpump
[2m2025-11-26T11:23:59.942978Z[0m [32m INFO[0m [2mscanner[0m[2m:[0m Found intermediate mint: 44sHXMkPeciUpqhecfCysVs7RcaxeM24VPMauQouBREV with 0 decimals and 0 token accounts
[2m2025-11-26T11:23:59.943013Z[0m [33m WARN[0m [2mscanner[0m[2m:[0m No token accounts found for intermediate mint: 44sHXMkPeciUpqhecfCysVs7RcaxeM24VPMauQouBREV
[2m2025-11-26T11:23:59.944793Z[0m [32m INFO[0m [2mscanner::process[0m[2m:[0m Processing Signature: 3AxdQ8cx3474QkdpGJZAhX4cEQzhYipvLgyDaFzb4TMVEFSNjdzx7MNyyjafn5bxFFemyfppKhYchfc5j6ww2RC
[2m2025-11-26T11:23:59.944839Z[0m [32m INFO[0m [2mscanner::process[0m[2m:[0m DexSwap { swap_program_id: CPMMoo8L3F4NbTegBCKVNunggL7H1ZpdTHKxQB5qKP1C, pools: [HCX2xH3ykNQessV4auSa4kLd6fQWDqx4NqrRNAaDkdA8, 8hBe12uGwSiyALXH8mRv39GSWFYh5omvBt1fbm76zwWF], pool_owner: RaVenxw8kykBbW7KGBaBsb7fDkkBYK4uJVDSFun6ZxR, token_in: TokenAmount { mint: So11111111111111111111111111111111111111112, amount: 49107920 }, token_out: TokenAmount { mint: 44sHXMkPeciUpqhecfCysVs7RcaxeM24VPMauQouBREV, amount: 37392922390586 }, fees: [], vault_accounts: [] }
[2m2025-11-26T11:23:59.944935Z[0m [32m INFO[0m [2mscanner::process[0m[2m:[0m So11111111111111111111111111111111111111112 - 44sHXMkPeciUpqhecfCysVs7RcaxeM24VPMauQouBREV
[2m2025-11-26T11:23:59.944968Z[0m [32m INFO[0m [2mscanner::process[0m[2m:[0m Processing Signature: 3AxdQ8cx3474QkdpGJZAhX4cEQzhYipvLgyDaFzb4TMVEFSNjdzx7MNyyjafn5bxFFemyfppKhYchfc5j6ww2RC
[2m2025-11-26T11:23:59.944997Z[0m [32m INFO[0m [2mscanner::process[0m[2m:[0m DexSwap { swap_program_id: cpamdpZCGKUy5JxQXB4dcpGPiikHawvSWAd6mEn1sGG, pools: [Cj5A73Jo3uNLxGHV7ovb1kz3Sux4oe5zPSA3pCPe9SYM, 5uB2E4mE27bKzHGEMZScJvcmPUfaQkyyTEyQSa1fcy2c], pool_owner: HT9VvBZzdGKPu2xr1gPBB9FsL5C6Z4DJFpDjxyLcCQeS, token_in: TokenAmount { mint: 44sHXMkPeciUpqhecfCysVs7RcaxeM24VPMauQouBREV, amount: 36645063942774 }, token_out: TokenAmount { mint: 9yZ5Ru8pbmJZ6Q2DKLCGXkaLNwkm83cnJ4QCw4PFpump, amount: 8898262678 }, fees: [TokenAmount { mint: 44sHXMkPeciUpqhecfCysVs7RcaxeM24VPMauQouBREV, amount: 17908845 }, TokenAmount { mint: 44sHXMkPeciUpqhecfCysVs7RcaxeM24VPMauQouBREV, amount: 4477211 }], vault_accounts: [] }
[2m2025-11-26T11:23:59.945117Z[0m [32m INFO[0m [2mscanner::process[0m[2m:[0m 44sHXMkPeciUpqhecfCysVs7RcaxeM24VPMauQouBREV - 9yZ5Ru8pbmJZ6Q2DKLCGXkaLNwkm83cnJ4QCw4PFpump
[2m2025-11-26T11:23:59.945150Z[0m [32m INFO[0m [2mscanner::process[0m[2m:[0m Processing Signature: 3AxdQ8cx3474QkdpGJZAhX4cEQzhYipvLgyDaFzb4TMVEFSNjdzx7MNyyjafn5bxFFemyfppKhYchfc5j6ww2RC
[2m2025-11-26T11:23:59.945165Z[0m [32m INFO[0m [2mscanner::process[0m[2m:[0m DexSwap { swap_program_id: pAMMBay6oceH9fJKBRHGP5D4bD4sWpmSwMn52FMfXEA, pools: [3gjSbwdZ8c1fLnjBaYAa35jWZJXSictLs2WnsbrVnRUT, 9ho1rPVHGK2KrjDFPaJ8PhfotU8YsuukFAWdnCxeuThy], pool_owner: 2FUgN9XQGNqDxnpoCcXQziEUAH3DSnUxt5HJ9bY9vcFw, token_in: TokenAmount { mint: 9yZ5Ru8pbmJZ6Q2DKLCGXkaLNwkm83cnJ4QCw4PFpump, amount: 8898262678 }, token_out: TokenAmount { mint: So11111111111111111111111111111111111111112, amount: 48005195 }, fees: [TokenAmount { mint: 9yZ5Ru8pbmJZ6Q2DKLCGXkaLNwkm83cnJ4QCw4PFpump, amount: 96981 }, TokenAmount { mint: So11111111111111111111111111111111111111112, amount: 24246 }, TokenAmount { mint: So11111111111111111111111111111111111111112, amount: 363676 }], vault_accounts: [] }
[2m2025-11-26T11:23:59.945296Z[0m [32m INFO[0m [2mscanner::process[0m[2m:[0m 9yZ5Ru8pbmJZ6Q2DKLCGXkaLNwkm83cnJ4QCw4PFpump - So11111111111111111111111111111111111111112
[2m2025-11-26T11:23:59.945360Z[0m [32m INFO[0m [2mscanner[0m[2m:[0m Found intermediate mint: 9yZ5Ru8pbmJZ6Q2DKLCGXkaLNwkm83cnJ4QCw4PFpump with 0 decimals and 0 token accounts
[2m2025-11-26T11:23:59.945387Z[0m [33m WARN[0m [2mscanner[0m[2m:[0m No token accounts found for intermediate mint: 9yZ5Ru8pbmJZ6Q2DKLCGXkaLNwkm83cnJ4QCw4PFpump
[2m2025-11-26T11:23:59.945412Z[0m [32m INFO[0m [2mscanner[0m[2m:[0m Found intermediate mint: 44sHXMkPeciUpqhecfCysVs7RcaxeM24VPMauQouBREV with 0 decimals and 0 token accounts
[2m2025-11-26T11:23:59.945437Z[0m [33m WARN[0m [2mscanner[0m[2m:[0m No token accounts found for intermediate mint: 44sHXMkPeciUpqhecfCysVs7RcaxeM24VPMauQouBREV
[2m2025-11-26T11:23:59.946279Z[0m [32m INFO[0m [2mscanner::process[0m[2m:[0m Processing Signature: 3TcvhXMZ8NP3z85Rfu1fdEWwsNvXvSWJLwAx9xNJYNHLTHCKGLDKNNLQcgpzZSbvxpSV8bkLMREPF4gdSka5Xsvm
[2m2025-11-26T11:23:59.946303Z[0m [32m INFO[0m [2mscanner::process[0m[2m:[0m DexSwap { swap_program_id: CPMMoo8L3F4NbTegBCKVNunggL7H1ZpdTHKxQB5qKP1C, pools: [HCX2xH3ykNQessV4auSa4kLd6fQWDqx4NqrRNAaDkdA8, 8hBe12uGwSiyALXH8mRv39GSWFYh5omvBt1fbm76zwWF], pool_owner: RaVenxw8kykBbW7KGBaBsb7fDkkBYK4uJVDSFun6ZxR, token_in: TokenAmount { mint: So11111111111111111111111111111111111111112, amount: 49107920 }, token_out: TokenAmount { mint: 44sHXMkPeciUpqhecfCysVs7RcaxeM24VPMauQouBREV, amount: 37392922390586 }, fees: [], vault_accounts: [] }
[2m2025-11-26T11:23:59.946388Z[0m [32m INFO[0m [2mscanner::process[0m[2m:[0m So11111111111111111111111111111111111111112 - 44sHXMkPeciUpqhecfCysVs7RcaxeM24VPMauQouBREV
[2m2025-11-26T11:23:59.946418Z[0m [32m INFO[0m [2mscanner::process[0m[2m:[0m Processing Signature: 3TcvhXMZ8NP3z85Rfu1fdEWwsNvXvSWJLwAx9xNJYNHLTHCKGLDKNNLQcgpzZSbvxpSV8bkLMREPF4gdSka5Xsvm
[2m2025-11-26T11:23:59.946432Z[0m [32m INFO[0m [2mscanner::process[0m[2m:[0m DexSwap { swap_program_id: cpamdpZCGKUy5JxQXB4dcpGPiikHawvSWAd6mEn1sGG, pools: [Cj5A73Jo3uNLxGHV7ovb1kz3Sux4oe5zPSA3pCPe9SYM, 5uB2E4mE27bKzHGEMZScJvcmPUfaQkyyTEyQSa1fcy2c], pool_owner: HT9VvBZzdGKPu2xr1gPBB9FsL5C6Z4DJFpDjxyLcCQeS, token_in: TokenAmount { mint: 44sHXMkPeciUpqhecfCysVs7RcaxeM24VPMauQouBREV, amount: 36645063942774 }, token_out: TokenAmount { mint: 9yZ5Ru8pbmJZ6Q2DKLCGXkaLNwkm83cnJ4QCw4PFpump, amount: 8898262678 }, fees: [TokenAmount { mint: 44sHXMkPeciUpqhecfCysVs7RcaxeM24VPMauQouBREV, amount: 17908845 }, TokenAmount { mint: 44sHXMkPeciUpqhecfCysVs7RcaxeM24VPMauQouBREV, amount: 4477211 }], vault_accounts: [] }
[2m2025-11-26T11:23:59.946541Z[0m [32m INFO[0m [2mscanner::process[0m[2m:[0m 44sHXMkPeciUpqhecfCysVs7RcaxeM24VPMauQouBREV - 9yZ5Ru8pbmJZ6Q2DKLCGXkaLNwkm83cnJ4QCw4PFpump
[2m2025-11-26T11:23:59.946569Z[0m [32m INFO[0m [2mscanner::process[0m[2m:[0m Processing Signature: 3TcvhXMZ8NP3z85Rfu1fdEWwsNvXvSWJLwAx9xNJYNHLTHCKGLDKNNLQcgpzZSbvxpSV8bkLMREPF4gdSka5Xsvm
[2m2025-11-26T11:23:59.946583Z[0m [32m INFO[0m [2mscanner::process[0m[2m:[0m DexSwap { swap_program_id: pAMMBay6oceH9fJKBRHGP5D4bD4sWpmSwMn52FMfXEA, pools: [3gjSbwdZ8c1fLnjBaYAa35jWZJXSictLs2WnsbrVnRUT, 9ho1rPVHGK2KrjDFPaJ8PhfotU8YsuukFAWdnCxeuThy], pool_owner: 2FUgN9XQGNqDxnpoCcXQziEUAH3DSnUxt5HJ9bY9vcFw, token_in: TokenAmount { mint: 9yZ5Ru8pbmJZ6Q2DKLCGXkaLNwkm83cnJ4QCw4PFpump, amount: 8898262678 }, token_out: TokenAmount { mint: So11111111111111111111111111111111111111112, amount: 48005195 }, fees: [TokenAmount { mint: 9yZ5Ru8pbmJZ6Q2DKLCGXkaLNwkm83cnJ4QCw4PFpump, amount: 96981 }, TokenAmount { mint: So11111111111111111111111111111111111111112, amount: 24246 }, TokenAmount { mint: So11111111111111111111111111111111111111112, amount: 363676 }], vault_accounts: [] }
[2m2025-11-26T11:23:59.946707Z[0m [32m INFO[0m [2mscanner::process[0m[2m:[0m 9yZ5Ru8pbmJZ6Q2DKLCGXkaLNwkm83cnJ4QCw4PFpump - So11111111111111111111111111111111111111112
[2m2025-11-26T11:23:59.946755Z[0m [32m INFO[0m [2mscanner[0m[2m:[0m Found intermediate mint: 9yZ5Ru8pbmJZ6Q2DKLCGXkaLNwkm83cnJ4QCw4PFpump with 0 decimals and 0 token accounts
[2m2025-11-26T11:23:59.946780Z[0m [33m WARN[0m [2mscanner[0m[2m:[0m No token accounts found for intermediate mint: 9yZ5Ru8pbmJZ6Q2DKLCGXkaLNwkm83cnJ4QCw4PFpump
[2m2025-11-26T11:23:59.946803Z[0m [32m INFO[0m [2mscanner[0m[2m:[0m Found intermediate mint: 44sHXMkPeciUpqhecfCysVs7RcaxeM24VPMauQouBREV with 0 decimals and 0 token accounts
[2m2025-11-26T11:23:59.946825Z[0m [33m WARN[0m [2mscanner[0m[2m:[0m No token accounts found for intermediate mint: 44sHXMkPeciUpqhecfCysVs7RcaxeM24VPMauQouBREV
[2m2025-11-26T11:24:02.414723Z[0m [32m INFO[0m [2mscanner::process[0m[2m:[0m Processing Signature: XnocsqLimiCcDrQ9Ma3jHhb1zcgFmbLtVPgCRrXAUUPuH8RW8vr3ZBnhgesBrMsBWk3V1WHp9K6Z1DjREpfChWX
[2m2025-11-26T11:24:02.414893Z[0m [32m INFO[0m [2mscanner::process[0m[2m:[0m DexSwap { swap_program_id: 675kPX9MHTjS2zt1qfr1NYHuzeLXfQM9H24wFSUt1Mp8, pools: [FGvuJZP3r6YJdMP6Tnas7FKC4PtVdjFFoSSkr2TY1KRz, HkwY9tMctkiiFYh18RJJaFWx8XD5w51q9dzbhFifokE9], pool_owner: 91axdGmMoqQQg2MPUXKxT3bdqX4p2RMLXqZSQgXn2JpM, token_in: TokenAmount { mint: So11111111111111111111111111111111111111112, amount: 29447786478 }, token_out: TokenAmount { mint: hntyVP6YFm1Hg25TN9WGLqM12b8TQmcknKrdu1oxWux, amount: 186859133733 }, fees: [], vault_accounts: [Fw41mUTZ14JmoJJsu2eio3frbtqCPKd4JXcw5mKFS4u1, FGvuJZP3r6YJdMP6Tnas7FKC4PtVdjFFoSSkr2TY1KRz] }
[2m2025-11-26T11:24:02.415209Z[0m [32m INFO[0m [2mscanner::process[0m[2m:[0m So11111111111111111111111111111111111111112 - hntyVP6YFm1Hg25TN9WGLqM12b8TQmcknKrdu1oxWux
[2m2025-11-26T11:24:02.415310Z[0m [32m INFO[0m [2mscanner::process[0m[2m:[0m Processing Signature: XnocsqLimiCcDrQ9Ma3jHhb1zcgFmbLtVPgCRrXAUUPuH8RW8vr3ZBnhgesBrMsBWk3V1WHp9K6Z1DjREpfChWX
[2m2025-11-26T11:24:02.415364Z[0m [32m INFO[0m [2mscanner::process[0m[2m:[0m DexSwap { swap_program_id: whirLbMiicVdio4qvUfM5KAg6Ct8VwpYzGff3uctyCc, pools: [BW18gGtaQjD2VgNmmWXBeqHu22k4KC4WamWyEP3S7PNU, BvquGcdP4bVHfb6RxBxUSaS2kwm36FPHMadACfYKMp6t], pool_owner: CSP4RmB6kBHkKGkyTnzt9zYYXDA8SbZ5Do5WfZcjqjE4, token_in: TokenAmount { mint: hntyVP6YFm1Hg25TN9WGLqM12b8TQmcknKrdu1oxWux, amount: 186859133733 }, token_out: TokenAmount { mint: So11111111111111111111111111111111111111112, amount: 29014515728 }, fees: [], vault_accounts: [] }
[2m2025-11-26T11:24:02.415600Z[0m [32m INFO[0m [2mscanner::process[0m[2m:[0m hntyVP6YFm1Hg25TN9WGLqM12b8TQmcknKrdu1oxWux - So11111111111111111111111111111111111111112
[2m2025-11-26T11:24:02.415761Z[0m [32m INFO[0m [2mscanner[0m[2m:[0m Found intermediate mint: hntyVP6YFm1Hg25TN9WGLqM12b8TQmcknKrdu1oxWux with 0 decimals and 0 token accounts
[2m2025-11-26T11:24:02.415852Z[0m [33m WARN[0m [2mscanner[0m[2m:[0m No token accounts found for intermediate mint: hntyVP6YFm1Hg25TN9WGLqM12b8TQmcknKrdu1oxWux
[2m2025-11-26T11:24:02.417761Z[0m [32m INFO[0m [2mscanner::process[0m[2m:[0m Processing Signature: 3n8KSxvgVY6Pygkh2pDugRY29u69DphcDLR6pj8k3KgYJX3sRmjs1ULyZjXo94MFqnRycEF41fxBbx6KSBGsCHCN
[2m2025-11-26T11:24:02.417843Z[0m [32m INFO[0m [2mscanner::process[0m[2m:[0m DexSwap { swap_program_id: CAMMCzo5YL8w4VFF8KVHrK22GGUsp5VTaW7grrKgrWqK, pools: [4TcHmVVBeyWoaX1vPmEhEDNhryVDpXX5WVi5majY3Fgo, FHbvzFHHrpTRZNgKDXwJ8r4bVhKvoS8M7cZJnvHm5qVv], pool_owner: RaVenxw8kykBbW7KGBaBsb7fDkkBYK4uJVDSFun6ZxR, token_in: TokenAmount { mint: EPjFWdd5AufqSSqeM2qN1xzybapC8G4wEGGkZwyTDt1v, amount: 759417299 }, token_out: TokenAmount { mint: hntyVP6YFm1Hg25TN9WGLqM12b8TQmcknKrdu1oxWux, amount: 35011121349 }, fees: [], vault_accounts: [] }
[2m2025-11-26T11:24:02.418069Z[0m [32m INFO[0m [2mscanner::process[0m[2m:[0m EPjFWdd5AufqSSqeM2qN1xzybapC8G4wEGGkZwyTDt1v - hntyVP6YFm1Hg25TN9WGLqM12b8TQmcknKrdu1oxWux
[2m2025-11-26T11:24:02.418155Z[0m [32m INFO[0m [2mscanner::process[0m[2m:[0m Processing Signature: 3n8KSxvgVY6Pygkh2pDugRY29u69DphcDLR6pj8k3KgYJX3sRmjs1ULyZjXo94MFqnRycEF41fxBbx6KSBGsCHCN
[2m2025-11-26T11:24:02.418202Z[0m [32m INFO[0m [2mscanner::process[0m[2m:[0m DexSwap { swap_program_id: whirLbMiicVdio4qvUfM5KAg6Ct8VwpYzGff3uctyCc, pools: [BW18gGtaQjD2VgNmmWXBeqHu22k4KC4WamWyEP3S7PNU, BvquGcdP4bVHfb6RxBxUSaS2kwm36FPHMadACfYKMp6t], pool_owner: CSP4RmB6kBHkKGkyTnzt9zYYXDA8SbZ5Do5WfZcjqjE4, token_in: TokenAmount { mint: hntyVP6YFm1Hg25TN9WGLqM12b8TQmcknKrdu1oxWux, amount: 35011121349 }, token_out: TokenAmount { mint: So11111111111111111111111111111111111111112, amount: 5457568433 }, fees: [], vault_accounts: [] }
[2m2025-11-26T11:24:02.418456Z[0m [32m INFO[0m [2mscanner::process[0m[2m:[0m hntyVP6YFm1Hg25TN9WGLqM12b8TQmcknKrdu1oxWux - So11111111111111111111111111111111111111112
[2m2025-11-26T11:24:02.418510Z[0m [32m INFO[0m [2mscanner::process[0m[2m:[0m Processing Signature: 3n8KSxvgVY6Pygkh2pDugRY29u69DphcDLR6pj8k3KgYJX3sRmjs1ULyZjXo94MFqnRycEF41fxBbx6KSBGsCHCN
[2m2025-11-26T11:24:02.418536Z[0m [32m INFO[0m [2mscanner::process[0m[2m:[0m DexSwap { swap_program_id: whirLbMiicVdio4qvUfM5KAg6Ct8VwpYzGff3uctyCc, pools: [EUuUbDcafPrmVTD5M6qoJAoyyNbihBhugADAxRMn5he9, 2WLWEuKDgkDUccTpbwYp1GToYktiSB1cXvreHUwiSUVP], pool_owner: Czfq3xZZDmsdGdUyrNLtRhGc47cXcZtLG4crryfu44zE, token_in: TokenAmount { mint: So11111111111111111111111111111111111111112, amount: 5457568433 }, token_out: TokenAmount { mint: EPjFWdd5AufqSSqeM2qN1xzybapC8G4wEGGkZwyTDt1v, amount: 747542025 }, fees: [], vault_accounts: [] }
[2m2025-11-26T11:24:02.418637Z[0m [32m INFO[0m [2mscanner::process[0m[2m:[0m So11111111111111111111111111111111111111112 - EPjFWdd5AufqSSqeM2qN1xzybapC8G4wEGGkZwyTDt1v
[2m2025-11-26T11:24:02.418712Z[0m [32m INFO[0m [2mscanner[0m[2m:[0m Found intermediate mint: So11111111111111111111111111111111111111112 with 0 decimals and 0 token accounts
[2m2025-11-26T11:24:02.418759Z[0m [33m WARN[0m [2mscanner[0m[2m:[0m No token accounts found for intermediate mint: So11111111111111111111111111111111111111112
[2m2025-11-26T11:24:02.418798Z[0m [32m INFO[0m [2mscanner[0m[2m:[0m Found intermediate mint: hntyVP6YFm1Hg25TN9WGLqM12b8TQmcknKrdu1oxWux with 0 decimals and 0 token accounts
[2m2025-11-26T11:24:02.418835Z[0m [33m WARN[0m [2mscanner[0m[2m:[0m No token accounts found for intermediate mint: hntyVP6YFm1Hg25TN9WGLqM12b8TQmcknKrdu1oxWux
[2m2025-11-26T11:24:02.490257Z[0m [32m INFO[0m [2mscanner::process[0m[2m:[0m Processing Signature: 39NGHwHbwnnRpjSrywTmWAZoR6T85Y3AxCw6svGLofGXMSVWvBweyrX6JEXD8SfQ3KBjdoEHEZiHspqvd3uZQLN3
[2m2025-11-26T11:24:02.490336Z[0m [32m INFO[0m [2mscanner::process[0m[2m:[0m DexSwap { swap_program_id: 675kPX9MHTjS2zt1qfr1NYHuzeLXfQM9H24wFSUt1Mp8, pools: [FGvuJZP3r6YJdMP6Tnas7FKC4PtVdjFFoSSkr2TY1KRz, HkwY9tMctkiiFYh18RJJaFWx8XD5w51q9dzbhFifokE9], pool_owner: 91axdGmMoqQQg2MPUXKxT3bdqX4p2RMLXqZSQgXn2JpM, token_in: TokenAmount { mint: So11111111111111111111111111111111111111112, amount: 29447786478 }, token_out: TokenAmount { mint: hntyVP6YFm1Hg25TN9WGLqM12b8TQmcknKrdu1oxWux, amount: 186859133733 }, fees: [], vault_accounts: [Fw41mUTZ14JmoJJsu2eio3frbtqCPKd4JXcw5mKFS4u1, FGvuJZP3r6YJdMP6Tnas7FKC4PtVdjFFoSSkr2TY1KRz] }
[2m2025-11-26T11:24:02.490408Z[0m [32m INFO[0m [2mscanner::process[0m[2m:[0m So11111111111111111111111111111111111111112 - hntyVP6YFm1Hg25TN9WGLqM12b8TQmcknKrdu1oxWux
[2m2025-11-26T11:24:02.490456Z[0m [32m INFO[0m [2mscanner::process[0m[2m:[0m Processing Signature: 39NGHwHbwnnRpjSrywTmWAZoR6T85Y3AxCw6svGLofGXMSVWvBweyrX6JEXD8SfQ3KBjdoEHEZiHspqvd3uZQLN3
[2m2025-11-26T11:24:02.490471Z[0m [32m INFO[0m [2mscanner::process[0m[2m:[0m DexSwap { swap_program_id: whirLbMiicVdio4qvUfM5KAg6Ct8VwpYzGff3uctyCc, pools: [BW18gGtaQjD2VgNmmWXBeqHu22k4KC4WamWyEP3S7PNU, BvquGcdP4bVHfb6RxBxUSaS2kwm36FPHMadACfYKMp6t], pool_owner: CSP4RmB6kBHkKGkyTnzt9zYYXDA8SbZ5Do5WfZcjqjE4, token_in: TokenAmount { mint: hntyVP6YFm1Hg25TN9WGLqM12b8TQmcknKrdu1oxWux, amount: 186859133733 }, token_out: TokenAmount { mint: So11111111111111111111111111111111111111112, amount: 29014515728 }, fees: [], vault_accounts: [] }
[2m2025-11-26T11:24:02.490524Z[0m [32m INFO[0m [2mscanner::process[0m[2m:[0m hntyVP6YFm1Hg25TN9WGLqM12b8TQmcknKrdu1oxWux - So11111111111111111111111111111111111111112
[2m2025-11-26T11:24:02.490574Z[0m [32m INFO[0m [2mscanner[0m[2m:[0m Found intermediate mint: hntyVP6YFm1Hg25TN9WGLqM12b8TQmcknKrdu1oxWux with 0 decimals and 0 token accounts
[2m2025-11-26T11:24:02.490592Z[0m [33m WARN[0m [2mscanner[0m[2m:[0m No token accounts found for intermediate mint: hntyVP6YFm1Hg25TN9WGLqM12b8TQmcknKrdu1oxWux
[2m2025-11-26T11:24:02.491069Z[0m [32m INFO[0m [2mscanner::process[0m[2m:[0m Processing Signature: 5KfFf26KrsYcVLamSRAhYfkShHNe5cweyGv3ApBMgWBrXeSDy2iK6tDEtwytuQDTERThV77wD3Lo2jzkMfxbwAL6
[2m2025-11-26T11:24:02.491083Z[0m [32m INFO[0m [2mscanner::process[0m[2m:[0m DexSwap { swap_program_id: whirLbMiicVdio4qvUfM5KAg6Ct8VwpYzGff3uctyCc, pools: [F9qPs7Dk5VE5ign6FTesMLAygfRgHJFeJRDxKDoHzwxt, 6o5zhcarnADzjVTDDXjLRiXwxshycoq2FApfqKDqmuWZ], pool_owner: 5qrvgpvr55Eo7c5bBcwopdiQ6TpvceiRm42yjHTbtDvc, token_in: TokenAmount { mint: So11111111111111111111111111111111111111112, amount: 8879787665 }, token_out: TokenAmount { mint: hntyVP6YFm1Hg25TN9WGLqM12b8TQmcknKrdu1oxWux, amount: 56193419874 }, fees: [], vault_accounts: [] }
[2m2025-11-26T11:24:02.491132Z[0m [32m INFO[0m [2mscanner::process[0m[2m:[0m So11111111111111111111111111111111111111112 - hntyVP6YFm1Hg25TN9WGLqM12b8TQmcknKrdu1oxWux
[2m2025-11-26T11:24:02.491149Z[0m [32m INFO[0m [2mscanner::process[0m[2m:[0m Processing Signature: 5KfFf26KrsYcVLamSRAhYfkShHNe5cweyGv3ApBMgWBrXeSDy2iK6tDEtwytuQDTERThV77wD3Lo2jzkMfxbwAL6
[2m2025-11-26T11:24:02.491157Z[0m [32m INFO[0m [2mscanner::process[0m[2m:[0m DexSwap { swap_program_id: whirLbMiicVdio4qvUfM5KAg6Ct8VwpYzGff3uctyCc, pools: [BW18gGtaQjD2VgNmmWXBeqHu22k4KC4WamWyEP3S7PNU, BvquGcdP4bVHfb6RxBxUSaS2kwm36FPHMadACfYKMp6t], pool_owner: CSP4RmB6kBHkKGkyTnzt9zYYXDA8SbZ5Do5WfZcjqjE4, token_in: TokenAmount { mint: hntyVP6YFm1Hg25TN9WGLqM12b8TQmcknKrdu1oxWux, amount: 56193419874 }, token_out: TokenAmount { mint: So11111111111111111111111111111111111111112, amount: 8754718456 }, fees: [], vault_accounts: [] }
[2m2025-11-26T11:24:02.491211Z[0m [32m INFO[0m [2mscanner::process[0m[2m:[0m hntyVP6YFm1Hg25TN9WGLqM12b8TQmcknKrdu1oxWux - So11111111111111111111111111111111111111112
[2m2025-11-26T11:24:02.491240Z[0m [32m INFO[0m [2mscanner[0m[2m:[0m Found intermediate mint: hntyVP6YFm1Hg25TN9WGLqM12b8TQmcknKrdu1oxWux with 0 decimals and 0 token accounts
[2m2025-11-26T11:24:02.491254Z[0m [33m WARN[0m [2mscanner[0m[2m:[0m No token accounts found for intermediate mint: hntyVP6YFm1Hg25TN9WGLqM12b8TQmcknKrdu1oxWux
[2m2025-11-26T11:24:02.491718Z[0m [32m INFO[0m [2mscanner::process[0m[2m:[0m Processing Signature: 42KH7sMNoMoNJLL3mwNCT8ggn4r9Fi3xHBhPuuaB2KQFQParC5S4KBVNdSfDm5fsRYxUFzQfpKe2QwnhQeWBzjy5
[2m2025-11-26T11:24:02.491740Z[0m [32m INFO[0m [2mscanner::process[0m[2m:[0m DexSwap { swap_program_id: CAMMCzo5YL8w4VFF8KVHrK22GGUsp5VTaW7grrKgrWqK, pools: [4TcHmVVBeyWoaX1vPmEhEDNhryVDpXX5WVi5majY3Fgo, FHbvzFHHrpTRZNgKDXwJ8r4bVhKvoS8M7cZJnvHm5qVv], pool_owner: RaVenxw8kykBbW7KGBaBsb7fDkkBYK4uJVDSFun6ZxR, token_in: TokenAmount { mint: EPjFWdd5AufqSSqeM2qN1xzybapC8G4wEGGkZwyTDt1v, amount: 759417299 }, token_out: TokenAmount { mint: hntyVP6YFm1Hg25TN9WGLqM12b8TQmcknKrdu1oxWux, amount: 35011121349 }, fees: [], vault_accounts: [] }
[2m2025-11-26T11:24:02.491798Z[0m [32m INFO[0m [2mscanner::process[0m[2m:[0m EPjFWdd5AufqSSqeM2qN1xzybapC8G4wEGGkZwyTDt1v - hntyVP6YFm1Hg25TN9WGLqM12b8TQmcknKrdu1oxWux
[2m2025-11-26T11:24:02.491815Z[0m [32m INFO[0m [2mscanner::process[0m[2m:[0m Processing Signature: 42KH7sMNoMoNJLL3mwNCT8ggn4r9Fi3xHBhPuuaB2KQFQParC5S4KBVNdSfDm5fsRYxUFzQfpKe2QwnhQeWBzjy5
[2m2025-11-26T11:24:02.491822Z[0m [32m INFO[0m [2mscanner::process[0m[2m:[0m DexSwap { swap_program_id: whirLbMiicVdio4qvUfM5KAg6Ct8VwpYzGff3uctyCc, pools: [BW18gGtaQjD2VgNmmWXBeqHu22k4KC4WamWyEP3S7PNU, BvquGcdP4bVHfb6RxBxUSaS2kwm36FPHMadACfYKMp6t], pool_owner: CSP4RmB6kBHkKGkyTnzt9zYYXDA8SbZ5Do5WfZcjqjE4, token_in: TokenAmount { mint: hntyVP6YFm1Hg25TN9WGLqM12b8TQmcknKrdu1oxWux, amount: 35011121349 }, token_out: TokenAmount { mint: So11111111111111111111111111111111111111112, amount: 5457568433 }, fees: [], vault_accounts: [] }
[2m2025-11-26T11:24:02.491870Z[0m [32m INFO[0m [2mscanner::process[0m[2m:[0m hntyVP6YFm1Hg25TN9WGLqM12b8TQmcknKrdu1oxWux - So11111111111111111111111111111111111111112
[2m2025-11-26T11:24:02.491887Z[0m [32m INFO[0m [2mscanner::process[0m[2m:[0m Processing Signature: 42KH7sMNoMoNJLL3mwNCT8ggn4r9Fi3xHBhPuuaB2KQFQParC5S4KBVNdSfDm5fsRYxUFzQfpKe2QwnhQeWBzjy5
[2m2025-11-26T11:24:02.491895Z[0m [32m INFO[0m [2mscanner::process[0m[2m:[0m DexSwap { swap_program_id: whirLbMiicVdio4qvUfM5KAg6Ct8VwpYzGff3uctyCc, pools: [EUuUbDcafPrmVTD5M6qoJAoyyNbihBhugADAxRMn5he9, 2WLWEuKDgkDUccTpbwYp1GToYktiSB1cXvreHUwiSUVP], pool_owner: Czfq3xZZDmsdGdUyrNLtRhGc47cXcZtLG4crryfu44zE, token_in: TokenAmount { mint: So11111111111111111111111111111111111111112, amount: 5457568433 }, token_out: TokenAmount { mint: EPjFWdd5AufqSSqeM2qN1xzybapC8G4wEGGkZwyTDt1v, amount: 747542025 }, fees: [], vault_accounts: [] }
[2m2025-11-26T11:24:02.491940Z[0m [32m INFO[0m [2mscanner::process[0m[2m:[0m So11111111111111111111111111111111111111112 - EPjFWdd5AufqSSqeM2qN1xzybapC8G4wEGGkZwyTDt1v
[2m2025-11-26T11:24:02.491956Z[0m [32m INFO[0m [2mscanner[0m[2m:[0m Found intermediate mint: So11111111111111111111111111111111111111112 with 0 decimals and 0 token accounts
[2m2025-11-26T11:24:02.491963Z[0m [33m WARN[0m [2mscanner[0m[2m:[0m No token accounts found for intermediate mint: So11111111111111111111111111111111111111112
[2m2025-11-26T11:24:02.491970Z[0m [32m INFO[0m [2mscanner[0m[2m:[0m Found intermediate mint: hntyVP6YFm1Hg25TN9WGLqM12b8TQmcknKrdu1oxWux with 0 decimals and 0 token accounts
[2m2025-11-26T11:24:02.491976Z[0m [33m WARN[0m [2mscanner[0m[2m:[0m No token accounts found for intermediate mint: hntyVP6YFm1Hg25TN9WGLqM12b8TQmcknKrdu1oxWux
[2m2025-11-26T11:24:04.064277Z[0m [32m INFO[0m [2mscanner::grpc[0m[2m:[0m Roundtrip ping for http://ny-rpc.notarb.org:10000/: 227ms
[2m2025-11-26T11:24:09.063483Z[0m [32m INFO[0m [2mscanner::grpc[0m[2m:[0m Roundtrip ping for http://ny-rpc.notarb.org:10000/: 223ms
[2m2025-11-26T11:24:12.524420Z[0m [32m INFO[0m [2mscanner::process[0m[2m:[0m Processing Signature: 65ynK5CzCSSHNqiFjUFqUc8MuCkq1iZE9jpJmLVL3g2J1GgWvFRmXqVgaGvKttyjBtYKpQs7nF7AyMmE4pzzbevB
[2m2025-11-26T11:24:12.524543Z[0m [32m INFO[0m [2mscanner::process[0m[2m:[0m DexSwap { swap_program_id: pAMMBay6oceH9fJKBRHGP5D4bD4sWpmSwMn52FMfXEA, pools: [E5UiD4QWVVVbV8C8LDHbHMm5sxhk5DFdQ2CWfWnguLwk, 6ddK46QwG5REXXZv5Q5bDuuouGWrqUkXiQ8G18VBRW4x], pool_owner: FizVQxuiW9agWNQwq7gcwdbqwyGvQuGKmsQrZq2WSWL9, token_in: TokenAmount { mint: J7Dx5yPbPD5e5BmrSvJyi4n4XRUR2kWqWYaxaSWdpump, amount: 76899726213 }, token_out: TokenAmount { mint: So11111111111111111111111111111111111111112, amount: 2253677195 }, fees: [TokenAmount { mint: J7Dx5yPbPD5e5BmrSvJyi4n4XRUR2kWqWYaxaSWdpump, amount: 4471582 }, TokenAmount { mint: So11111111111111111111111111111111111111112, amount: 1117896 }, TokenAmount { mint: So11111111111111111111111111111111111111112, amount: 12296850 }], vault_accounts: [] }
[2m2025-11-26T11:24:12.524668Z[0m [32m INFO[0m [2mscanner::process[0m[2m:[0m J7Dx5yPbPD5e5BmrSvJyi4n4XRUR2kWqWYaxaSWdpump - So11111111111111111111111111111111111111112
[2m2025-11-26T11:24:12.524701Z[0m [32m INFO[0m [2mscanner::process[0m[2m:[0m Processing Signature: 65ynK5CzCSSHNqiFjUFqUc8MuCkq1iZE9jpJmLVL3g2J1GgWvFRmXqVgaGvKttyjBtYKpQs7nF7AyMmE4pzzbevB
[2m2025-11-26T11:24:12.524716Z[0m [32m INFO[0m [2mscanner::process[0m[2m:[0m DexSwap { swap_program_id: LBUZKhRxPF3XUpBCjp4YzTKgLccjZhTSDM9YuVaPwxo, pools: [33FkB5GuGYeoJVMiL3srwwCKhvW8mWeRAhmpczvAiw2u, GhrXf9Wa4rUcjTV1GzT6dgKLGCNHinRsGS2JcrZbTWwC], pool_owner: 2n51q96tuzs85R9L3X3uuQdu9V3fKAnvTsVtf9xMSSH6, token_in: TokenAmount { mint: J7Dx5yPbPD5e5BmrSvJyi4n4XRUR2kWqWYaxaSWdpump, amount: 76899726213 }, token_out: TokenAmount { mint: So11111111111111111111111111111111111111112, amount: 2247168467 }, fees: [TokenAmount { mint: J7Dx5yPbPD5e5BmrSvJyi4n4XRUR2kWqWYaxaSWdpump, amount: 1550191052 }, TokenAmount { mint: J7Dx5yPbPD5e5BmrSvJyi4n4XRUR2kWqWYaxaSWdpump, amount: 77509552 }, TokenAmount { mint: J7Dx5yPbPD5e5BmrSvJyi4n4XRUR2kWqWYaxaSWdpump, amount: 20158603 }], vault_accounts: [] }
[2m2025-11-26T11:24:12.524832Z[0m [32m INFO[0m [2mscanner::process[0m[2m:[0m J7Dx5yPbPD5e5BmrSvJyi4n4XRUR2kWqWYaxaSWdpump - So11111111111111111111111111111111111111112
[2m2025-11-26T11:24:12.528552Z[0m [32m INFO[0m [2mscanner::process[0m[2m:[0m Processing Signature: 3nF42Ze14jafit9LzT23UH5WP6e4fPbyzayLW5hDji4rx5E4dAWzkco4bxMdmftoGx7ETzZ7RNomjXT6TEkxupDB
[2m2025-11-26T11:24:12.528579Z[0m [32m INFO[0m [2mscanner::process[0m[2m:[0m DexSwap { swap_program_id: pAMMBay6oceH9fJKBRHGP5D4bD4sWpmSwMn52FMfXEA, pools: [E5UiD4QWVVVbV8C8LDHbHMm5sxhk5DFdQ2CWfWnguLwk, 6ddK46QwG5REXXZv5Q5bDuuouGWrqUkXiQ8G18VBRW4x], pool_owner: FizVQxuiW9agWNQwq7gcwdbqwyGvQuGKmsQrZq2WSWL9, token_in: TokenAmount { mint: J7Dx5yPbPD5e5BmrSvJyi4n4XRUR2kWqWYaxaSWdpump, amount: 76899726213 }, token_out: TokenAmount { mint: So11111111111111111111111111111111111111112, amount: 2253677195 }, fees: [TokenAmount { mint: J7Dx5yPbPD5e5BmrSvJyi4n4XRUR2kWqWYaxaSWdpump, amount: 4471582 }, TokenAmount { mint: So11111111111111111111111111111111111111112, amount: 1117896 }, TokenAmount { mint: So11111111111111111111111111111111111111112, amount: 12296850 }], vault_accounts: [] }
[2m2025-11-26T11:24:12.528693Z[0m [32m INFO[0m [2mscanner::process[0m[2m:[0m J7Dx5yPbPD5e5BmrSvJyi4n4XRUR2kWqWYaxaSWdpump - So11111111111111111111111111111111111111112
[2m2025-11-26T11:24:12.528723Z[0m [32m INFO[0m [2mscanner::process[0m[2m:[0m Processing Signature: 3nF42Ze14jafit9LzT23UH5WP6e4fPbyzayLW5hDji4rx5E4dAWzkco4bxMdmftoGx7ETzZ7RNomjXT6TEkxupDB
[2m2025-11-26T11:24:12.528737Z[0m [32m INFO[0m [2mscanner::process[0m[2m:[0m DexSwap { swap_program_id: LBUZKhRxPF3XUpBCjp4YzTKgLccjZhTSDM9YuVaPwxo, pools: [33FkB5GuGYeoJVMiL3srwwCKhvW8mWeRAhmpczvAiw2u, GhrXf9Wa4rUcjTV1GzT6dgKLGCNHinRsGS2JcrZbTWwC], pool_owner: 2n51q96tuzs85R9L3X3uuQdu9V3fKAnvTsVtf9xMSSH6, token_in: TokenAmount { mint: J7Dx5yPbPD5e5BmrSvJyi4n4XRUR2kWqWYaxaSWdpump, amount: 76899726213 }, token_out: TokenAmount { mint: So11111111111111111111111111111111111111112, amount: 2247168467 }, fees: [TokenAmount { mint: J7Dx5yPbPD5e5BmrSvJyi4n4XRUR2kWqWYaxaSWdpump, amount: 1550191052 }, TokenAmount { mint: J7Dx5yPbPD5e5BmrSvJyi4n4XRUR2kWqWYaxaSWdpump, amount: 77509552 }, TokenAmount { mint: J7Dx5yPbPD5e5BmrSvJyi4n4XRUR2kWqWYaxaSWdpump, amount: 20158603 }], vault_accounts: [] }
[2m2025-11-26T11:24:12.528849Z[0m [32m INFO[0m [2mscanner::process[0m[2m:[0m J7Dx5yPbPD5e5BmrSvJyi4n4XRUR2kWqWYaxaSWdpump - So11111111111111111111111111111111111111112
[2m2025-11-26T11:24:12.529545Z[0m [32m INFO[0m [2mscanner::process[0m[2m:[0m Processing Signature: 4PHpFKAkGaSKLb8hUdrcazzkFjrEJfPEqPiY1vennPodkdwpd2KhtVFNv561mJMySTafwrytox2d7yJ9JGBLLkdp
[2m2025-11-26T11:24:12.529569Z[0m [32m INFO[0m [2mscanner::process[0m[2m:[0m DexSwap { swap_program_id: pAMMBay6oceH9fJKBRHGP5D4bD4sWpmSwMn52FMfXEA, pools: [E5UiD4QWVVVbV8C8LDHbHMm5sxhk5DFdQ2CWfWnguLwk, 6ddK46QwG5REXXZv5Q5bDuuouGWrqUkXiQ8G18VBRW4x], pool_owner: FizVQxuiW9agWNQwq7gcwdbqwyGvQuGKmsQrZq2WSWL9, token_in: TokenAmount { mint: J7Dx5yPbPD5e5BmrSvJyi4n4XRUR2kWqWYaxaSWdpump, amount: 76899726213 }, token_out: TokenAmount { mint: So11111111111111111111111111111111111111112, amount: 2253677195 }, fees: [TokenAmount { mint: J7Dx5yPbPD5e5BmrSvJyi4n4XRUR2kWqWYaxaSWdpump, amount: 4471582 }, TokenAmount { mint: So11111111111111111111111111111111111111112, amount: 1117896 }, TokenAmount { mint: So11111111111111111111111111111111111111112, amount: 12296850 }], vault_accounts: [] }
[2m2025-11-26T11:24:12.529680Z[0m [32m INFO[0m [2mscanner::process[0m[2m:[0m J7Dx5yPbPD5e5BmrSvJyi4n4XRUR2kWqWYaxaSWdpump - So11111111111111111111111111111111111111112
[2m2025-11-26T11:24:12.529708Z[0m [32m INFO[0m [2mscanner::process[0m[2m:[0m Processing Signature: 4PHpFKAkGaSKLb8hUdrcazzkFjrEJfPEqPiY1vennPodkdwpd2KhtVFNv561mJMySTafwrytox2d7yJ9JGBLLkdp
[2m2025-11-26T11:24:12.529721Z[0m [32m INFO[0m [2mscanner::process[0m[2m:[0m DexSwap { swap_program_id: LBUZKhRxPF3XUpBCjp4YzTKgLccjZhTSDM9YuVaPwxo, pools: [33FkB5GuGYeoJVMiL3srwwCKhvW8mWeRAhmpczvAiw2u, GhrXf9Wa4rUcjTV1GzT6dgKLGCNHinRsGS2JcrZbTWwC], pool_owner: 2n51q96tuzs85R9L3X3uuQdu9V3fKAnvTsVtf9xMSSH6, token_in: TokenAmount { mint: J7Dx5yPbPD5e5BmrSvJyi4n4XRUR2kWqWYaxaSWdpump, amount: 76899726213 }, token_out: TokenAmount { mint: So11111111111111111111111111111111111111112, amount: 2247168467 }, fees: [TokenAmount { mint: J7Dx5yPbPD5e5BmrSvJyi4n4XRUR2kWqWYaxaSWdpump, amount: 1550191052 }, TokenAmount { mint: J7Dx5yPbPD5e5BmrSvJyi4n4XRUR2kWqWYaxaSWdpump, amount: 77509552 }, TokenAmount { mint: J7Dx5yPbPD5e5BmrSvJyi4n4XRUR2kWqWYaxaSWdpump, amount: 20158603 }], vault_accounts: [] }
[2m2025-11-26T11:24:12.529833Z[0m [32m INFO[0m [2mscanner::process[0m[2m:[0m J7Dx5yPbPD5e5BmrSvJyi4n4XRUR2kWqWYaxaSWdpump - So11111111111111111111111111111111111111112
[2m2025-11-26T11:24:12.530497Z[0m [32m INFO[0m [2mscanner::process[0m[2m:[0m Processing Signature: nCPF7sMhtJPJbFkDgZnsgTPpZabCCisYrATDngbPKczXDrb4ujU53gm7ELuxR9pyAXEfy88ej3igjD6iqQgBFUN
[2m2025-11-26T11:24:12.530515Z[0m [32m INFO[0m [2mscanner::process[0m[2m:[0m DexSwap { swap_program_id: pAMMBay6oceH9fJKBRHGP5D4bD4sWpmSwMn52FMfXEA, pools: [E5UiD4QWVVVbV8C8LDHbHMm5sxhk5DFdQ2CWfWnguLwk, 6ddK46QwG5REXXZv5Q5bDuuouGWrqUkXiQ8G18VBRW4x], pool_owner: FizVQxuiW9agWNQwq7gcwdbqwyGvQuGKmsQrZq2WSWL9, token_in: TokenAmount { mint: J7Dx5yPbPD5e5BmrSvJyi4n4XRUR2kWqWYaxaSWdpump, amount: 76895217568 }, token_out: TokenAmount { mint: So11111111111111111111111111111111111111112, amount: 2253677195 }, fees: [TokenAmount { mint: J7Dx5yPbPD5e5BmrSvJyi4n4XRUR2kWqWYaxaSWdpump, amount: 4471582 }, TokenAmount { mint: So11111111111111111111111111111111111111112, amount: 1117896 }, TokenAmount { mint: So11111111111111111111111111111111111111112, amount: 12296850 }], vault_accounts: [] }
[2m2025-11-26T11:24:12.530625Z[0m [32m INFO[0m [2mscanner::process[0m[2m:[0m J7Dx5yPbPD5e5BmrSvJyi4n4XRUR2kWqWYaxaSWdpump - So11111111111111111111111111111111111111112
[2m2025-11-26T11:24:12.530653Z[0m [32m INFO[0m [2mscanner::process[0m[2m:[0m Processing Signature: nCPF7sMhtJPJbFkDgZnsgTPpZabCCisYrATDngbPKczXDrb4ujU53gm7ELuxR9pyAXEfy88ej3igjD6iqQgBFUN
[2m2025-11-26T11:24:12.530666Z[0m [32m INFO[0m [2mscanner::process[0m[2m:[0m DexSwap { swap_program_id: LBUZKhRxPF3XUpBCjp4YzTKgLccjZhTSDM9YuVaPwxo, pools: [33FkB5GuGYeoJVMiL3srwwCKhvW8mWeRAhmpczvAiw2u, GhrXf9Wa4rUcjTV1GzT6dgKLGCNHinRsGS2JcrZbTWwC], pool_owner: 2n51q96tuzs85R9L3X3uuQdu9V3fKAnvTsVtf9xMSSH6, token_in: TokenAmount { mint: J7Dx5yPbPD5e5BmrSvJyi4n4XRUR2kWqWYaxaSWdpump, amount: 76895217568 }, token_out: TokenAmount { mint: So11111111111111111111111111111111111111112, amount: 2247036715 }, fees: [TokenAmount { mint: J7Dx5yPbPD5e5BmrSvJyi4n4XRUR2kWqWYaxaSWdpump, amount: 1550100164 }, TokenAmount { mint: J7Dx5yPbPD5e5BmrSvJyi4n4XRUR2kWqWYaxaSWdpump, amount: 77505008 }, TokenAmount { mint: J7Dx5yPbPD5e5BmrSvJyi4n4XRUR2kWqWYaxaSWdpump, amount: 20158603 }], vault_accounts: [] }
[2m2025-11-26T11:24:12.530776Z[0m [32m INFO[0m [2mscanner::process[0m[2m:[0m J7Dx5yPbPD5e5BmrSvJyi4n4XRUR2kWqWYaxaSWdpump - So11111111111111111111111111111111111111112
[2m2025-11-26T11:24:12.751594Z[0m [32m INFO[0m [2mscanner::process[0m[2m:[0m Processing Signature: UYYjw9uskYHsK7uv8kvjyqBiP9qksDdeuh4jw7rQJWJ4A9EHu4jb9LkjkBztu5M4RaqavUVg9P8Ugb5isx7UGc5
[2m2025-11-26T11:24:12.751705Z[0m [32m INFO[0m [2mscanner::process[0m[2m:[0m DexSwap { swap_program_id: pAMMBay6oceH9fJKBRHGP5D4bD4sWpmSwMn52FMfXEA, pools: [E5UiD4QWVVVbV8C8LDHbHMm5sxhk5DFdQ2CWfWnguLwk, 6ddK46QwG5REXXZv5Q5bDuuouGWrqUkXiQ8G18VBRW4x], pool_owner: FizVQxuiW9agWNQwq7gcwdbqwyGvQuGKmsQrZq2WSWL9, token_in: TokenAmount { mint: J7Dx5yPbPD5e5BmrSvJyi4n4XRUR2kWqWYaxaSWdpump, amount: 76895217568 }, token_out: TokenAmount { mint: So11111111111111111111111111111111111111112, amount: 2253677195 }, fees: [TokenAmount { mint: J7Dx5yPbPD5e5BmrSvJyi4n4XRUR2kWqWYaxaSWdpump, amount: 4471582 }, TokenAmount { mint: So11111111111111111111111111111111111111112, amount: 1117896 }, TokenAmount { mint: So11111111111111111111111111111111111111112, amount: 12296850 }], vault_accounts: [] }
[2m2025-11-26T11:24:12.751797Z[0m [32m INFO[0m [2mscanner::process[0m[2m:[0m J7Dx5yPbPD5e5BmrSvJyi4n4XRUR2kWqWYaxaSWdpump - So11111111111111111111111111111111111111112
[2m2025-11-26T11:24:12.751819Z[0m [32m INFO[0m [2mscanner::process[0m[2m:[0m Processing Signature: UYYjw9uskYHsK7uv8kvjyqBiP9qksDdeuh4jw7rQJWJ4A9EHu4jb9LkjkBztu5M4RaqavUVg9P8Ugb5isx7UGc5
[2m2025-11-26T11:24:12.751830Z[0m [32m INFO[0m [2mscanner::process[0m[2m:[0m DexSwap { swap_program_id: LBUZKhRxPF3XUpBCjp4YzTKgLccjZhTSDM9YuVaPwxo, pools: [33FkB5GuGYeoJVMiL3srwwCKhvW8mWeRAhmpczvAiw2u, GhrXf9Wa4rUcjTV1GzT6dgKLGCNHinRsGS2JcrZbTWwC], pool_owner: 2n51q96tuzs85R9L3X3uuQdu9V3fKAnvTsVtf9xMSSH6, token_in: TokenAmount { mint: J7Dx5yPbPD5e5BmrSvJyi4n4XRUR2kWqWYaxaSWdpump, amount: 76895217568 }, token_out: TokenAmount { mint: So11111111111111111111111111111111111111112, amount: 2247036715 }, fees: [TokenAmount { mint: J7Dx5yPbPD5e5BmrSvJyi4n4XRUR2kWqWYaxaSWdpump, amount: 1550100164 }, TokenAmount { mint: J7Dx5yPbPD5e5BmrSvJyi4n4XRUR2kWqWYaxaSWdpump, amount: 77505008 }, TokenAmount { mint: J7Dx5yPbPD5e5BmrSvJyi4n4XRUR2kWqWYaxaSWdpump, amount: 20158603 }], vault_accounts: [] }
[2m2025-11-26T11:24:12.751911Z[0m [32m INFO[0m [2mscanner::process[0m[2m:[0m J7Dx5yPbPD5e5BmrSvJyi4n4XRUR2kWqWYaxaSWdpump - So11111111111111111111111111111111111111112
[2m2025-11-26T11:24:12.752442Z[0m [32m INFO[0m [2mscanner::process[0m[2m:[0m Processing Signature: 3krU7PsZXBLDFaiaAZbA7jzgoUUj6CLGAdvZvrzqe6Kj5GJ1hgaFzA7ovVxinujBWf9GJKeXCF1nz4mcKun5Qsqn
[2m2025-11-26T11:24:12.752459Z[0m [32m INFO[0m [2mscanner::process[0m[2m:[0m DexSwap { swap_program_id: pAMMBay6oceH9fJKBRHGP5D4bD4sWpmSwMn52FMfXEA, pools: [E5UiD4QWVVVbV8C8LDHbHMm5sxhk5DFdQ2CWfWnguLwk, 6ddK46QwG5REXXZv5Q5bDuuouGWrqUkXiQ8G18VBRW4x], pool_owner: FizVQxuiW9agWNQwq7gcwdbqwyGvQuGKmsQrZq2WSWL9, token_in: TokenAmount { mint: J7Dx5yPbPD5e5BmrSvJyi4n4XRUR2kWqWYaxaSWdpump, amount: 76895217568 }, token_out: TokenAmount { mint: So11111111111111111111111111111111111111112, amount: 2253677195 }, fees: [TokenAmount { mint: J7Dx5yPbPD5e5BmrSvJyi4n4XRUR2kWqWYaxaSWdpump, amount: 4471582 }, TokenAmount { mint: So11111111111111111111111111111111111111112, amount: 1117896 }, TokenAmount { mint: So11111111111111111111111111111111111111112, amount: 12296850 }], vault_accounts: [] }
[2m2025-11-26T11:24:12.752547Z[0m [32m INFO[0m [2mscanner::process[0m[2m:[0m J7Dx5yPbPD5e5BmrSvJyi4n4XRUR2kWqWYaxaSWdpump - So11111111111111111111111111111111111111112
[2m2025-11-26T11:24:12.752568Z[0m [32m INFO[0m [2mscanner::process[0m[2m:[0m Processing Signature: 3krU7PsZXBLDFaiaAZbA7jzgoUUj6CLGAdvZvrzqe6Kj5GJ1hgaFzA7ovVxinujBWf9GJKeXCF1nz4mcKun5Qsqn
[2m2025-11-26T11:24:12.752578Z[0m [32m INFO[0m [2mscanner::process[0m[2m:[0m DexSwap { swap_program_id: LBUZKhRxPF3XUpBCjp4YzTKgLccjZhTSDM9YuVaPwxo, pools: [33FkB5GuGYeoJVMiL3srwwCKhvW8mWeRAhmpczvAiw2u, GhrXf9Wa4rUcjTV1GzT6dgKLGCNHinRsGS2JcrZbTWwC], pool_owner: 2n51q96tuzs85R9L3X3uuQdu9V3fKAnvTsVtf9xMSSH6, token_in: TokenAmount { mint: J7Dx5yPbPD5e5BmrSvJyi4n4XRUR2kWqWYaxaSWdpump, amount: 76895217568 }, token_out: TokenAmount { mint: So11111111111111111111111111111111111111112, amount: 2247036715 }, fees: [TokenAmount { mint: J7Dx5yPbPD5e5BmrSvJyi4n4XRUR2kWqWYaxaSWdpump, amount: 1550100164 }, TokenAmount { mint: J7Dx5yPbPD5e5BmrSvJyi4n4XRUR2kWqWYaxaSWdpump, amount: 77505008 }, TokenAmount { mint: J7Dx5yPbPD5e5BmrSvJyi4n4XRUR2kWqWYaxaSWdpump, amount: 20158603 }], vault_accounts: [] }
[2m2025-11-26T11:24:12.752659Z[0m [32m INFO[0m [2mscanner::process[0m[2m:[0m J7Dx5yPbPD5e5BmrSvJyi4n4XRUR2kWqWYaxaSWdpump - So11111111111111111111111111111111111111112
[2m2025-11-26T11:24:14.063729Z[0m [32m INFO[0m [2mscanner::grpc[0m[2m:[0m Roundtrip ping for http://ny-rpc.notarb.org:10000/: 222ms
[2m2025-11-26T11:24:19.103067Z[0m [32m INFO[0m [2mscanner::grpc[0m[2m:[0m Roundtrip ping for http://ny-rpc.notarb.org:10000/: 259ms
[2m2025-11-26T11:24:20.536478Z[0m [32m INFO[0m [2mscanner::process[0m[2m:[0m Processing Signature: 5Wcaw1ja267iCHzrhRziYuKiyjkWMBmtLS4m63BxqQGAR4GmYnU1RYYbtQAv8HBQY4o8hy6kPLUGqHeaf4n1kUCj
[2m2025-11-26T11:24:20.536671Z[0m [32m INFO[0m [2mscanner::process[0m[2m:[0m DexSwap { swap_program_id: pAMMBay6oceH9fJKBRHGP5D4bD4sWpmSwMn52FMfXEA, pools: [E5UiD4QWVVVbV8C8LDHbHMm5sxhk5DFdQ2CWfWnguLwk, 6ddK46QwG5REXXZv5Q5bDuuouGWrqUkXiQ8G18VBRW4x], pool_owner: FizVQxuiW9agWNQwq7gcwdbqwyGvQuGKmsQrZq2WSWL9, token_in: TokenAmount { mint: J7Dx5yPbPD5e5BmrSvJyi4n4XRUR2kWqWYaxaSWdpump, amount: 10330798131 }, token_out: TokenAmount { mint: So11111111111111111111111111111111111111112, amount: 301986089 }, fees: [TokenAmount { mint: J7Dx5yPbPD5e5BmrSvJyi4n4XRUR2kWqWYaxaSWdpump, amount: 599179 }, TokenAmount { mint: So11111111111111111111111111111111111111112, amount: 149795 }, TokenAmount { mint: So11111111111111111111111111111111111111112, amount: 1647742 }], vault_accounts: [] }
[2m2025-11-26T11:24:20.537038Z[0m [32m INFO[0m [2mscanner::process[0m[2m:[0m J7Dx5yPbPD5e5BmrSvJyi4n4XRUR2kWqWYaxaSWdpump - So11111111111111111111111111111111111111112
[2m2025-11-26T11:24:20.537147Z[0m [32m INFO[0m [2mscanner::process[0m[2m:[0m Processing Signature: 5Wcaw1ja267iCHzrhRziYuKiyjkWMBmtLS4m63BxqQGAR4GmYnU1RYYbtQAv8HBQY4o8hy6kPLUGqHeaf4n1kUCj
[2m2025-11-26T11:24:20.537213Z[0m [32m INFO[0m [2mscanner::process[0m[2m:[0m DexSwap { swap_program_id: LBUZKhRxPF3XUpBCjp4YzTKgLccjZhTSDM9YuVaPwxo, pools: [33FkB5GuGYeoJVMiL3srwwCKhvW8mWeRAhmpczvAiw2u, GhrXf9Wa4rUcjTV1GzT6dgKLGCNHinRsGS2JcrZbTWwC], pool_owner: 2n51q96tuzs85R9L3X3uuQdu9V3fKAnvTsVtf9xMSSH6, token_in: TokenAmount { mint: J7Dx5yPbPD5e5BmrSvJyi4n4XRUR2kWqWYaxaSWdpump, amount: 10330798131 }, token_out: TokenAmount { mint: So11111111111111111111111111111111111111112, amount: 301887210 }, fees: [TokenAmount { mint: J7Dx5yPbPD5e5BmrSvJyi4n4XRUR2kWqWYaxaSWdpump, amount: 208254459 }, TokenAmount { mint: J7Dx5yPbPD5e5BmrSvJyi4n4XRUR2kWqWYaxaSWdpump, amount: 10412722 }, TokenAmount { mint: J7Dx5yPbPD5e5BmrSvJyi4n4XRUR2kWqWYaxaSWdpump, amount: 20158603 }], vault_accounts: [] }
[2m2025-11-26T11:24:20.537578Z[0m [32m INFO[0m [2mscanner::process[0m[2m:[0m J7Dx5yPbPD5e5BmrSvJyi4n4XRUR2kWqWYaxaSWdpump - So11111111111111111111111111111111111111112
[2m2025-11-26T11:24:20.539964Z[0m [32m INFO[0m [2mscanner::process[0m[2m:[0m Processing Signature: xFKrmu1TKqbdXca77eupzvbpuXy9pRXsmT5sPsUZcckWDoAjrb3JTdDTQkMPpgGAqWC7VKAsRrR29rUQYbBUZPv
[2m2025-11-26T11:24:20.540087Z[0m [32m INFO[0m [2mscanner::process[0m[2m:[0m DexSwap { swap_program_id: pAMMBay6oceH9fJKBRHGP5D4bD4sWpmSwMn52FMfXEA, pools: [E5UiD4QWVVVbV8C8LDHbHMm5sxhk5DFdQ2CWfWnguLwk, 6ddK46QwG5REXXZv5Q5bDuuouGWrqUkXiQ8G18VBRW4x], pool_owner: FizVQxuiW9agWNQwq7gcwdbqwyGvQuGKmsQrZq2WSWL9, token_in: TokenAmount { mint: J7Dx5yPbPD5e5BmrSvJyi4n4XRUR2kWqWYaxaSWdpump, amount: 10330798131 }, token_out: TokenAmount { mint: So11111111111111111111111111111111111111112, amount: 301986089 }, fees: [TokenAmount { mint: J7Dx5yPbPD5e5BmrSvJyi4n4XRUR2kWqWYaxaSWdpump, amount: 599179 }, TokenAmount { mint: So11111111111111111111111111111111111111112, amount: 149795 }, TokenAmount { mint: So11111111111111111111111111111111111111112, amount: 1647742 }], vault_accounts: [] }
[2m2025-11-26T11:24:20.540289Z[0m [32m INFO[0m [2mscanner::process[0m[2m:[0m J7Dx5yPbPD5e5BmrSvJyi4n4XRUR2kWqWYaxaSWdpump - So11111111111111111111111111111111111111112
[2m2025-11-26T11:24:20.540364Z[0m [32m INFO[0m [2mscanner::process[0m[2m:[0m Processing Signature: xFKrmu1TKqbdXca77eupzvbpuXy9pRXsmT5sPsUZcckWDoAjrb3JTdDTQkMPpgGAqWC7VKAsRrR29rUQYbBUZPv
[2m2025-11-26T11:24:20.540410Z[0m [32m INFO[0m [2mscanner::process[0m[2m:[0m DexSwap { swap_program_id: LBUZKhRxPF3XUpBCjp4YzTKgLccjZhTSDM9YuVaPwxo, pools: [33FkB5GuGYeoJVMiL3srwwCKhvW8mWeRAhmpczvAiw2u, GhrXf9Wa4rUcjTV1GzT6dgKLGCNHinRsGS2JcrZbTWwC], pool_owner: 2n51q96tuzs85R9L3X3uuQdu9V3fKAnvTsVtf9xMSSH6, token_in: TokenAmount { mint: J7Dx5yPbPD5e5BmrSvJyi4n4XRUR2kWqWYaxaSWdpump, amount: 10330798131 }, token_out: TokenAmount { mint: So11111111111111111111111111111111111111112, amount: 301887210 }, fees: [TokenAmount { mint: J7Dx5yPbPD5e5BmrSvJyi4n4XRUR2kWqWYaxaSWdpump, amount: 208254459 }, TokenAmount { mint: J7Dx5yPbPD5e5BmrSvJyi4n4XRUR2kWqWYaxaSWdpump, amount: 10412722 }, TokenAmount { mint: J7Dx5yPbPD5e5BmrSvJyi4n4XRUR2kWqWYaxaSWdpump, amount: 20158603 }], vault_accounts: [] }
[2m2025-11-26T11:24:20.540636Z[0m [32m INFO[0m [2mscanner::process[0m[2m:[0m J7Dx5yPbPD5e5BmrSvJyi4n4XRUR2kWqWYaxaSWdpump - So11111111111111111111111111111111111111112
[2m2025-11-26T11:24:20.541625Z[0m [32m INFO[0m [2mscanner::process[0m[2m:[0m Processing Signature: 5x3BoVxgjYhwVK3f3G9jpv7EK6kXTHvnTEm7hWkPCcJ9SQwypf26SAC7aVwStPvQ4zbaW9bs354ccmNzsJw3Fw5z
[2m2025-11-26T11:24:20.541716Z[0m [32m INFO[0m [2mscanner::process[0m[2m:[0m DexSwap { swap_program_id: pAMMBay6oceH9fJKBRHGP5D4bD4sWpmSwMn52FMfXEA, pools: [E5UiD4QWVVVbV8C8LDHbHMm5sxhk5DFdQ2CWfWnguLwk, 6ddK46QwG5REXXZv5Q5bDuuouGWrqUkXiQ8G18VBRW4x], pool_owner: FizVQxuiW9agWNQwq7gcwdbqwyGvQuGKmsQrZq2WSWL9, token_in: TokenAmount { mint: J7Dx5yPbPD5e5BmrSvJyi4n4XRUR2kWqWYaxaSWdpump, amount: 10330798131 }, token_out: TokenAmount { mint: So11111111111111111111111111111111111111112, amount: 301986089 }, fees: [TokenAmount { mint: J7Dx5yPbPD5e5BmrSvJyi4n4XRUR2kWqWYaxaSWdpump, amount: 599179 }, TokenAmount { mint: So11111111111111111111111111111111111111112, amount: 149795 }, TokenAmount { mint: So11111111111111111111111111111111111111112, amount: 1647742 }], vault_accounts: [] }
[2m2025-11-26T11:24:20.541888Z[0m [32m INFO[0m [2mscanner::process[0m[2m:[0m J7Dx5yPbPD5e5BmrSvJyi4n4XRUR2kWqWYaxaSWdpump - So11111111111111111111111111111111111111112
[2m2025-11-26T11:24:20.541951Z[0m [32m INFO[0m [2mscanner::process[0m[2m:[0m Processing Signature: 5x3BoVxgjYhwVK3f3G9jpv7EK6kXTHvnTEm7hWkPCcJ9SQwypf26SAC7aVwStPvQ4zbaW9bs354ccmNzsJw3Fw5z
[2m2025-11-26T11:24:20.541984Z[0m [32m INFO[0m [2mscanner::process[0m[2m:[0m DexSwap { swap_program_id: LBUZKhRxPF3XUpBCjp4YzTKgLccjZhTSDM9YuVaPwxo, pools: [33FkB5GuGYeoJVMiL3srwwCKhvW8mWeRAhmpczvAiw2u, GhrXf9Wa4rUcjTV1GzT6dgKLGCNHinRsGS2JcrZbTWwC], pool_owner: 2n51q96tuzs85R9L3X3uuQdu9V3fKAnvTsVtf9xMSSH6, token_in: TokenAmount { mint: J7Dx5yPbPD5e5BmrSvJyi4n4XRUR2kWqWYaxaSWdpump, amount: 10330798131 }, token_out: TokenAmount { mint: So11111111111111111111111111111111111111112, amount: 301887210 }, fees: [TokenAmount { mint: J7Dx5yPbPD5e5BmrSvJyi4n4XRUR2kWqWYaxaSWdpump, amount: 208254459 }, TokenAmount { mint: J7Dx5yPbPD5e5BmrSvJyi4n4XRUR2kWqWYaxaSWdpump, amount: 10412722 }, TokenAmount { mint: J7Dx5yPbPD5e5BmrSvJyi4n4XRUR2kWqWYaxaSWdpump, amount: 20158603 }], vault_accounts: [] }
[2m2025-11-26T11:24:20.542148Z[0m [32m INFO[0m [2mscanner::process[0m[2m:[0m J7Dx5yPbPD5e5BmrSvJyi4n4XRUR2kWqWYaxaSWdpump - So11111111111111111111111111111111111111112
[2m2025-11-26T11:24:24.068032Z[0m [32m INFO[0m [2mscanner::grpc[0m[2m:[0m Roundtrip ping for http://ny-rpc.notarb.org:10000/: 222ms
[2m2025-11-26T11:24:27.840092Z[0m [32m INFO[0m [2mscanner::process[0m[2m:[0m Processing Signature: 5pjxQZtzSHdDis2Ee5Cu6xVcbETmZbfRL4z8uyCZhjwgpkKki8SeLMgAJJfzzHSqjjS8Y9L7kf2Yd5LqFgtu9GX6
[2m2025-11-26T11:24:27.840198Z[0m [32m INFO[0m [2mscanner::process[0m[2m:[0m DexSwap { swap_program_id: pAMMBay6oceH9fJKBRHGP5D4bD4sWpmSwMn52FMfXEA, pools: [6pZ1kT9eGFtdkGYRD79Hs9GN9tDDnZnEb14m63gim4nm, HTf5u5hvKsthLfvgrRj81fHXYegMiDcpAgjT9JCNRprK], pool_owner: J28z5ZcSUKjXSeXsVGnjShfCX7ygQDA2RFQd9JPzVQv2, token_in: TokenAmount { mint: wMNSTc9xcRegGgG8RBjz8dUefYrmtSyUCyAdoy1WexR, amount: 34506008494 }, token_out: TokenAmount { mint: So11111111111111111111111111111111111111112, amount: 232470941 }, fees: [TokenAmount { mint: wMNSTc9xcRegGgG8RBjz8dUefYrmtSyUCyAdoy1WexR, amount: 460339 }, TokenAmount { mint: So11111111111111111111111111111111111111112, amount: 115085 }, TokenAmount { mint: So11111111111111111111111111111111111111112, amount: 1726270 }], vault_accounts: [] }
[2m2025-11-26T11:24:27.840289Z[0m [32m INFO[0m [2mscanner::process[0m[2m:[0m wMNSTc9xcRegGgG8RBjz8dUefYrmtSyUCyAdoy1WexR - So11111111111111111111111111111111111111112
[2m2025-11-26T11:24:27.840314Z[0m [32m INFO[0m [2mscanner::process[0m[2m:[0m Processing Signature: 5pjxQZtzSHdDis2Ee5Cu6xVcbETmZbfRL4z8uyCZhjwgpkKki8SeLMgAJJfzzHSqjjS8Y9L7kf2Yd5LqFgtu9GX6
[2m2025-11-26T11:24:27.840325Z[0m [32m INFO[0m [2mscanner::process[0m[2m:[0m DexSwap { swap_program_id: CPMMoo8L3F4NbTegBCKVNunggL7H1ZpdTHKxQB5qKP1C, pools: [C4Y5gXsQ5mJA7mBUUR7zCjELkASSPRZxaUddpSX38rru, 7sgSXueEEb22jzuHqdqzhDTjVxkP8wE1hfk6ETUYTGkE], pool_owner: RaVenxw8kykBbW7KGBaBsb7fDkkBYK4uJVDSFun6ZxR, token_in: TokenAmount { mint: wMNSTc9xcRegGgG8RBjz8dUefYrmtSyUCyAdoy1WexR, amount: 34506008494 }, token_out: TokenAmount { mint: Adq3wnAvtaXBNfy63xGV1YNkDiPKadDT469xF9uZPrqE, amount: 296169239861 }, fees: [], vault_accounts: [] }
[2m2025-11-26T11:24:27.840386Z[0m [32m INFO[0m [2mscanner::process[0m[2m:[0m wMNSTc9xcRegGgG8RBjz8dUefYrmtSyUCyAdoy1WexR - Adq3wnAvtaXBNfy63xGV1YNkDiPKadDT469xF9uZPrqE
[2m2025-11-26T11:24:27.840408Z[0m [32m INFO[0m [2mscanner::process[0m[2m:[0m Processing Signature: 5pjxQZtzSHdDis2Ee5Cu6xVcbETmZbfRL4z8uyCZhjwgpkKki8SeLMgAJJfzzHSqjjS8Y9L7kf2Yd5LqFgtu9GX6
[2m2025-11-26T11:24:27.840419Z[0m [32m INFO[0m [2mscanner::process[0m[2m:[0m DexSwap { swap_program_id: 675kPX9MHTjS2zt1qfr1NYHuzeLXfQM9H24wFSUt1Mp8, pools: [EDJo11o5zU7Ze7JEFkjD9rJHK3GMeNwTcuYGp2RKgkWs, 86R56fB248penzZRAZn5Un1LdA1w1W2gu2qWb42Dvhzf], pool_owner: 7LTjg8r5x1cQLhNLHN2hfsqYRfau3g2JSxiq65DD1KWM, token_in: TokenAmount { mint: Adq3wnAvtaXBNfy63xGV1YNkDiPKadDT469xF9uZPrqE, amount: 296169239861 }, token_out: TokenAmount { mint: So11111111111111111111111111111111111111112, amount: 234350345 }, fees: [], vault_accounts: [BF4GLUwFVbUJp4d7hrQ5jTsQhkdGimi8Qdsytk5QyFFS, EDJo11o5zU7Ze7JEFkjD9rJHK3GMeNwTcuYGp2RKgkWs] }
[2m2025-11-26T11:24:27.840498Z[0m [32m INFO[0m [2mscanner::process[0m[2m:[0m Adq3wnAvtaXBNfy63xGV1YNkDiPKadDT469xF9uZPrqE - So11111111111111111111111111111111111111112
[2m2025-11-26T11:24:27.840558Z[0m [32m INFO[0m [2mscanner[0m[2m:[0m Found intermediate mint: Adq3wnAvtaXBNfy63xGV1YNkDiPKadDT469xF9uZPrqE with 0 decimals and 0 token accounts
[2m2025-11-26T11:24:27.840582Z[0m [33m WARN[0m [2mscanner[0m[2m:[0m No token accounts found for intermediate mint: Adq3wnAvtaXBNfy63xGV1YNkDiPKadDT469xF9uZPrqE
[2m2025-11-26T11:24:27.840631Z[0m [32m INFO[0m [2mscanner[0m[2m:[0m Registering new pool in known_pools: 6pZ1kT9eGFtdkGYRD79Hs9GN9tDDnZnEb14m63gim4nm
[2m2025-11-26T11:24:27.840659Z[0m [32m INFO[0m [2mscanner[0m[2m:[0m Registering new pool in known_pools: HTf5u5hvKsthLfvgrRj81fHXYegMiDcpAgjT9JCNRprK
[2m2025-11-26T11:24:27.840681Z[0m [32m INFO[0m [2mscanner[0m[2m:[0m Registering new pool in known_pools: C4Y5gXsQ5mJA7mBUUR7zCjELkASSPRZxaUddpSX38rru
[2m2025-11-26T11:24:27.840699Z[0m [32m INFO[0m [2mscanner[0m[2m:[0m Registering new pool in known_pools: 7sgSXueEEb22jzuHqdqzhDTjVxkP8wE1hfk6ETUYTGkE
[2m2025-11-26T11:24:27.840718Z[0m [32m INFO[0m [2mscanner[0m[2m:[0m Registering new pool in known_pools: EDJo11o5zU7Ze7JEFkjD9rJHK3GMeNwTcuYGp2RKgkWs
[2m2025-11-26T11:24:27.840735Z[0m [32m INFO[0m [2mscanner[0m[2m:[0m Registering new pool in known_pools: 86R56fB248penzZRAZn5Un1LdA1w1W2gu2qWb42Dvhzf
[2m2025-11-26T11:24:27.842777Z[0m [32m INFO[0m [2mscanner::process[0m[2m:[0m Processing Signature: 2RsKv1jwRp7SZwuh9eijfetw9vWk2AwqJZ45yi7vqBzHYBpSSgEo9yyxsF7mVordZ8rAv84iaw3hAzG9q4uchhHS
[2m2025-11-26T11:24:27.842792Z[0m [32m INFO[0m [2mscanner::process[0m[2m:[0m DexSwap { swap_program_id: pAMMBay6oceH9fJKBRHGP5D4bD4sWpmSwMn52FMfXEA, pools: [6pZ1kT9eGFtdkGYRD79Hs9GN9tDDnZnEb14m63gim4nm, HTf5u5hvKsthLfvgrRj81fHXYegMiDcpAgjT9JCNRprK], pool_owner: J28z5ZcSUKjXSeXsVGnjShfCX7ygQDA2RFQd9JPzVQv2, token_in: TokenAmount { mint: wMNSTc9xcRegGgG8RBjz8dUefYrmtSyUCyAdoy1WexR, amount: 34460650929 }, token_out: TokenAmount { mint: So11111111111111111111111111111111111111112, amount: 232470941 }, fees: [TokenAmount { mint: wMNSTc9xcRegGgG8RBjz8dUefYrmtSyUCyAdoy1WexR, amount: 460339 }, TokenAmount { mint: So11111111111111111111111111111111111111112, amount: 115085 }, TokenAmount { mint: So11111111111111111111111111111111111111112, amount: 1726270 }], vault_accounts: [] }
[2m2025-11-26T11:24:27.842874Z[0m [32m INFO[0m [2mscanner::process[0m[2m:[0m wMNSTc9xcRegGgG8RBjz8dUefYrmtSyUCyAdoy1WexR - So11111111111111111111111111111111111111112
[2m2025-11-26T11:24:27.842895Z[0m [32m INFO[0m [2mscanner::process[0m[2m:[0m Processing Signature: 2RsKv1jwRp7SZwuh9eijfetw9vWk2AwqJZ45yi7vqBzHYBpSSgEo9yyxsF7mVordZ8rAv84iaw3hAzG9q4uchhHS
[2m2025-11-26T11:24:27.842904Z[0m [32m INFO[0m [2mscanner::process[0m[2m:[0m DexSwap { swap_program_id: CPMMoo8L3F4NbTegBCKVNunggL7H1ZpdTHKxQB5qKP1C, pools: [C4Y5gXsQ5mJA7mBUUR7zCjELkASSPRZxaUddpSX38rru, 7sgSXueEEb22jzuHqdqzhDTjVxkP8wE1hfk6ETUYTGkE], pool_owner: RaVenxw8kykBbW7KGBaBsb7fDkkBYK4uJVDSFun6ZxR, token_in: TokenAmount { mint: wMNSTc9xcRegGgG8RBjz8dUefYrmtSyUCyAdoy1WexR, amount: 34460650929 }, token_out: TokenAmount { mint: Adq3wnAvtaXBNfy63xGV1YNkDiPKadDT469xF9uZPrqE, amount: 288020853640 }, fees: [], vault_accounts: [] }
[2m2025-11-26T11:24:27.842959Z[0m [32m INFO[0m [2mscanner::process[0m[2m:[0m wMNSTc9xcRegGgG8RBjz8dUefYrmtSyUCyAdoy1WexR - Adq3wnAvtaXBNfy63xGV1YNkDiPKadDT469xF9uZPrqE
[2m2025-11-26T11:24:27.842979Z[0m [32m INFO[0m [2mscanner::process[0m[2m:[0m Processing Signature: 2RsKv1jwRp7SZwuh9eijfetw9vWk2AwqJZ45yi7vqBzHYBpSSgEo9yyxsF7mVordZ8rAv84iaw3hAzG9q4uchhHS
[2m2025-11-26T11:24:27.842988Z[0m [32m INFO[0m [2mscanner::process[0m[2m:[0m DexSwap { swap_program_id: 675kPX9MHTjS2zt1qfr1NYHuzeLXfQM9H24wFSUt1Mp8, pools: [EDJo11o5zU7Ze7JEFkjD9rJHK3GMeNwTcuYGp2RKgkWs, 86R56fB248penzZRAZn5Un1LdA1w1W2gu2qWb42Dvhzf], pool_owner: 7LTjg8r5x1cQLhNLHN2hfsqYRfau3g2JSxiq65DD1KWM, token_in: TokenAmount { mint: Adq3wnAvtaXBNfy63xGV1YNkDiPKadDT469xF9uZPrqE, amount: 288020853640 }, token_out: TokenAmount { mint: So11111111111111111111111111111111111111112, amount: 227400151 }, fees: [], vault_accounts: [BF4GLUwFVbUJp4d7hrQ5jTsQhkdGimi8Qdsytk5QyFFS, EDJo11o5zU7Ze7JEFkjD9rJHK3GMeNwTcuYGp2RKgkWs] }
[2m2025-11-26T11:24:27.843072Z[0m [32m INFO[0m [2mscanner::process[0m[2m:[0m Adq3wnAvtaXBNfy63xGV1YNkDiPKadDT469xF9uZPrqE - So11111111111111111111111111111111111111112
[2m2025-11-26T11:24:27.843107Z[0m [32m INFO[0m [2mscanner[0m[2m:[0m Found intermediate mint: Adq3wnAvtaXBNfy63xGV1YNkDiPKadDT469xF9uZPrqE with 0 decimals and 0 token accounts
[2m2025-11-26T11:24:27.843123Z[0m [33m WARN[0m [2mscanner[0m[2m:[0m No token accounts found for intermediate mint: Adq3wnAvtaXBNfy63xGV1YNkDiPKadDT469xF9uZPrqE
[2m2025-11-26T11:24:27.843674Z[0m [32m INFO[0m [2mscanner::process[0m[2m:[0m Processing Signature: 63FG5CAzSpcr67q6ComxEN5MTxZC5E9HoHcAZ2cfpDhczSB1UM8G2yVsmeHpjoxqmn7ZpvtrJ2mhHxpjYWGStziG
[2m2025-11-26T11:24:27.843687Z[0m [32m INFO[0m [2mscanner::process[0m[2m:[0m DexSwap { swap_program_id: pAMMBay6oceH9fJKBRHGP5D4bD4sWpmSwMn52FMfXEA, pools: [6pZ1kT9eGFtdkGYRD79Hs9GN9tDDnZnEb14m63gim4nm, HTf5u5hvKsthLfvgrRj81fHXYegMiDcpAgjT9JCNRprK], pool_owner: J28z5ZcSUKjXSeXsVGnjShfCX7ygQDA2RFQd9JPzVQv2, token_in: TokenAmount { mint: wMNSTc9xcRegGgG8RBjz8dUefYrmtSyUCyAdoy1WexR, amount: 34460711369 }, token_out: TokenAmount { mint: So11111111111111111111111111111111111111112, amount: 232471349 }, fees: [TokenAmount { mint: wMNSTc9xcRegGgG8RBjz8dUefYrmtSyUCyAdoy1WexR, amount: 460340 }, TokenAmount { mint: So11111111111111111111111111111111111111112, amount: 115085 }, TokenAmount { mint: So11111111111111111111111111111111111111112, amount: 1726273 }], vault_accounts: [] }
[2m2025-11-26T11:24:27.843768Z[0m [32m INFO[0m [2mscanner::process[0m[2m:[0m wMNSTc9xcRegGgG8RBjz8dUefYrmtSyUCyAdoy1WexR - So11111111111111111111111111111111111111112
[2m2025-11-26T11:24:27.843788Z[0m [32m INFO[0m [2mscanner::process[0m[2m:[0m Processing Signature: 63FG5CAzSpcr67q6ComxEN5MTxZC5E9HoHcAZ2cfpDhczSB1UM8G2yVsmeHpjoxqmn7ZpvtrJ2mhHxpjYWGStziG
[2m2025-11-26T11:24:27.843797Z[0m [32m INFO[0m [2mscanner::process[0m[2m:[0m DexSwap { swap_program_id: CPMMoo8L3F4NbTegBCKVNunggL7H1ZpdTHKxQB5qKP1C, pools: [C4Y5gXsQ5mJA7mBUUR7zCjELkASSPRZxaUddpSX38rru, 7sgSXueEEb22jzuHqdqzhDTjVxkP8wE1hfk6ETUYTGkE], pool_owner: RaVenxw8kykBbW7KGBaBsb7fDkkBYK4uJVDSFun6ZxR, token_in: TokenAmount { mint: wMNSTc9xcRegGgG8RBjz8dUefYrmtSyUCyAdoy1WexR, amount: 34460711369 }, token_out: TokenAmount { mint: Adq3wnAvtaXBNfy63xGV1YNkDiPKadDT469xF9uZPrqE, amount: 288021352205 }, fees: [], vault_accounts: [] }
[2m2025-11-26T11:24:27.843852Z[0m [32m INFO[0m [2mscanner::process[0m[2m:[0m wMNSTc9xcRegGgG8RBjz8dUefYrmtSyUCyAdoy1WexR - Adq3wnAvtaXBNfy63xGV1YNkDiPKadDT469xF9uZPrqE
[2m2025-11-26T11:24:27.843872Z[0m [32m INFO[0m [2mscanner::process[0m[2m:[0m Processing Signature: 63FG5CAzSpcr67q6ComxEN5MTxZC5E9HoHcAZ2cfpDhczSB1UM8G2yVsmeHpjoxqmn7ZpvtrJ2mhHxpjYWGStziG
[2m2025-11-26T11:24:27.843881Z[0m [32m INFO[0m [2mscanner::process[0m[2m:[0m DexSwap { swap_program_id: 675kPX9MHTjS2zt1qfr1NYHuzeLXfQM9H24wFSUt1Mp8, pools: [EDJo11o5zU7Ze7JEFkjD9rJHK3GMeNwTcuYGp2RKgkWs, 86R56fB248penzZRAZn5Un1LdA1w1W2gu2qWb42Dvhzf], pool_owner: 7LTjg8r5x1cQLhNLHN2hfsqYRfau3g2JSxiq65DD1KWM, token_in: TokenAmount { mint: Adq3wnAvtaXBNfy63xGV1YNkDiPKadDT469xF9uZPrqE, amount: 288021352205 }, token_out: TokenAmount { mint: So11111111111111111111111111111111111111112, amount: 227400544 }, fees: [], vault_accounts: [BF4GLUwFVbUJp4d7hrQ5jTsQhkdGimi8Qdsytk5QyFFS, EDJo11o5zU7Ze7JEFkjD9rJHK3GMeNwTcuYGp2RKgkWs] }
[2m2025-11-26T11:24:27.843949Z[0m [32m INFO[0m [2mscanner::process[0m[2m:[0m Adq3wnAvtaXBNfy63xGV1YNkDiPKadDT469xF9uZPrqE - So11111111111111111111111111111111111111112
[2m2025-11-26T11:24:27.843981Z[0m [32m INFO[0m [2mscanner[0m[2m:[0m Found intermediate mint: Adq3wnAvtaXBNfy63xGV1YNkDiPKadDT469xF9uZPrqE with 0 decimals and 0 token accounts
[2m2025-11-26T11:24:27.843997Z[0m [33m WARN[0m [2mscanner[0m[2m:[0m No token accounts found for intermediate mint: Adq3wnAvtaXBNfy63xGV1YNkDiPKadDT469xF9uZPrqE
[2m2025-11-26T11:24:28.421427Z[0m [32m INFO[0m [2mscanner::process[0m[2m:[0m Processing Signature: 5MKzWJDHcdnZhURePZJMef5VrbRPWXZbXC6PSMmuqtB9Vawcm8ouHmZJq7nM8EYKRCg1NKmGjMssTJ137KbL9SL8
[2m2025-11-26T11:24:28.421547Z[0m [32m INFO[0m [2mscanner::process[0m[2m:[0m DexSwap { swap_program_id: LBUZKhRxPF3XUpBCjp4YzTKgLccjZhTSDM9YuVaPwxo, pools: [DUPWJ2V3MQSEchkQiVxpMTE1DvvNLug62RPtgUwafjNk, HcUQGGZChJhdywtHf8hnUEngYDg3D1xVGFCbzwHHMZr6], pool_owner: EXXfbVutbuexDZtPw8pkSvWxLFoUMBHd544CAGkmtPZm, token_in: TokenAmount { mint: Es9vMFrzaCERmJfrF4H2FYD4KCoNkY11McCe8BenwNYB, amount: 821402172 }, token_out: TokenAmount { mint: JDzPbXboQYWVmdxXS3LbvjM52RtsV1QaSv2AzoCiai2o, amount: 2145026148 }, fees: [TokenAmount { mint: Es9vMFrzaCERmJfrF4H2FYD4KCoNkY11McCe8BenwNYB, amount: 669907 }, TokenAmount { mint: Es9vMFrzaCERmJfrF4H2FYD4KCoNkY11McCe8BenwNYB, amount: 33488 }, TokenAmount { mint: Es9vMFrzaCERmJfrF4H2FYD4KCoNkY11McCe8BenwNYB, amount: 2015848 }], vault_accounts: [] }
[2m2025-11-26T11:24:28.421675Z[0m [32m INFO[0m [2mscanner::process[0m[2m:[0m Es9vMFrzaCERmJfrF4H2FYD4KCoNkY11McCe8BenwNYB - JDzPbXboQYWVmdxXS3LbvjM52RtsV1QaSv2AzoCiai2o
[2m2025-11-26T11:24:28.421710Z[0m [32m INFO[0m [2mscanner::process[0m[2m:[0m Processing Signature: 5MKzWJDHcdnZhURePZJMef5VrbRPWXZbXC6PSMmuqtB9Vawcm8ouHmZJq7nM8EYKRCg1NKmGjMssTJ137KbL9SL8
[2m2025-11-26T11:24:28.421729Z[0m [32m INFO[0m [2mscanner::process[0m[2m:[0m DexSwap { swap_program_id: LBUZKhRxPF3XUpBCjp4YzTKgLccjZhTSDM9YuVaPwxo, pools: [ny86TuzrFavYy1BTbLuCJGep3TfnGGwS155jtcrFiNd, spqB46cNDN7LYuwf9BtwgwY6DFbPZjijGVAQeHkf41A], pool_owner: AXXo7N2gcLeVyo8nDsN99UW8Fv6NCsa2DP21WD3SKtM3, token_in: TokenAmount { mint: JDzPbXboQYWVmdxXS3LbvjM52RtsV1QaSv2AzoCiai2o, amount: 2145026148 }, token_out: TokenAmount { mint: Es9vMFrzaCERmJfrF4H2FYD4KCoNkY11McCe8BenwNYB, amount: 815374708 }, fees: [TokenAmount { mint: JDzPbXboQYWVmdxXS3LbvjM52RtsV1QaSv2AzoCiai2o, amount: 4450930 }, TokenAmount { mint: JDzPbXboQYWVmdxXS3LbvjM52RtsV1QaSv2AzoCiai2o, amount: 222546 }, TokenAmount { mint: JDzPbXboQYWVmdxXS3LbvjM52RtsV1QaSv2AzoCiai2o, amount: 2075000 }], vault_accounts: [] }
[2m2025-11-26T11:24:28.421842Z[0m [32m INFO[0m [2mscanner::process[0m[2m:[0m JDzPbXboQYWVmdxXS3LbvjM52RtsV1QaSv2AzoCiai2o - Es9vMFrzaCERmJfrF4H2FYD4KCoNkY11McCe8BenwNYB
[2m2025-11-26T11:24:28.421917Z[0m [32m INFO[0m [2mscanner[0m[2m:[0m Found intermediate mint: JDzPbXboQYWVmdxXS3LbvjM52RtsV1QaSv2AzoCiai2o with 0 decimals and 0 token accounts
[2m2025-11-26T11:24:28.421947Z[0m [33m WARN[0m [2mscanner[0m[2m:[0m No token accounts found for intermediate mint: JDzPbXboQYWVmdxXS3LbvjM52RtsV1QaSv2AzoCiai2o
[2m2025-11-26T11:24:28.422002Z[0m [32m INFO[0m [2mscanner[0m[2m:[0m Registering new pool in known_pools: DUPWJ2V3MQSEchkQiVxpMTE1DvvNLug62RPtgUwafjNk
[2m2025-11-26T11:24:28.422032Z[0m [32m INFO[0m [2mscanner[0m[2m:[0m Registering new pool in known_pools: HcUQGGZChJhdywtHf8hnUEngYDg3D1xVGFCbzwHHMZr6
[2m2025-11-26T11:24:28.422058Z[0m [32m INFO[0m [2mscanner[0m[2m:[0m Registering new pool in known_pools: ny86TuzrFavYy1BTbLuCJGep3TfnGGwS155jtcrFiNd
[2m2025-11-26T11:24:28.422085Z[0m [32m INFO[0m [2mscanner[0m[2m:[0m Registering new pool in known_pools: spqB46cNDN7LYuwf9BtwgwY6DFbPZjijGVAQeHkf41A
[2m2025-11-26T11:24:28.422667Z[0m [32m INFO[0m [2mscanner::process[0m[2m:[0m Processing Signature: 4tbKsMddGktbJYFz6WwubUaFj8EuzHKrsozcYLB5onSuCPq2kV8nVnLxQ7vNgKV28TdcfwaXPoTSXPjtApiWKP33
[2m2025-11-26T11:24:28.422690Z[0m [32m INFO[0m [2mscanner::process[0m[2m:[0m DexSwap { swap_program_id: LBUZKhRxPF3XUpBCjp4YzTKgLccjZhTSDM9YuVaPwxo, pools: [DUPWJ2V3MQSEchkQiVxpMTE1DvvNLug62RPtgUwafjNk, HcUQGGZChJhdywtHf8hnUEngYDg3D1xVGFCbzwHHMZr6], pool_owner: EXXfbVutbuexDZtPw8pkSvWxLFoUMBHd544CAGkmtPZm, token_in: TokenAmount { mint: Es9vMFrzaCERmJfrF4H2FYD4KCoNkY11McCe8BenwNYB, amount: 821402172 }, token_out: TokenAmount { mint: JDzPbXboQYWVmdxXS3LbvjM52RtsV1QaSv2AzoCiai2o, amount: 2145026148 }, fees: [TokenAmount { mint: Es9vMFrzaCERmJfrF4H2FYD4KCoNkY11McCe8BenwNYB, amount: 669907 }, TokenAmount { mint: Es9vMFrzaCERmJfrF4H2FYD4KCoNkY11McCe8BenwNYB, amount: 33488 }, TokenAmount { mint: Es9vMFrzaCERmJfrF4H2FYD4KCoNkY11McCe8BenwNYB, amount: 2015848 }], vault_accounts: [] }
[2m2025-11-26T11:24:28.422803Z[0m [32m INFO[0m [2mscanner::process[0m[2m:[0m Es9vMFrzaCERmJfrF4H2FYD4KCoNkY11McCe8BenwNYB - JDzPbXboQYWVmdxXS3LbvjM52RtsV1QaSv2AzoCiai2o
[2m2025-11-26T11:24:28.422831Z[0m [32m INFO[0m [2mscanner::process[0m[2m:[0m Processing Signature: 4tbKsMddGktbJYFz6WwubUaFj8EuzHKrsozcYLB5onSuCPq2kV8nVnLxQ7vNgKV28TdcfwaXPoTSXPjtApiWKP33
[2m2025-11-26T11:24:28.422844Z[0m [32m INFO[0m [2mscanner::process[0m[2m:[0m DexSwap { swap_program_id: LBUZKhRxPF3XUpBCjp4YzTKgLccjZhTSDM9YuVaPwxo, pools: [ny86TuzrFavYy1BTbLuCJGep3TfnGGwS155jtcrFiNd, spqB46cNDN7LYuwf9BtwgwY6DFbPZjijGVAQeHkf41A], pool_owner: AXXo7N2gcLeVyo8nDsN99UW8Fv6NCsa2DP21WD3SKtM3, token_in: TokenAmount { mint: JDzPbXboQYWVmdxXS3LbvjM52RtsV1QaSv2AzoCiai2o, amount: 2145026148 }, token_out: TokenAmount { mint: Es9vMFrzaCERmJfrF4H2FYD4KCoNkY11McCe8BenwNYB, amount: 815374708 }, fees: [TokenAmount { mint: JDzPbXboQYWVmdxXS3LbvjM52RtsV1QaSv2AzoCiai2o, amount: 4450930 }, TokenAmount { mint: JDzPbXboQYWVmdxXS3LbvjM52RtsV1QaSv2AzoCiai2o, amount: 222546 }, TokenAmount { mint: JDzPbXboQYWVmdxXS3LbvjM52RtsV1QaSv2AzoCiai2o, amount: 2075000 }], vault_accounts: [] }
[2m2025-11-26T11:24:28.422954Z[0m [32m INFO[0m [2mscanner::process[0m[2m:[0m JDzPbXboQYWVmdxXS3LbvjM52RtsV1QaSv2AzoCiai2o - Es9vMFrzaCERmJfrF4H2FYD4KCoNkY11McCe8BenwNYB
[2m2025-11-26T11:24:28.423009Z[0m [32m INFO[0m [2mscanner[0m[2m:[0m Found intermediate mint: JDzPbXboQYWVmdxXS3LbvjM52RtsV1QaSv2AzoCiai2o with 0 decimals and 0 token accounts
[2m2025-11-26T11:24:28.423033Z[0m [33m WARN[0m [2mscanner[0m[2m:[0m No token accounts found for intermediate mint: JDzPbXboQYWVmdxXS3LbvjM52RtsV1QaSv2AzoCiai2o
[2m2025-11-26T11:24:29.075796Z[0m [32m INFO[0m [2mscanner::grpc[0m[2m:[0m Roundtrip ping for http://ny-rpc.notarb.org:10000/: 227ms
[2m2025-11-26T11:24:30.169830Z[0m [32m INFO[0m [2mscanner::process[0m[2m:[0m Processing Signature: 24QauW8S1EVC3HTjfGyMQTMYcXEeSu1Ax17aPhX1se8MQWmL3wS49x6fYuMaBXn8rFjSJsBpjPUhGghQjD1nxKAN
[2m2025-11-26T11:24:30.169983Z[0m [32m INFO[0m [2mscanner::process[0m[2m:[0m DexSwap { swap_program_id: pAMMBay6oceH9fJKBRHGP5D4bD4sWpmSwMn52FMfXEA, pools: [E5UiD4QWVVVbV8C8LDHbHMm5sxhk5DFdQ2CWfWnguLwk, 6ddK46QwG5REXXZv5Q5bDuuouGWrqUkXiQ8G18VBRW4x], pool_owner: FizVQxuiW9agWNQwq7gcwdbqwyGvQuGKmsQrZq2WSWL9, token_in: TokenAmount { mint: J7Dx5yPbPD5e5BmrSvJyi4n4XRUR2kWqWYaxaSWdpump, amount: 459620623369 }, token_out: TokenAmount { mint: So11111111111111111111111111111111111111112, amount: 14101882282 }, fees: [TokenAmount { mint: J7Dx5yPbPD5e5BmrSvJyi4n4XRUR2kWqWYaxaSWdpump, amount: 27993811 }, TokenAmount { mint: So11111111111111111111111111111111111111112, amount: 6998453 }, TokenAmount { mint: So11111111111111111111111111111111111111112, amount: 69984528 }], vault_accounts: [] }
[2m2025-11-26T11:24:30.170171Z[0m [32m INFO[0m [2mscanner::process[0m[2m:[0m J7Dx5yPbPD5e5BmrSvJyi4n4XRUR2kWqWYaxaSWdpump - So11111111111111111111111111111111111111112
[2m2025-11-26T11:24:30.170226Z[0m [32m INFO[0m [2mscanner::process[0m[2m:[0m Processing Signature: 24QauW8S1EVC3HTjfGyMQTMYcXEeSu1Ax17aPhX1se8MQWmL3wS49x6fYuMaBXn8rFjSJsBpjPUhGghQjD1nxKAN
[2m2025-11-26T11:24:30.170256Z[0m [32m INFO[0m [2mscanner::process[0m[2m:[0m DexSwap { swap_program_id: LBUZKhRxPF3XUpBCjp4YzTKgLccjZhTSDM9YuVaPwxo, pools: [33FkB5GuGYeoJVMiL3srwwCKhvW8mWeRAhmpczvAiw2u, GhrXf9Wa4rUcjTV1GzT6dgKLGCNHinRsGS2JcrZbTWwC], pool_owner: 2n51q96tuzs85R9L3X3uuQdu9V3fKAnvTsVtf9xMSSH6, token_in: TokenAmount { mint: J7Dx5yPbPD5e5BmrSvJyi4n4XRUR2kWqWYaxaSWdpump, amount: 459620623369 }, token_out: TokenAmount { mint: So11111111111111111111111111111111111111112, amount: 13632621152 }, fees: [TokenAmount { mint: J7Dx5yPbPD5e5BmrSvJyi4n4XRUR2kWqWYaxaSWdpump, amount: 9544763936 }, TokenAmount { mint: J7Dx5yPbPD5e5BmrSvJyi4n4XRUR2kWqWYaxaSWdpump, amount: 477238194 }, TokenAmount { mint: J7Dx5yPbPD5e5BmrSvJyi4n4XRUR2kWqWYaxaSWdpump, amount: 20158603 }], vault_accounts: [] }
[2m2025-11-26T11:24:30.170431Z[0m [32m INFO[0m [2mscanner::process[0m[2m:[0m J7Dx5yPbPD5e5BmrSvJyi4n4XRUR2kWqWYaxaSWdpump - So11111111111111111111111111111111111111112
[2m2025-11-26T11:24:30.171302Z[0m [32m INFO[0m [2mscanner::process[0m[2m:[0m Processing Signature: 3SCC3Ugj2rHRUPenb1VNokk5TJPbtwPgoGzwCzYhMXNnDGPF8nQbeq8WfgVQpook512dz8iapS1hMJEobhm2QJsp
[2m2025-11-26T11:24:30.171367Z[0m [32m INFO[0m [2mscanner::process[0m[2m:[0m DexSwap { swap_program_id: pAMMBay6oceH9fJKBRHGP5D4bD4sWpmSwMn52FMfXEA, pools: [E5UiD4QWVVVbV8C8LDHbHMm5sxhk5DFdQ2CWfWnguLwk, 6ddK46QwG5REXXZv5Q5bDuuouGWrqUkXiQ8G18VBRW4x], pool_owner: FizVQxuiW9agWNQwq7gcwdbqwyGvQuGKmsQrZq2WSWL9, token_in: TokenAmount { mint: J7Dx5yPbPD5e5BmrSvJyi4n4XRUR2kWqWYaxaSWdpump, amount: 66929911188 }, token_out: TokenAmount { mint: So11111111111111111111111111111111111111112, amount: 2025374671 }, fees: [TokenAmount { mint: J7Dx5yPbPD5e5BmrSvJyi4n4XRUR2kWqWYaxaSWdpump, amount: 4020595 }, TokenAmount { mint: So11111111111111111111111111111111111111112, amount: 1005149 }, TokenAmount { mint: So11111111111111111111111111111111111111112, amount: 10051488 }], vault_accounts: [] }
[2m2025-11-26T11:24:30.171511Z[0m [32m INFO[0m [2mscanner::process[0m[2m:[0m J7Dx5yPbPD5e5BmrSvJyi4n4XRUR2kWqWYaxaSWdpump - So11111111111111111111111111111111111111112
[2m2025-11-26T11:24:30.171550Z[0m [32m INFO[0m [2mscanner::process[0m[2m:[0m Processing Signature: 3SCC3Ugj2rHRUPenb1VNokk5TJPbtwPgoGzwCzYhMXNnDGPF8nQbeq8WfgVQpook512dz8iapS1hMJEobhm2QJsp
[2m2025-11-26T11:24:30.171573Z[0m [32m INFO[0m [2mscanner::process[0m[2m:[0m DexSwap { swap_program_id: LBUZKhRxPF3XUpBCjp4YzTKgLccjZhTSDM9YuVaPwxo, pools: [69x447aKPV7y5cF8iyF5GkYsc3BWbBNXXj8wsDiQnTuV, TDJWHVc3hZCqBHoCp5H9iyxSDSUf3fTsZWZzSFDLG7T], pool_owner: DhewZkv8kVdg5KHLUiYiNA7C9BkNdyR5o78fBH2YEEM8, token_in: TokenAmount { mint: J7Dx5yPbPD5e5BmrSvJyi4n4XRUR2kWqWYaxaSWdpump, amount: 66929911188 }, token_out: TokenAmount { mint: So11111111111111111111111111111111111111112, amount: 1927035472 }, fees: [TokenAmount { mint: J7Dx5yPbPD5e5BmrSvJyi4n4XRUR2kWqWYaxaSWdpump, amount: 302654167 }, TokenAmount { mint: J7Dx5yPbPD5e5BmrSvJyi4n4XRUR2kWqWYaxaSWdpump, amount: 15132688 }, TokenAmount { mint: J7Dx5yPbPD5e5BmrSvJyi4n4XRUR2kWqWYaxaSWdpump, amount: 9552156 }], vault_accounts: [] }
[2m2025-11-26T11:24:30.171707Z[0m [32m INFO[0m [2mscanner::process[0m[2m:[0m J7Dx5yPbPD5e5BmrSvJyi4n4XRUR2kWqWYaxaSWdpump - So11111111111111111111111111111111111111112
[2m2025-11-26T11:24:30.171795Z[0m [32m INFO[0m [2mscanner[0m[2m:[0m Registering new pool in known_pools: 69x447aKPV7y5cF8iyF5GkYsc3BWbBNXXj8wsDiQnTuV
[2m2025-11-26T11:24:30.171849Z[0m [32m INFO[0m [2mscanner[0m[2m:[0m Registering new pool in known_pools: TDJWHVc3hZCqBHoCp5H9iyxSDSUf3fTsZWZzSFDLG7T
[2m2025-11-26T11:24:30.172489Z[0m [32m INFO[0m [2mscanner::process[0m[2m:[0m Processing Signature: 2Pa2eLRwbEtmfSMVqRQSfNTkhh8yMuD3H37U5XiWjT18ehaksLy6CTfGzHqpJM5RQBWW7EiPasLTAoQsQN4vX7Vv
[2m2025-11-26T11:24:30.172533Z[0m [32m INFO[0m [2mscanner::process[0m[2m:[0m DexSwap { swap_program_id: LBUZKhRxPF3XUpBCjp4YzTKgLccjZhTSDM9YuVaPwxo, pools: [5jFEiRiHsu4p1fEc4GNpkoCF29BK12x7QtjctVgykiiR, HcpcJjKdrmA3EDGixnyXfWm5zyk6g1Jr4LTc89eaW74K], pool_owner: 2nUcjCfzrAcoVB6tpjXu42VZ8o8S2yvobHmefgTJeSfd, token_in: TokenAmount { mint: So11111111111111111111111111111111111111112, amount: 710627276 }, token_out: TokenAmount { mint: J7Dx5yPbPD5e5BmrSvJyi4n4XRUR2kWqWYaxaSWdpump, amount: 23026345710 }, fees: [TokenAmount { mint: So11111111111111111111111111111111111111112, amount: 14781049 }, TokenAmount { mint: So11111111111111111111111111111111111111112, amount: 739050 }, TokenAmount { mint: So11111111111111111111111111111111111111112, amount: 20800000 }], vault_accounts: [] }
[2m2025-11-26T11:24:30.172668Z[0m [32m INFO[0m [2mscanner::process[0m[2m:[0m So11111111111111111111111111111111111111112 - J7Dx5yPbPD5e5BmrSvJyi4n4XRUR2kWqWYaxaSWdpump
[2m2025-11-26T11:24:30.172716Z[0m [32m INFO[0m [2mscanner::process[0m[2m:[0m Processing Signature: 2Pa2eLRwbEtmfSMVqRQSfNTkhh8yMuD3H37U5XiWjT18ehaksLy6CTfGzHqpJM5RQBWW7EiPasLTAoQsQN4vX7Vv
[2m2025-11-26T11:24:30.172741Z[0m [32m INFO[0m [2mscanner::process[0m[2m:[0m DexSwap { swap_program_id: LBUZKhRxPF3XUpBCjp4YzTKgLccjZhTSDM9YuVaPwxo, pools: [69x447aKPV7y5cF8iyF5GkYsc3BWbBNXXj8wsDiQnTuV, TDJWHVc3hZCqBHoCp5H9iyxSDSUf3fTsZWZzSFDLG7T], pool_owner: DhewZkv8kVdg5KHLUiYiNA7C9BkNdyR5o78fBH2YEEM8, token_in: TokenAmount { mint: J7Dx5yPbPD5e5BmrSvJyi4n4XRUR2kWqWYaxaSWdpump, amount: 23026345710 }, token_out: TokenAmount { mint: So11111111111111111111111111111111111111112, amount: 683252552 }, fees: [TokenAmount { mint: J7Dx5yPbPD5e5BmrSvJyi4n4XRUR2kWqWYaxaSWdpump, amount: 73023175 }, TokenAmount { mint: J7Dx5yPbPD5e5BmrSvJyi4n4XRUR2kWqWYaxaSWdpump, amount: 3651149 }, TokenAmount { mint: J7Dx5yPbPD5e5BmrSvJyi4n4XRUR2kWqWYaxaSWdpump, amount: 2262196 }], vault_accounts: [] }
[2m2025-11-26T11:24:30.172875Z[0m [32m INFO[0m [2mscanner::process[0m[2m:[0m J7Dx5yPbPD5e5BmrSvJyi4n4XRUR2kWqWYaxaSWdpump - So11111111111111111111111111111111111111112
[2m2025-11-26T11:24:30.172954Z[0m [32m INFO[0m [2mscanner[0m[2m:[0m Found intermediate mint: J7Dx5yPbPD5e5BmrSvJyi4n4XRUR2kWqWYaxaSWdpump with 0 decimals and 0 token accounts
[2m2025-11-26T11:24:30.172995Z[0m [33m WARN[0m [2mscanner[0m[2m:[0m No token accounts found for intermediate mint: J7Dx5yPbPD5e5BmrSvJyi4n4XRUR2kWqWYaxaSWdpump
[2m2025-11-26T11:24:30.173046Z[0m [32m INFO[0m [2mscanner[0m[2m:[0m Registering new pool in known_pools: 5jFEiRiHsu4p1fEc4GNpkoCF29BK12x7QtjctVgykiiR
[2m2025-11-26T11:24:30.173087Z[0m [32m INFO[0m [2mscanner[0m[2m:[0m Registering new pool in known_pools: HcpcJjKdrmA3EDGixnyXfWm5zyk6g1Jr4LTc89eaW74K
[2m2025-11-26T11:24:30.174691Z[0m [32m INFO[0m [2mscanner::process[0m[2m:[0m Processing Signature: 31DzNkeg2BhLH1D41QuKxEpDpMdQoXQxMiJ5WhNZD85tUaVdfTVuvSN17ZEdYRWyUSQyzrRR2wGWZnjWQs9vuR6H
[2m2025-11-26T11:24:30.174796Z[0m [32m INFO[0m [2mscanner::process[0m[2m:[0m DexSwap { swap_program_id: LBUZKhRxPF3XUpBCjp4YzTKgLccjZhTSDM9YuVaPwxo, pools: [5x1mcmPGHVdCz1cq4RF1Jxztu88ToRCCak1a8t5oVXBt, 9jfSfhLyedKdtteBLN9LqRP5YsvtLVmy54QrSwYKoHPr], pool_owner: GRgUqUMr82AbDqEyDJvDJsnW93KwPtidLMZ27wDqQAyM, token_in: TokenAmount { mint: So11111111111111111111111111111111111111112, amount: 232203405 }, token_out: TokenAmount { mint: J7Dx5yPbPD5e5BmrSvJyi4n4XRUR2kWqWYaxaSWdpump, amount: 7573483635 }, fees: [TokenAmount { mint: So11111111111111111111111111111111111111112, amount: 3757182 }, TokenAmount { mint: So11111111111111111111111111111111111111112, amount: 187857 }, TokenAmount { mint: So11111111111111111111111111111111111111112, amount: 18256984 }], vault_accounts: [] }
[2m2025-11-26T11:24:30.174925Z[0m [32m INFO[0m [2mscanner::process[0m[2m:[0m So11111111111111111111111111111111111111112 - J7Dx5yPbPD5e5BmrSvJyi4n4XRUR2kWqWYaxaSWdpump
[2m2025-11-26T11:24:30.174959Z[0m [32m INFO[0m [2mscanner::process[0m[2m:[0m Processing Signature: 31DzNkeg2BhLH1D41QuKxEpDpMdQoXQxMiJ5WhNZD85tUaVdfTVuvSN17ZEdYRWyUSQyzrRR2wGWZnjWQs9vuR6H
[2m2025-11-26T11:24:30.174975Z[0m [32m INFO[0m [2mscanner::process[0m[2m:[0m DexSwap { swap_program_id: LBUZKhRxPF3XUpBCjp4YzTKgLccjZhTSDM9YuVaPwxo, pools: [69x447aKPV7y5cF8iyF5GkYsc3BWbBNXXj8wsDiQnTuV, TDJWHVc3hZCqBHoCp5H9iyxSDSUf3fTsZWZzSFDLG7T], pool_owner: DhewZkv8kVdg5KHLUiYiNA7C9BkNdyR5o78fBH2YEEM8, token_in: TokenAmount { mint: J7Dx5yPbPD5e5BmrSvJyi4n4XRUR2kWqWYaxaSWdpump, amount: 7573483635 }, token_out: TokenAmount { mint: So11111111111111111111111111111111111111112, amount: 227284502 }, fees: [TokenAmount { mint: J7Dx5yPbPD5e5BmrSvJyi4n4XRUR2kWqWYaxaSWdpump, amount: 32962620 }, TokenAmount { mint: J7Dx5yPbPD5e5BmrSvJyi4n4XRUR2kWqWYaxaSWdpump, amount: 1648126 }, TokenAmount { mint: J7Dx5yPbPD5e5BmrSvJyi4n4XRUR2kWqWYaxaSWdpump, amount: 3506984 }], vault_accounts: [] }
[2m2025-11-26T11:24:30.175088Z[0m [32m INFO[0m [2mscanner::process[0m[2m:[0m J7Dx5yPbPD5e5BmrSvJyi4n4XRUR2kWqWYaxaSWdpump - So11111111111111111111111111111111111111112
[2m2025-11-26T11:24:30.175151Z[0m [32m INFO[0m [2mscanner[0m[2m:[0m Found intermediate mint: J7Dx5yPbPD5e5BmrSvJyi4n4XRUR2kWqWYaxaSWdpump with 0 decimals and 0 token accounts
[2m2025-11-26T11:24:30.175181Z[0m [33m WARN[0m [2mscanner[0m[2m:[0m No token accounts found for intermediate mint: J7Dx5yPbPD5e5BmrSvJyi4n4XRUR2kWqWYaxaSWdpump
[2m2025-11-26T11:24:30.175246Z[0m [32m INFO[0m [2mscanner[0m[2m:[0m Registering new pool in known_pools: 5x1mcmPGHVdCz1cq4RF1Jxztu88ToRCCak1a8t5oVXBt
[2m2025-11-26T11:24:30.175274Z[0m [32m INFO[0m [2mscanner[0m[2m:[0m Registering new pool in known_pools: 9jfSfhLyedKdtteBLN9LqRP5YsvtLVmy54QrSwYKoHPr
[2m2025-11-26T11:24:30.175978Z[0m [32m INFO[0m [2mscanner::process[0m[2m:[0m Processing Signature: 2qo1eFis821isCWvsJ2Ak8CkhFXrCv8RpWWFBQYDpgpdqQuY5saCXaQrN9GJ5wFZe2YhA6BC8yic33ZfhSoMvUCs
[2m2025-11-26T11:24:30.175999Z[0m [32m INFO[0m [2mscanner::process[0m[2m:[0m DexSwap { swap_program_id: CPMMoo8L3F4NbTegBCKVNunggL7H1ZpdTHKxQB5qKP1C, pools: [HCX2xH3ykNQessV4auSa4kLd6fQWDqx4NqrRNAaDkdA8, 8hBe12uGwSiyALXH8mRv39GSWFYh5omvBt1fbm76zwWF], pool_owner: RaVenxw8kykBbW7KGBaBsb7fDkkBYK4uJVDSFun6ZxR, token_in: TokenAmount { mint: So11111111111111111111111111111111111111112, amount: 94072800 }, token_out: TokenAmount { mint: 44sHXMkPeciUpqhecfCysVs7RcaxeM24VPMauQouBREV, amount: 71564598081260 }, fees: [], vault_accounts: [] }
[2m2025-11-26T11:24:30.176077Z[0m [32m INFO[0m [2mscanner::process[0m[2m:[0m So11111111111111111111111111111111111111112 - 44sHXMkPeciUpqhecfCysVs7RcaxeM24VPMauQouBREV
[2m2025-11-26T11:24:30.176107Z[0m [32m INFO[0m [2mscanner::process[0m[2m:[0m Processing Signature: 2qo1eFis821isCWvsJ2Ak8CkhFXrCv8RpWWFBQYDpgpdqQuY5saCXaQrN9GJ5wFZe2YhA6BC8yic33ZfhSoMvUCs
[2m2025-11-26T11:24:30.176121Z[0m [32m INFO[0m [2mscanner::process[0m[2m:[0m DexSwap { swap_program_id: cpamdpZCGKUy5JxQXB4dcpGPiikHawvSWAd6mEn1sGG, pools: [842fKVHtPQ4BAMJWybAsNJtU8oSkyMTquxUS9UpdsSRd, FQN7DqFbxuhL83L6HoxN7nUuw6QfCgyAtZP5Ys1v86Jt], pool_owner: 6b5VGHmMzmVYn5abohHDzSSYdWcT8AMuKLWm9f92emcp, token_in: TokenAmount { mint: 44sHXMkPeciUpqhecfCysVs7RcaxeM24VPMauQouBREV, amount: 70133306119634 }, token_out: TokenAmount { mint: J7Dx5yPbPD5e5BmrSvJyi4n4XRUR2kWqWYaxaSWdpump, amount: 2907352399 }, fees: [TokenAmount { mint: 44sHXMkPeciUpqhecfCysVs7RcaxeM24VPMauQouBREV, amount: 5850990 }, TokenAmount { mint: 44sHXMkPeciUpqhecfCysVs7RcaxeM24VPMauQouBREV, amount: 1462747 }], vault_accounts: [] }
[2m2025-11-26T11:24:30.176224Z[0m [32m INFO[0m [2mscanner::process[0m[2m:[0m 44sHXMkPeciUpqhecfCysVs7RcaxeM24VPMauQouBREV - J7Dx5yPbPD5e5BmrSvJyi4n4XRUR2kWqWYaxaSWdpump
[2m2025-11-26T11:24:30.176254Z[0m [32m INFO[0m [2mscanner::process[0m[2m:[0m Processing Signature: 2qo1eFis821isCWvsJ2Ak8CkhFXrCv8RpWWFBQYDpgpdqQuY5saCXaQrN9GJ5wFZe2YhA6BC8yic33ZfhSoMvUCs
[2m2025-11-26T11:24:30.176267Z[0m [32m INFO[0m [2mscanner::process[0m[2m:[0m DexSwap { swap_program_id: LBUZKhRxPF3XUpBCjp4YzTKgLccjZhTSDM9YuVaPwxo, pools: [69x447aKPV7y5cF8iyF5GkYsc3BWbBNXXj8wsDiQnTuV, TDJWHVc3hZCqBHoCp5H9iyxSDSUf3fTsZWZzSFDLG7T], pool_owner: DhewZkv8kVdg5KHLUiYiNA7C9BkNdyR5o78fBH2YEEM8, token_in: TokenAmount { mint: J7Dx5yPbPD5e5BmrSvJyi4n4XRUR2kWqWYaxaSWdpump, amount: 2907352399 }, token_out: TokenAmount { mint: So11111111111111111111111111111111111111112, amount: 87538000 }, fees: [TokenAmount { mint: J7Dx5yPbPD5e5BmrSvJyi4n4XRUR2kWqWYaxaSWdpump, amount: 14187770 }, TokenAmount { mint: J7Dx5yPbPD5e5BmrSvJyi4n4XRUR2kWqWYaxaSWdpump, amount: 709386 }, TokenAmount { mint: J7Dx5yPbPD5e5BmrSvJyi4n4XRUR2kWqWYaxaSWdpump, amount: 4513377 }], vault_accounts: [] }
[2m2025-11-26T11:24:30.176378Z[0m [32m INFO[0m [2mscanner::process[0m[2m:[0m J7Dx5yPbPD5e5BmrSvJyi4n4XRUR2kWqWYaxaSWdpump - So11111111111111111111111111111111111111112
[2m2025-11-26T11:24:30.176426Z[0m [32m INFO[0m [2mscanner[0m[2m:[0m Found intermediate mint: 44sHXMkPeciUpqhecfCysVs7RcaxeM24VPMauQouBREV with 0 decimals and 0 token accounts
[2m2025-11-26T11:24:30.176449Z[0m [33m WARN[0m [2mscanner[0m[2m:[0m No token accounts found for intermediate mint: 44sHXMkPeciUpqhecfCysVs7RcaxeM24VPMauQouBREV
[2m2025-11-26T11:24:30.176471Z[0m [32m INFO[0m [2mscanner[0m[2m:[0m Found intermediate mint: J7Dx5yPbPD5e5BmrSvJyi4n4XRUR2kWqWYaxaSWdpump with 0 decimals and 0 token accounts
[2m2025-11-26T11:24:30.176493Z[0m [33m WARN[0m [2mscanner[0m[2m:[0m No token accounts found for intermediate mint: J7Dx5yPbPD5e5BmrSvJyi4n4XRUR2kWqWYaxaSWdpump
[2m2025-11-26T11:24:30.176550Z[0m [32m INFO[0m [2mscanner[0m[2m:[0m Registering new pool in known_pools: 842fKVHtPQ4BAMJWybAsNJtU8oSkyMTquxUS9UpdsSRd
[2m2025-11-26T11:24:30.176574Z[0m [32m INFO[0m [2mscanner[0m[2m:[0m Registering new pool in known_pools: FQN7DqFbxuhL83L6HoxN7nUuw6QfCgyAtZP5Ys1v86Jt
[2m2025-11-26T11:24:30.479612Z[0m [32m INFO[0m [2mscanner::process[0m[2m:[0m Processing Signature: 4BZrQdA2qu4apaJJ9jB7eNYwqF51fpbfZaEBTsr8ZBYuuqiEFth6nBRWqvE5cVLkN7KscL4nSehmTRTMDmfNchyx
[2m2025-11-26T11:24:30.479796Z[0m [32m INFO[0m [2mscanner::process[0m[2m:[0m DexSwap { swap_program_id: LBUZKhRxPF3XUpBCjp4YzTKgLccjZhTSDM9YuVaPwxo, pools: [HoMsjpYdx5jaccSSTngKF3psFB4TUXBExxXu5NhGuFVX, F9k9vyaY6xW1BTbxu3swMYjaG184hjQniGUk3n6g44fQ], pool_owner: 6dxKB7yJqATyJ7TAf7GWUoKAXdUQFFx2kLfgRASZ5wDW, token_in: TokenAmount { mint: EPjFWdd5AufqSSqeM2qN1xzybapC8G4wEGGkZwyTDt1v, amount: 30698836 }, token_out: TokenAmount { mint: J7Dx5yPbPD5e5BmrSvJyi4n4XRUR2kWqWYaxaSWdpump, amount: 7340939018 }, fees: [TokenAmount { mint: EPjFWdd5AufqSSqeM2qN1xzybapC8G4wEGGkZwyTDt1v, amount: 326428 }, TokenAmount { mint: EPjFWdd5AufqSSqeM2qN1xzybapC8G4wEGGkZwyTDt1v, amount: 16320 }, TokenAmount { mint: EPjFWdd5AufqSSqeM2qN1xzybapC8G4wEGGkZwyTDt1v, amount: 11315137 }], vault_accounts: [] }
[2m2025-11-26T11:24:30.480144Z[0m [32m INFO[0m [2mscanner::process[0m[2m:[0m EPjFWdd5AufqSSqeM2qN1xzybapC8G4wEGGkZwyTDt1v - J7Dx5yPbPD5e5BmrSvJyi4n4XRUR2kWqWYaxaSWdpump
[2m2025-11-26T11:24:30.480236Z[0m [32m INFO[0m [2mscanner::process[0m[2m:[0m Processing Signature: 4BZrQdA2qu4apaJJ9jB7eNYwqF51fpbfZaEBTsr8ZBYuuqiEFth6nBRWqvE5cVLkN7KscL4nSehmTRTMDmfNchyx
[2m2025-11-26T11:24:30.480283Z[0m [32m INFO[0m [2mscanner::process[0m[2m:[0m DexSwap { swap_program_id: LBUZKhRxPF3XUpBCjp4YzTKgLccjZhTSDM9YuVaPwxo, pools: [33FkB5GuGYeoJVMiL3srwwCKhvW8mWeRAhmpczvAiw2u, GhrXf9Wa4rUcjTV1GzT6dgKLGCNHinRsGS2JcrZbTWwC], pool_owner: 2n51q96tuzs85R9L3X3uuQdu9V3fKAnvTsVtf9xMSSH6, token_in: TokenAmount { mint: J7Dx5yPbPD5e5BmrSvJyi4n4XRUR2kWqWYaxaSWdpump, amount: 7340939018 }, token_out: TokenAmount { mint: So11111111111111111111111111111111111111112, amount: 220718269 }, fees: [TokenAmount { mint: J7Dx5yPbPD5e5BmrSvJyi4n4XRUR2kWqWYaxaSWdpump, amount: 157743858 }, TokenAmount { mint: J7Dx5yPbPD5e5BmrSvJyi4n4XRUR2kWqWYaxaSWdpump, amount: 7887192 }, TokenAmount { mint: J7Dx5yPbPD5e5BmrSvJyi4n4XRUR2kWqWYaxaSWdpump, amount: 21487993 }], vault_accounts: [] }
[2m2025-11-26T11:24:30.480601Z[0m [32m INFO[0m [2mscanner::process[0m[2m:[0m J7Dx5yPbPD5e5BmrSvJyi4n4XRUR2kWqWYaxaSWdpump - So11111111111111111111111111111111111111112
[2m2025-11-26T11:24:30.480682Z[0m [32m INFO[0m [2mscanner::process[0m[2m:[0m Processing Signature: 4BZrQdA2qu4apaJJ9jB7eNYwqF51fpbfZaEBTsr8ZBYuuqiEFth6nBRWqvE5cVLkN7KscL4nSehmTRTMDmfNchyx
[2m2025-11-26T11:24:30.480723Z[0m [32m INFO[0m [2mscanner::process[0m[2m:[0m DexSwap { swap_program_id: whirLbMiicVdio4qvUfM5KAg6Ct8VwpYzGff3uctyCc, pools: [EUuUbDcafPrmVTD5M6qoJAoyyNbihBhugADAxRMn5he9, 2WLWEuKDgkDUccTpbwYp1GToYktiSB1cXvreHUwiSUVP], pool_owner: Czfq3xZZDmsdGdUyrNLtRhGc47cXcZtLG4crryfu44zE, token_in: TokenAmount { mint: So11111111111111111111111111111111111111112, amount: 220718269 }, token_out: TokenAmount { mint: EPjFWdd5AufqSSqeM2qN1xzybapC8G4wEGGkZwyTDt1v, amount: 30236855 }, fees: [], vault_accounts: [] }
[2m2025-11-26T11:24:30.480935Z[0m [32m INFO[0m [2mscanner::process[0m[2m:[0m So11111111111111111111111111111111111111112 - EPjFWdd5AufqSSqeM2qN1xzybapC8G4wEGGkZwyTDt1v
[2m2025-11-26T11:24:30.481090Z[0m [32m INFO[0m [2mscanner[0m[2m:[0m Found intermediate mint: So11111111111111111111111111111111111111112 with 0 decimals and 0 token accounts
[2m2025-11-26T11:24:30.481165Z[0m [33m WARN[0m [2mscanner[0m[2m:[0m No token accounts found for intermediate mint: So11111111111111111111111111111111111111112
[2m2025-11-26T11:24:30.481230Z[0m [32m INFO[0m [2mscanner[0m[2m:[0m Found intermediate mint: J7Dx5yPbPD5e5BmrSvJyi4n4XRUR2kWqWYaxaSWdpump with 0 decimals and 0 token accounts
[2m2025-11-26T11:24:30.481294Z[0m [33m WARN[0m [2mscanner[0m[2m:[0m No token accounts found for intermediate mint: J7Dx5yPbPD5e5BmrSvJyi4n4XRUR2kWqWYaxaSWdpump
[2m2025-11-26T11:24:30.481426Z[0m [32m INFO[0m [2mscanner[0m[2m:[0m Registering new pool in known_pools: HoMsjpYdx5jaccSSTngKF3psFB4TUXBExxXu5NhGuFVX
[2m2025-11-26T11:24:30.481499Z[0m [32m INFO[0m [2mscanner[0m[2m:[0m Registering new pool in known_pools: F9k9vyaY6xW1BTbxu3swMYjaG184hjQniGUk3n6g44fQ
[2m2025-11-26T11:24:30.482769Z[0m [32m INFO[0m [2mscanner::process[0m[2m:[0m Processing Signature: 3ijTfQKPp93GFDrQreyNtmq4LxBZHpsq6hFtUyVvxdVgD7AgBWkEdVJqXz5Laa3hgiPSCs9JVmKicf2XrUdCx4xZ
[2m2025-11-26T11:24:30.482801Z[0m [32m INFO[0m [2mscanner::process[0m[2m:[0m DexSwap { swap_program_id: whirLbMiicVdio4qvUfM5KAg6Ct8VwpYzGff3uctyCc, pools: [EUuUbDcafPrmVTD5M6qoJAoyyNbihBhugADAxRMn5he9, 2WLWEuKDgkDUccTpbwYp1GToYktiSB1cXvreHUwiSUVP], pool_owner: Czfq3xZZDmsdGdUyrNLtRhGc47cXcZtLG4crryfu44zE, token_in: TokenAmount { mint: So11111111111111111111111111111111111111112, amount: 291580629 }, token_out: TokenAmount { mint: EPjFWdd5AufqSSqeM2qN1xzybapC8G4wEGGkZwyTDt1v, amount: 39944501 }, fees: [], vault_accounts: [] }
[2m2025-11-26T11:24:30.482889Z[0m [32m INFO[0m [2mscanner::process[0m[2m:[0m So11111111111111111111111111111111111111112 - EPjFWdd5AufqSSqeM2qN1xzybapC8G4wEGGkZwyTDt1v
[2m2025-11-26T11:24:30.482921Z[0m [32m INFO[0m [2mscanner::process[0m[2m:[0m Processing Signature: 3ijTfQKPp93GFDrQreyNtmq4LxBZHpsq6hFtUyVvxdVgD7AgBWkEdVJqXz5Laa3hgiPSCs9JVmKicf2XrUdCx4xZ
[2m2025-11-26T11:24:30.482936Z[0m [32m INFO[0m [2mscanner::process[0m[2m:[0m DexSwap { swap_program_id: LBUZKhRxPF3XUpBCjp4YzTKgLccjZhTSDM9YuVaPwxo, pools: [HoMsjpYdx5jaccSSTngKF3psFB4TUXBExxXu5NhGuFVX, F9k9vyaY6xW1BTbxu3swMYjaG184hjQniGUk3n6g44fQ], pool_owner: 6dxKB7yJqATyJ7TAf7GWUoKAXdUQFFx2kLfgRASZ5wDW, token_in: TokenAmount { mint: EPjFWdd5AufqSSqeM2qN1xzybapC8G4wEGGkZwyTDt1v, amount: 39944501 }, token_out: TokenAmount { mint: J7Dx5yPbPD5e5BmrSvJyi4n4XRUR2kWqWYaxaSWdpump, amount: 9494761230 }, fees: [TokenAmount { mint: EPjFWdd5AufqSSqeM2qN1xzybapC8G4wEGGkZwyTDt1v, amount: 437487 }, TokenAmount { mint: EPjFWdd5AufqSSqeM2qN1xzybapC8G4wEGGkZwyTDt1v, amount: 21872 }, TokenAmount { mint: EPjFWdd5AufqSSqeM2qN1xzybapC8G4wEGGkZwyTDt1v, amount: 12871387 }], vault_accounts: [] }
[2m2025-11-26T11:24:30.483056Z[0m [32m INFO[0m [2mscanner::process[0m[2m:[0m EPjFWdd5AufqSSqeM2qN1xzybapC8G4wEGGkZwyTDt1v - J7Dx5yPbPD5e5BmrSvJyi4n4XRUR2kWqWYaxaSWdpump
[2m2025-11-26T11:24:30.483086Z[0m [32m INFO[0m [2mscanner::process[0m[2m:[0m Processing Signature: 3ijTfQKPp93GFDrQreyNtmq4LxBZHpsq6hFtUyVvxdVgD7AgBWkEdVJqXz5Laa3hgiPSCs9JVmKicf2XrUdCx4xZ
[2m2025-11-26T11:24:30.483102Z[0m [32m INFO[0m [2mscanner::process[0m[2m:[0m DexSwap { swap_program_id: LBUZKhRxPF3XUpBCjp4YzTKgLccjZhTSDM9YuVaPwxo, pools: [69x447aKPV7y5cF8iyF5GkYsc3BWbBNXXj8wsDiQnTuV, TDJWHVc3hZCqBHoCp5H9iyxSDSUf3fTsZWZzSFDLG7T], pool_owner: DhewZkv8kVdg5KHLUiYiNA7C9BkNdyR5o78fBH2YEEM8, token_in: TokenAmount { mint: J7Dx5yPbPD5e5BmrSvJyi4n4XRUR2kWqWYaxaSWdpump, amount: 9494761230 }, token_out: TokenAmount { mint: So11111111111111111111111111111111111111112, amount: 284552142 }, fees: [TokenAmount { mint: J7Dx5yPbPD5e5BmrSvJyi4n4XRUR2kWqWYaxaSWdpump, amount: 39471818 }, TokenAmount { mint: J7Dx5yPbPD5e5BmrSvJyi4n4XRUR2kWqWYaxaSWdpump, amount: 1973586 }, TokenAmount { mint: J7Dx5yPbPD5e5BmrSvJyi4n4XRUR2kWqWYaxaSWdpump, amount: 3295385 }], vault_accounts: [] }
[2m2025-11-26T11:24:30.483229Z[0m [32m INFO[0m [2mscanner::process[0m[2m:[0m J7Dx5yPbPD5e5BmrSvJyi4n4XRUR2kWqWYaxaSWdpump - So11111111111111111111111111111111111111112
[2m2025-11-26T11:24:30.483280Z[0m [32m INFO[0m [2mscanner[0m[2m:[0m Found intermediate mint: J7Dx5yPbPD5e5BmrSvJyi4n4XRUR2kWqWYaxaSWdpump with 0 decimals and 0 token accounts
[2m2025-11-26T11:24:30.483305Z[0m [33m WARN[0m [2mscanner[0m[2m:[0m No token accounts found for intermediate mint: J7Dx5yPbPD5e5BmrSvJyi4n4XRUR2kWqWYaxaSWdpump
[2m2025-11-26T11:24:30.483349Z[0m [32m INFO[0m [2mscanner[0m[2m:[0m Found intermediate mint: EPjFWdd5AufqSSqeM2qN1xzybapC8G4wEGGkZwyTDt1v with 0 decimals and 0 token accounts
[2m2025-11-26T11:24:30.483376Z[0m [33m WARN[0m [2mscanner[0m[2m:[0m No token accounts found for intermediate mint: EPjFWdd5AufqSSqeM2qN1xzybapC8G4wEGGkZwyTDt1v
[2m2025-11-26T11:24:30.484241Z[0m [32m INFO[0m [2mscanner::process[0m[2m:[0m Processing Signature: cqMTNxdK1STxi24PU2zGBCpwJLbu3D3gKz1pGaaSiVKcra4BWUzGKw4uXaRULTuWNBHag8Re1Qxy1VnJmWjryKp
[2m2025-11-26T11:24:30.484348Z[0m [32m INFO[0m [2mscanner::process[0m[2m:[0m DexSwap { swap_program_id: LBUZKhRxPF3XUpBCjp4YzTKgLccjZhTSDM9YuVaPwxo, pools: [HoMsjpYdx5jaccSSTngKF3psFB4TUXBExxXu5NhGuFVX, F9k9vyaY6xW1BTbxu3swMYjaG184hjQniGUk3n6g44fQ], pool_owner: 6dxKB7yJqATyJ7TAf7GWUoKAXdUQFFx2kLfgRASZ5wDW, token_in: TokenAmount { mint: EPjFWdd5AufqSSqeM2qN1xzybapC8G4wEGGkZwyTDt1v, amount: 40924916 }, token_out: TokenAmount { mint: J7Dx5yPbPD5e5BmrSvJyi4n4XRUR2kWqWYaxaSWdpump, amount: 9720651048 }, fees: [TokenAmount { mint: EPjFWdd5AufqSSqeM2qN1xzybapC8G4wEGGkZwyTDt1v, amount: 450106 }, TokenAmount { mint: EPjFWdd5AufqSSqeM2qN1xzybapC8G4wEGGkZwyTDt1v, amount: 22503 }, TokenAmount { mint: EPjFWdd5AufqSSqeM2qN1xzybapC8G4wEGGkZwyTDt1v, amount: 12871387 }], vault_accounts: [] }
[2m2025-11-26T11:24:30.484444Z[0m [32m INFO[0m [2mscanner::process[0m[2m:[0m EPjFWdd5AufqSSqeM2qN1xzybapC8G4wEGGkZwyTDt1v - J7Dx5yPbPD5e5BmrSvJyi4n4XRUR2kWqWYaxaSWdpump
[2m2025-11-26T11:24:30.484469Z[0m [32m INFO[0m [2mscanner::process[0m[2m:[0m Processing Signature: cqMTNxdK1STxi24PU2zGBCpwJLbu3D3gKz1pGaaSiVKcra4BWUzGKw4uXaRULTuWNBHag8Re1Qxy1VnJmWjryKp
[2m2025-11-26T11:24:30.484481Z[0m [32m INFO[0m [2mscanner::process[0m[2m:[0m DexSwap { swap_program_id: LBUZKhRxPF3XUpBCjp4YzTKgLccjZhTSDM9YuVaPwxo, pools: [69x447aKPV7y5cF8iyF5GkYsc3BWbBNXXj8wsDiQnTuV, TDJWHVc3hZCqBHoCp5H9iyxSDSUf3fTsZWZzSFDLG7T], pool_owner: DhewZkv8kVdg5KHLUiYiNA7C9BkNdyR5o78fBH2YEEM8, token_in: TokenAmount { mint: J7Dx5yPbPD5e5BmrSvJyi4n4XRUR2kWqWYaxaSWdpump, amount: 9720651048 }, token_out: TokenAmount { mint: So11111111111111111111111111111111111111112, amount: 291274835 }, fees: [TokenAmount { mint: J7Dx5yPbPD5e5BmrSvJyi4n4XRUR2kWqWYaxaSWdpump, amount: 40197392 }, TokenAmount { mint: J7Dx5yPbPD5e5BmrSvJyi4n4XRUR2kWqWYaxaSWdpump, amount: 2009865 }, TokenAmount { mint: J7Dx5yPbPD5e5BmrSvJyi4n4XRUR2kWqWYaxaSWdpump, amount: 3099787 }], vault_accounts: [] }
[2m2025-11-26T11:24:30.484563Z[0m [32m INFO[0m [2mscanner::process[0m[2m:[0m J7Dx5yPbPD5e5BmrSvJyi4n4XRUR2kWqWYaxaSWdpump - So11111111111111111111111111111111111111112
[2m2025-11-26T11:24:30.484584Z[0m [32m INFO[0m [2mscanner::process[0m[2m:[0m Processing Signature: cqMTNxdK1STxi24PU2zGBCpwJLbu3D3gKz1pGaaSiVKcra4BWUzGKw4uXaRULTuWNBHag8Re1Qxy1VnJmWjryKp
[2m2025-11-26T11:24:30.484594Z[0m [32m INFO[0m [2mscanner::process[0m[2m:[0m DexSwap { swap_program_id: whirLbMiicVdio4qvUfM5KAg6Ct8VwpYzGff3uctyCc, pools: [EUuUbDcafPrmVTD5M6qoJAoyyNbihBhugADAxRMn5he9, 2WLWEuKDgkDUccTpbwYp1GToYktiSB1cXvreHUwiSUVP], pool_owner: Czfq3xZZDmsdGdUyrNLtRhGc47cXcZtLG4crryfu44zE, token_in: TokenAmount { mint: So11111111111111111111111111111111111111112, amount: 291274835 }, token_out: TokenAmount { mint: EPjFWdd5AufqSSqeM2qN1xzybapC8G4wEGGkZwyTDt1v, amount: 39902609 }, fees: [], vault_accounts: [] }
[2m2025-11-26T11:24:30.484649Z[0m [32m INFO[0m [2mscanner::process[0m[2m:[0m So11111111111111111111111111111111111111112 - EPjFWdd5AufqSSqeM2qN1xzybapC8G4wEGGkZwyTDt1v
[2m2025-11-26T11:24:30.484729Z[0m [32m INFO[0m [2mscanner[0m[2m:[0m Found intermediate mint: J7Dx5yPbPD5e5BmrSvJyi4n4XRUR2kWqWYaxaSWdpump with 0 decimals and 0 token accounts
[2m2025-11-26T11:24:30.484748Z[0m [33m WARN[0m [2mscanner[0m[2m:[0m No token accounts found for intermediate mint: J7Dx5yPbPD5e5BmrSvJyi4n4XRUR2kWqWYaxaSWdpump
[2m2025-11-26T11:24:30.484770Z[0m [32m INFO[0m [2mscanner[0m[2m:[0m Found intermediate mint: So11111111111111111111111111111111111111112 with 0 decimals and 0 token accounts
[2m2025-11-26T11:24:30.484785Z[0m [33m WARN[0m [2mscanner[0m[2m:[0m No token accounts found for intermediate mint: So11111111111111111111111111111111111111112
[2m2025-11-26T11:24:30.485440Z[0m [32m INFO[0m [2mscanner::process[0m[2m:[0m Processing Signature: 4CRMw8U9pWBua62xWTqgpfrPmisPeGKQdAVZ5vAMH9xzjQTYAjshwBS1bQ65y6yVfHv8XHj65xHEhYNm4F3yJ1xh
[2m2025-11-26T11:24:30.485454Z[0m [32m INFO[0m [2mscanner::process[0m[2m:[0m DexSwap { swap_program_id: whirLbMiicVdio4qvUfM5KAg6Ct8VwpYzGff3uctyCc, pools: [EUuUbDcafPrmVTD5M6qoJAoyyNbihBhugADAxRMn5he9, 2WLWEuKDgkDUccTpbwYp1GToYktiSB1cXvreHUwiSUVP], pool_owner: Czfq3xZZDmsdGdUyrNLtRhGc47cXcZtLG4crryfu44zE, token_in: TokenAmount { mint: So11111111111111111111111111111111111111112, amount: 227211677 }, token_out: TokenAmount { mint: EPjFWdd5AufqSSqeM2qN1xzybapC8G4wEGGkZwyTDt1v, amount: 31126407 }, fees: [], vault_accounts: [] }
[2m2025-11-26T11:24:30.485509Z[0m [32m INFO[0m [2mscanner::process[0m[2m:[0m So11111111111111111111111111111111111111112 - EPjFWdd5AufqSSqeM2qN1xzybapC8G4wEGGkZwyTDt1v
[2m2025-11-26T11:24:30.485528Z[0m [32m INFO[0m [2mscanner::process[0m[2m:[0m Processing Signature: 4CRMw8U9pWBua62xWTqgpfrPmisPeGKQdAVZ5vAMH9xzjQTYAjshwBS1bQ65y6yVfHv8XHj65xHEhYNm4F3yJ1xh
[2m2025-11-26T11:24:30.485536Z[0m [32m INFO[0m [2mscanner::process[0m[2m:[0m DexSwap { swap_program_id: LBUZKhRxPF3XUpBCjp4YzTKgLccjZhTSDM9YuVaPwxo, pools: [HoMsjpYdx5jaccSSTngKF3psFB4TUXBExxXu5NhGuFVX, F9k9vyaY6xW1BTbxu3swMYjaG184hjQniGUk3n6g44fQ], pool_owner: 6dxKB7yJqATyJ7TAf7GWUoKAXdUQFFx2kLfgRASZ5wDW, token_in: TokenAmount { mint: EPjFWdd5AufqSSqeM2qN1xzybapC8G4wEGGkZwyTDt1v, amount: 31126407 }, token_out: TokenAmount { mint: J7Dx5yPbPD5e5BmrSvJyi4n4XRUR2kWqWYaxaSWdpump, amount: 7441590861 }, fees: [TokenAmount { mint: EPjFWdd5AufqSSqeM2qN1xzybapC8G4wEGGkZwyTDt1v, amount: 331266 }, TokenAmount { mint: EPjFWdd5AufqSSqeM2qN1xzybapC8G4wEGGkZwyTDt1v, amount: 16562 }, TokenAmount { mint: EPjFWdd5AufqSSqeM2qN1xzybapC8G4wEGGkZwyTDt1v, amount: 11315137 }], vault_accounts: [] }
[2m2025-11-26T11:24:30.485616Z[0m [32m INFO[0m [2mscanner::process[0m[2m:[0m EPjFWdd5AufqSSqeM2qN1xzybapC8G4wEGGkZwyTDt1v - J7Dx5yPbPD5e5BmrSvJyi4n4XRUR2kWqWYaxaSWdpump
[2m2025-11-26T11:24:30.485635Z[0m [32m INFO[0m [2mscanner::process[0m[2m:[0m Processing Signature: 4CRMw8U9pWBua62xWTqgpfrPmisPeGKQdAVZ5vAMH9xzjQTYAjshwBS1bQ65y6yVfHv8XHj65xHEhYNm4F3yJ1xh
[2m2025-11-26T11:24:30.485643Z[0m [32m INFO[0m [2mscanner::process[0m[2m:[0m DexSwap { swap_program_id: LBUZKhRxPF3XUpBCjp4YzTKgLccjZhTSDM9YuVaPwxo, pools: [33FkB5GuGYeoJVMiL3srwwCKhvW8mWeRAhmpczvAiw2u, GhrXf9Wa4rUcjTV1GzT6dgKLGCNHinRsGS2JcrZbTWwC], pool_owner: 2n51q96tuzs85R9L3X3uuQdu9V3fKAnvTsVtf9xMSSH6, token_in: TokenAmount { mint: J7Dx5yPbPD5e5BmrSvJyi4n4XRUR2kWqWYaxaSWdpump, amount: 7441590861 }, token_out: TokenAmount { mint: So11111111111111111111111111111111111111112, amount: 223744535 }, fees: [TokenAmount { mint: J7Dx5yPbPD5e5BmrSvJyi4n4XRUR2kWqWYaxaSWdpump, amount: 159906665 }, TokenAmount { mint: J7Dx5yPbPD5e5BmrSvJyi4n4XRUR2kWqWYaxaSWdpump, amount: 7995332 }, TokenAmount { mint: J7Dx5yPbPD5e5BmrSvJyi4n4XRUR2kWqWYaxaSWdpump, amount: 21487993 }], vault_accounts: [] }
[2m2025-11-26T11:24:30.485722Z[0m [32m INFO[0m [2mscanner::process[0m[2m:[0m J7Dx5yPbPD5e5BmrSvJyi4n4XRUR2kWqWYaxaSWdpump - So11111111111111111111111111111111111111112
[2m2025-11-26T11:24:30.485755Z[0m [32m INFO[0m [2mscanner[0m[2m:[0m Found intermediate mint: J7Dx5yPbPD5e5BmrSvJyi4n4XRUR2kWqWYaxaSWdpump with 0 decimals and 0 token accounts
[2m2025-11-26T11:24:30.485770Z[0m [33m WARN[0m [2mscanner[0m[2m:[0m No token accounts found for intermediate mint: J7Dx5yPbPD5e5BmrSvJyi4n4XRUR2kWqWYaxaSWdpump
[2m2025-11-26T11:24:30.485788Z[0m [32m INFO[0m [2mscanner[0m[2m:[0m Found intermediate mint: EPjFWdd5AufqSSqeM2qN1xzybapC8G4wEGGkZwyTDt1v with 0 decimals and 0 token accounts
[2m2025-11-26T11:24:30.485802Z[0m [33m WARN[0m [2mscanner[0m[2m:[0m No token accounts found for intermediate mint: EPjFWdd5AufqSSqeM2qN1xzybapC8G4wEGGkZwyTDt1v
[2m2025-11-26T11:24:30.486306Z[0m [32m INFO[0m [2mscanner::process[0m[2m:[0m Processing Signature: 559XCuW6pd5f8zZnSaG9ysrn5q49bJ13doAD9VuppavsocfLPL161BFFiUj5AAc3jEq5ZvdYi273ULK6VAWWpV7r
[2m2025-11-26T11:24:30.486316Z[0m [32m INFO[0m [2mscanner::process[0m[2m:[0m DexSwap { swap_program_id: pAMMBay6oceH9fJKBRHGP5D4bD4sWpmSwMn52FMfXEA, pools: [E5UiD4QWVVVbV8C8LDHbHMm5sxhk5DFdQ2CWfWnguLwk, 6ddK46QwG5REXXZv5Q5bDuuouGWrqUkXiQ8G18VBRW4x], pool_owner: FizVQxuiW9agWNQwq7gcwdbqwyGvQuGKmsQrZq2WSWL9, token_in: TokenAmount { mint: J7Dx5yPbPD5e5BmrSvJyi4n4XRUR2kWqWYaxaSWdpump, amount: 459633845721 }, token_out: TokenAmount { mint: So11111111111111111111111111111111111111112, amount: 14101882282 }, fees: [TokenAmount { mint: J7Dx5yPbPD5e5BmrSvJyi4n4XRUR2kWqWYaxaSWdpump, amount: 27993811 }, TokenAmount { mint: So11111111111111111111111111111111111111112, amount: 6998453 }, TokenAmount { mint: So11111111111111111111111111111111111111112, amount: 69984528 }], vault_accounts: [] }
[2m2025-11-26T11:24:30.486387Z[0m [32m INFO[0m [2mscanner::process[0m[2m:[0m J7Dx5yPbPD5e5BmrSvJyi4n4XRUR2kWqWYaxaSWdpump - So11111111111111111111111111111111111111112
[2m2025-11-26T11:24:30.486404Z[0m [32m INFO[0m [2mscanner::process[0m[2m:[0m Processing Signature: 559XCuW6pd5f8zZnSaG9ysrn5q49bJ13doAD9VuppavsocfLPL161BFFiUj5AAc3jEq5ZvdYi273ULK6VAWWpV7r
[2m2025-11-26T11:24:30.486411Z[0m [32m INFO[0m [2mscanner::process[0m[2m:[0m DexSwap { swap_program_id: LBUZKhRxPF3XUpBCjp4YzTKgLccjZhTSDM9YuVaPwxo, pools: [33FkB5GuGYeoJVMiL3srwwCKhvW8mWeRAhmpczvAiw2u, GhrXf9Wa4rUcjTV1GzT6dgKLGCNHinRsGS2JcrZbTWwC], pool_owner: 2n51q96tuzs85R9L3X3uuQdu9V3fKAnvTsVtf9xMSSH6, token_in: TokenAmount { mint: J7Dx5yPbPD5e5BmrSvJyi4n4XRUR2kWqWYaxaSWdpump, amount: 459633845721 }, token_out: TokenAmount { mint: So11111111111111111111111111111111111111112, amount: 13632932234 }, fees: [TokenAmount { mint: J7Dx5yPbPD5e5BmrSvJyi4n4XRUR2kWqWYaxaSWdpump, amount: 9544911210 }, TokenAmount { mint: J7Dx5yPbPD5e5BmrSvJyi4n4XRUR2kWqWYaxaSWdpump, amount: 477245558 }, TokenAmount { mint: J7Dx5yPbPD5e5BmrSvJyi4n4XRUR2kWqWYaxaSWdpump, amount: 20158603 }], vault_accounts: [] }
[2m2025-11-26T11:24:30.486481Z[0m [32m INFO[0m [2mscanner::process[0m[2m:[0m J7Dx5yPbPD5e5BmrSvJyi4n4XRUR2kWqWYaxaSWdpump - So11111111111111111111111111111111111111112
[2m2025-11-26T11:24:30.571255Z[0m [32m INFO[0m [2mscanner::process[0m[2m:[0m Processing Signature: DguaFdMg7xxRJUZsTdbTkmPgFpVmb4m8VRtFoQp43BsjdMDLpgTR3BRgn5F8oeNdN2a7WvDy92bmh3E6aGtiYku
[2m2025-11-26T11:24:30.571277Z[0m [32m INFO[0m [2mscanner::process[0m[2m:[0m DexSwap { swap_program_id: pAMMBay6oceH9fJKBRHGP5D4bD4sWpmSwMn52FMfXEA, pools: [E5UiD4QWVVVbV8C8LDHbHMm5sxhk5DFdQ2CWfWnguLwk, 6ddK46QwG5REXXZv5Q5bDuuouGWrqUkXiQ8G18VBRW4x], pool_owner: FizVQxuiW9agWNQwq7gcwdbqwyGvQuGKmsQrZq2WSWL9, token_in: TokenAmount { mint: J7Dx5yPbPD5e5BmrSvJyi4n4XRUR2kWqWYaxaSWdpump, amount: 66931849880 }, token_out: TokenAmount { mint: So11111111111111111111111111111111111111112, amount: 2025374670 }, fees: [TokenAmount { mint: J7Dx5yPbPD5e5BmrSvJyi4n4XRUR2kWqWYaxaSWdpump, amount: 4020595 }, TokenAmount { mint: So11111111111111111111111111111111111111112, amount: 1005149 }, TokenAmount { mint: So11111111111111111111111111111111111111112, amount: 10051488 }], vault_accounts: [] }
[2m2025-11-26T11:24:30.571383Z[0m [32m INFO[0m [2mscanner::process[0m[2m:[0m J7Dx5yPbPD5e5BmrSvJyi4n4XRUR2kWqWYaxaSWdpump - So11111111111111111111111111111111111111112
[2m2025-11-26T11:24:30.571407Z[0m [32m INFO[0m [2mscanner::process[0m[2m:[0m Processing Signature: DguaFdMg7xxRJUZsTdbTkmPgFpVmb4m8VRtFoQp43BsjdMDLpgTR3BRgn5F8oeNdN2a7WvDy92bmh3E6aGtiYku
[2m2025-11-26T11:24:30.571418Z[0m [32m INFO[0m [2mscanner::process[0m[2m:[0m DexSwap { swap_program_id: LBUZKhRxPF3XUpBCjp4YzTKgLccjZhTSDM9YuVaPwxo, pools: [69x447aKPV7y5cF8iyF5GkYsc3BWbBNXXj8wsDiQnTuV, TDJWHVc3hZCqBHoCp5H9iyxSDSUf3fTsZWZzSFDLG7T], pool_owner: DhewZkv8kVdg5KHLUiYiNA7C9BkNdyR5o78fBH2YEEM8, token_in: TokenAmount { mint: J7Dx5yPbPD5e5BmrSvJyi4n4XRUR2kWqWYaxaSWdpump, amount: 66931849880 }, token_out: TokenAmount { mint: So11111111111111111111111111111111111111112, amount: 1921425684 }, fees: [TokenAmount { mint: J7Dx5yPbPD5e5BmrSvJyi4n4XRUR2kWqWYaxaSWdpump, amount: 312801946 }, TokenAmount { mint: J7Dx5yPbPD5e5BmrSvJyi4n4XRUR2kWqWYaxaSWdpump, amount: 15640078 }, TokenAmount { mint: J7Dx5yPbPD5e5BmrSvJyi4n4XRUR2kWqWYaxaSWdpump, amount: 10051755 }], vault_accounts: [] }
[2m2025-11-26T11:24:30.571514Z[0m [32m INFO[0m [2mscanner::process[0m[2m:[0m J7Dx5yPbPD5e5BmrSvJyi4n4XRUR2kWqWYaxaSWdpump - So11111111111111111111111111111111111111112
[2m2025-11-26T11:24:30.573671Z[0m [32m INFO[0m [2mscanner::process[0m[2m:[0m Processing Signature: 3CrkNmR6dSV6mm2CwmPkCZfUzqmRqz3Dq6GgLQP62g9Pmy9KqjTgB5C7Kx7nw5eL4GyCBBhHxLCknD8K9gteXvqD
[2m2025-11-26T11:24:30.573695Z[0m [32m INFO[0m [2mscanner::process[0m[2m:[0m DexSwap { swap_program_id: pAMMBay6oceH9fJKBRHGP5D4bD4sWpmSwMn52FMfXEA, pools: [E5UiD4QWVVVbV8C8LDHbHMm5sxhk5DFdQ2CWfWnguLwk, 6ddK46QwG5REXXZv5Q5bDuuouGWrqUkXiQ8G18VBRW4x], pool_owner: FizVQxuiW9agWNQwq7gcwdbqwyGvQuGKmsQrZq2WSWL9, token_in: TokenAmount { mint: J7Dx5yPbPD5e5BmrSvJyi4n4XRUR2kWqWYaxaSWdpump, amount: 66931849880 }, token_out: TokenAmount { mint: So11111111111111111111111111111111111111112, amount: 2025374670 }, fees: [TokenAmount { mint: J7Dx5yPbPD5e5BmrSvJyi4n4XRUR2kWqWYaxaSWdpump, amount: 4020595 }, TokenAmount { mint: So11111111111111111111111111111111111111112, amount: 1005149 }, TokenAmount { mint: So11111111111111111111111111111111111111112, amount: 10051488 }], vault_accounts: [] }
[2m2025-11-26T11:24:30.573791Z[0m [32m INFO[0m [2mscanner::process[0m[2m:[0m J7Dx5yPbPD5e5BmrSvJyi4n4XRUR2kWqWYaxaSWdpump - So11111111111111111111111111111111111111112
[2m2025-11-26T11:24:30.573814Z[0m [32m INFO[0m [2mscanner::process[0m[2m:[0m Processing Signature: 3CrkNmR6dSV6mm2CwmPkCZfUzqmRqz3Dq6GgLQP62g9Pmy9KqjTgB5C7Kx7nw5eL4GyCBBhHxLCknD8K9gteXvqD
[2m2025-11-26T11:24:30.573824Z[0m [32m INFO[0m [2mscanner::process[0m[2m:[0m DexSwap { swap_program_id: LBUZKhRxPF3XUpBCjp4YzTKgLccjZhTSDM9YuVaPwxo, pools: [69x447aKPV7y5cF8iyF5GkYsc3BWbBNXXj8wsDiQnTuV, TDJWHVc3hZCqBHoCp5H9iyxSDSUf3fTsZWZzSFDLG7T], pool_owner: DhewZkv8kVdg5KHLUiYiNA7C9BkNdyR5o78fBH2YEEM8, token_in: TokenAmount { mint: J7Dx5yPbPD5e5BmrSvJyi4n4XRUR2kWqWYaxaSWdpump, amount: 66931849880 }, token_out: TokenAmount { mint: So11111111111111111111111111111111111111112, amount: 1921425684 }, fees: [TokenAmount { mint: J7Dx5yPbPD5e5BmrSvJyi4n4XRUR2kWqWYaxaSWdpump, amount: 312801946 }, TokenAmount { mint: J7Dx5yPbPD5e5BmrSvJyi4n4XRUR2kWqWYaxaSWdpump, amount: 15640078 }, TokenAmount { mint: J7Dx5yPbPD5e5BmrSvJyi4n4XRUR2kWqWYaxaSWdpump, amount: 10051755 }], vault_accounts: [] }
[2m2025-11-26T11:24:30.573928Z[0m [32m INFO[0m [2mscanner::process[0m[2m:[0m J7Dx5yPbPD5e5BmrSvJyi4n4XRUR2kWqWYaxaSWdpump - So11111111111111111111111111111111111111112
[2m2025-11-26T11:24:30.574451Z[0m [32m INFO[0m [2mscanner::process[0m[2m:[0m Processing Signature: 67UfHbe79NMxDtUxX9vnsgJpuGGx8hwwFkjxuF6NcDPoAMCVy98dcGrnm4JagZNEuywaTHC7axjQHKs22MgUyXss
[2m2025-11-26T11:24:30.574464Z[0m [32m INFO[0m [2mscanner::process[0m[2m:[0m DexSwap { swap_program_id: LBUZKhRxPF3XUpBCjp4YzTKgLccjZhTSDM9YuVaPwxo, pools: [5jFEiRiHsu4p1fEc4GNpkoCF29BK12x7QtjctVgykiiR, HcpcJjKdrmA3EDGixnyXfWm5zyk6g1Jr4LTc89eaW74K], pool_owner: 2nUcjCfzrAcoVB6tpjXu42VZ8o8S2yvobHmefgTJeSfd, token_in: TokenAmount { mint: So11111111111111111111111111111111111111112, amount: 788025184 }, token_out: TokenAmount { mint: J7Dx5yPbPD5e5BmrSvJyi4n4XRUR2kWqWYaxaSWdpump, amount: 25511268249 }, fees: [TokenAmount { mint: So11111111111111111111111111111111111111112, amount: 16390926 }, TokenAmount { mint: So11111111111111111111111111111111111111112, amount: 819543 }, TokenAmount { mint: So11111111111111111111111111111111111111112, amount: 20800000 }], vault_accounts: [] }
[2m2025-11-26T11:24:30.574562Z[0m [32m INFO[0m [2mscanner::process[0m[2m:[0m So11111111111111111111111111111111111111112 - J7Dx5yPbPD5e5BmrSvJyi4n4XRUR2kWqWYaxaSWdpump
[2m2025-11-26T11:24:30.574585Z[0m [32m INFO[0m [2mscanner::process[0m[2m:[0m Processing Signature: 67UfHbe79NMxDtUxX9vnsgJpuGGx8hwwFkjxuF6NcDPoAMCVy98dcGrnm4JagZNEuywaTHC7axjQHKs22MgUyXss
[2m2025-11-26T11:24:30.574595Z[0m [32m INFO[0m [2mscanner::process[0m[2m:[0m DexSwap { swap_program_id: LBUZKhRxPF3XUpBCjp4YzTKgLccjZhTSDM9YuVaPwxo, pools: [33FkB5GuGYeoJVMiL3srwwCKhvW8mWeRAhmpczvAiw2u, GhrXf9Wa4rUcjTV1GzT6dgKLGCNHinRsGS2JcrZbTWwC], pool_owner: 2n51q96tuzs85R9L3X3uuQdu9V3fKAnvTsVtf9xMSSH6, token_in: TokenAmount { mint: J7Dx5yPbPD5e5BmrSvJyi4n4XRUR2kWqWYaxaSWdpump, amount: 25511268249 }, token_out: TokenAmount { mint: So11111111111111111111111111111111111111112, amount: 767038891 }, fees: [TokenAmount { mint: J7Dx5yPbPD5e5BmrSvJyi4n4XRUR2kWqWYaxaSWdpump, amount: 548185954 }, TokenAmount { mint: J7Dx5yPbPD5e5BmrSvJyi4n4XRUR2kWqWYaxaSWdpump, amount: 27409297 }, TokenAmount { mint: J7Dx5yPbPD5e5BmrSvJyi4n4XRUR2kWqWYaxaSWdpump, amount: 21487993 }], vault_accounts: [] }
[2m2025-11-26T11:24:30.574696Z[0m [32m INFO[0m [2mscanner::process[0m[2m:[0m J7Dx5yPbPD5e5BmrSvJyi4n4XRUR2kWqWYaxaSWdpump - So11111111111111111111111111111111111111112
[2m2025-11-26T11:24:30.574733Z[0m [32m INFO[0m [2mscanner[0m[2m:[0m Found intermediate mint: J7Dx5yPbPD5e5BmrSvJyi4n4XRUR2kWqWYaxaSWdpump with 0 decimals and 0 token accounts
[2m2025-11-26T11:24:30.574751Z[0m [33m WARN[0m [2mscanner[0m[2m:[0m No token accounts found for intermediate mint: J7Dx5yPbPD5e5BmrSvJyi4n4XRUR2kWqWYaxaSWdpump
[2m2025-11-26T11:24:30.575331Z[0m [32m INFO[0m [2mscanner::process[0m[2m:[0m Processing Signature: 5LmLD2MLi2A42NErKt81oNSJ8GY6SG4bt1UCzVMyEna3daFWtnt778nHsP8iCsECN2cHxuEtzns8PzGiY12sXtDy
[2m2025-11-26T11:24:30.575345Z[0m [32m INFO[0m [2mscanner::process[0m[2m:[0m DexSwap { swap_program_id: CPMMoo8L3F4NbTegBCKVNunggL7H1ZpdTHKxQB5qKP1C, pools: [HCX2xH3ykNQessV4auSa4kLd6fQWDqx4NqrRNAaDkdA8, 8hBe12uGwSiyALXH8mRv39GSWFYh5omvBt1fbm76zwWF], pool_owner: RaVenxw8kykBbW7KGBaBsb7fDkkBYK4uJVDSFun6ZxR, token_in: TokenAmount { mint: So11111111111111111111111111111111111111112, amount: 94072948 }, token_out: TokenAmount { mint: 44sHXMkPeciUpqhecfCysVs7RcaxeM24VPMauQouBREV, amount: 71564709971849 }, fees: [], vault_accounts: [] }
[2m2025-11-26T11:24:30.575409Z[0m [32m INFO[0m [2mscanner::process[0m[2m:[0m So11111111111111111111111111111111111111112 - 44sHXMkPeciUpqhecfCysVs7RcaxeM24VPMauQouBREV
[2m2025-11-26T11:24:30.575431Z[0m [32m INFO[0m [2mscanner::process[0m[2m:[0m Processing Signature: 5LmLD2MLi2A42NErKt81oNSJ8GY6SG4bt1UCzVMyEna3daFWtnt778nHsP8iCsECN2cHxuEtzns8PzGiY12sXtDy
[2m2025-11-26T11:24:30.575440Z[0m [32m INFO[0m [2mscanner::process[0m[2m:[0m DexSwap { swap_program_id: cpamdpZCGKUy5JxQXB4dcpGPiikHawvSWAd6mEn1sGG, pools: [842fKVHtPQ4BAMJWybAsNJtU8oSkyMTquxUS9UpdsSRd, FQN7DqFbxuhL83L6HoxN7nUuw6QfCgyAtZP5Ys1v86Jt], pool_owner: 6b5VGHmMzmVYn5abohHDzSSYdWcT8AMuKLWm9f92emcp, token_in: TokenAmount { mint: 44sHXMkPeciUpqhecfCysVs7RcaxeM24VPMauQouBREV, amount: 70133415772412 }, token_out: TokenAmount { mint: J7Dx5yPbPD5e5BmrSvJyi4n4XRUR2kWqWYaxaSWdpump, amount: 2907356852 }, fees: [TokenAmount { mint: 44sHXMkPeciUpqhecfCysVs7RcaxeM24VPMauQouBREV, amount: 5850999 }, TokenAmount { mint: 44sHXMkPeciUpqhecfCysVs7RcaxeM24VPMauQouBREV, amount: 1462749 }], vault_accounts: [] }
[2m2025-11-26T11:24:30.575522Z[0m [32m INFO[0m [2mscanner::process[0m[2m:[0m 44sHXMkPeciUpqhecfCysVs7RcaxeM24VPMauQouBREV - J7Dx5yPbPD5e5BmrSvJyi4n4XRUR2kWqWYaxaSWdpump
[2m2025-11-26T11:24:30.575544Z[0m [32m INFO[0m [2mscanner::process[0m[2m:[0m Processing Signature: 5LmLD2MLi2A42NErKt81oNSJ8GY6SG4bt1UCzVMyEna3daFWtnt778nHsP8iCsECN2cHxuEtzns8PzGiY12sXtDy
[2m2025-11-26T11:24:30.575553Z[0m [32m INFO[0m [2mscanner::process[0m[2m:[0m DexSwap { swap_program_id: LBUZKhRxPF3XUpBCjp4YzTKgLccjZhTSDM9YuVaPwxo, pools: [69x447aKPV7y5cF8iyF5GkYsc3BWbBNXXj8wsDiQnTuV, TDJWHVc3hZCqBHoCp5H9iyxSDSUf3fTsZWZzSFDLG7T], pool_owner: DhewZkv8kVdg5KHLUiYiNA7C9BkNdyR5o78fBH2YEEM8, token_in: TokenAmount { mint: J7Dx5yPbPD5e5BmrSvJyi4n4XRUR2kWqWYaxaSWdpump, amount: 2907356852 }, token_out: TokenAmount { mint: So11111111111111111111111111111111111111112, amount: 87272087 }, fees: [TokenAmount { mint: J7Dx5yPbPD5e5BmrSvJyi4n4XRUR2kWqWYaxaSWdpump, amount: 12691196 }, TokenAmount { mint: J7Dx5yPbPD5e5BmrSvJyi4n4XRUR2kWqWYaxaSWdpump, amount: 634557 }, TokenAmount { mint: J7Dx5yPbPD5e5BmrSvJyi4n4XRUR2kWqWYaxaSWdpump, amount: 3978180 }], vault_accounts: [] }
[2m2025-11-26T11:24:30.575644Z[0m [32m INFO[0m [2mscanner::process[0m[2m:[0m J7Dx5yPbPD5e5BmrSvJyi4n4XRUR2kWqWYaxaSWdpump - So11111111111111111111111111111111111111112
[2m2025-11-26T11:24:30.575681Z[0m [32m INFO[0m [2mscanner[0m[2m:[0m Found intermediate mint: 44sHXMkPeciUpqhecfCysVs7RcaxeM24VPMauQouBREV with 0 decimals and 0 token accounts
[2m2025-11-26T11:24:30.575699Z[0m [33m WARN[0m [2mscanner[0m[2m:[0m No token accounts found for intermediate mint: 44sHXMkPeciUpqhecfCysVs7RcaxeM24VPMauQouBREV
[2m2025-11-26T11:24:30.575717Z[0m [32m INFO[0m [2mscanner[0m[2m:[0m Found intermediate mint: J7Dx5yPbPD5e5BmrSvJyi4n4XRUR2kWqWYaxaSWdpump with 0 decimals and 0 token accounts
[2m2025-11-26T11:24:30.575734Z[0m [33m WARN[0m [2mscanner[0m[2m:[0m No token accounts found for intermediate mint: J7Dx5yPbPD5e5BmrSvJyi4n4XRUR2kWqWYaxaSWdpump
[2m2025-11-26T11:24:30.576616Z[0m [32m INFO[0m [2mscanner::process[0m[2m:[0m Processing Signature: 3q4KB7BHEmktTCyKwCXDXv3XLwgAA9TYqNCaZ9sNo5XYSHvqaq3QRw88sBi7UeqTktVeb8RYqLR3V56LkRNeFjzV
[2m2025-11-26T11:24:30.576628Z[0m [32m INFO[0m [2mscanner::process[0m[2m:[0m DexSwap { swap_program_id: whirLbMiicVdio4qvUfM5KAg6Ct8VwpYzGff3uctyCc, pools: [EUuUbDcafPrmVTD5M6qoJAoyyNbihBhugADAxRMn5he9, 2WLWEuKDgkDUccTpbwYp1GToYktiSB1cXvreHUwiSUVP], pool_owner: Czfq3xZZDmsdGdUyrNLtRhGc47cXcZtLG4crryfu44zE, token_in: TokenAmount { mint: So11111111111111111111111111111111111111112, amount: 227212075 }, token_out: TokenAmount { mint: EPjFWdd5AufqSSqeM2qN1xzybapC8G4wEGGkZwyTDt1v, amount: 31126459 }, fees: [], vault_accounts: [] }
[2m2025-11-26T11:24:30.576682Z[0m [32m INFO[0m [2mscanner::process[0m[2m:[0m So11111111111111111111111111111111111111112 - EPjFWdd5AufqSSqeM2qN1xzybapC8G4wEGGkZwyTDt1v
[2m2025-11-26T11:24:30.576701Z[0m [32m INFO[0m [2mscanner::process[0m[2m:[0m Processing Signature: 3q4KB7BHEmktTCyKwCXDXv3XLwgAA9TYqNCaZ9sNo5XYSHvqaq3QRw88sBi7UeqTktVeb8RYqLR3V56LkRNeFjzV
[2m2025-11-26T11:24:30.576709Z[0m [32m INFO[0m [2mscanner::process[0m[2m:[0m DexSwap { swap_program_id: LBUZKhRxPF3XUpBCjp4YzTKgLccjZhTSDM9YuVaPwxo, pools: [HoMsjpYdx5jaccSSTngKF3psFB4TUXBExxXu5NhGuFVX, F9k9vyaY6xW1BTbxu3swMYjaG184hjQniGUk3n6g44fQ], pool_owner: 6dxKB7yJqATyJ7TAf7GWUoKAXdUQFFx2kLfgRASZ5wDW, token_in: TokenAmount { mint: EPjFWdd5AufqSSqeM2qN1xzybapC8G4wEGGkZwyTDt1v, amount: 31126459 }, token_out: TokenAmount { mint: J7Dx5yPbPD5e5BmrSvJyi4n4XRUR2kWqWYaxaSWdpump, amount: 7369052734 }, fees: [TokenAmount { mint: EPjFWdd5AufqSSqeM2qN1xzybapC8G4wEGGkZwyTDt1v, amount: 336269 }, TokenAmount { mint: EPjFWdd5AufqSSqeM2qN1xzybapC8G4wEGGkZwyTDt1v, amount: 16811 }, TokenAmount { mint: EPjFWdd5AufqSSqeM2qN1xzybapC8G4wEGGkZwyTDt1v, amount: 11582656 }], vault_accounts: [] }
[2m2025-11-26T11:24:30.576788Z[0m [32m INFO[0m [2mscanner::process[0m[2m:[0m EPjFWdd5AufqSSqeM2qN1xzybapC8G4wEGGkZwyTDt1v - J7Dx5yPbPD5e5BmrSvJyi4n4XRUR2kWqWYaxaSWdpump
[2m2025-11-26T11:24:30.576807Z[0m [32m INFO[0m [2mscanner::process[0m[2m:[0m Processing Signature: 3q4KB7BHEmktTCyKwCXDXv3XLwgAA9TYqNCaZ9sNo5XYSHvqaq3QRw88sBi7UeqTktVeb8RYqLR3V56LkRNeFjzV
[2m2025-11-26T11:24:30.576815Z[0m [32m INFO[0m [2mscanner::process[0m[2m:[0m DexSwap { swap_program_id: LBUZKhRxPF3XUpBCjp4YzTKgLccjZhTSDM9YuVaPwxo, pools: [33FkB5GuGYeoJVMiL3srwwCKhvW8mWeRAhmpczvAiw2u, GhrXf9Wa4rUcjTV1GzT6dgKLGCNHinRsGS2JcrZbTWwC], pool_owner: 2n51q96tuzs85R9L3X3uuQdu9V3fKAnvTsVtf9xMSSH6, token_in: TokenAmount { mint: J7Dx5yPbPD5e5BmrSvJyi4n4XRUR2kWqWYaxaSWdpump, amount: 7369052734 }, token_out: TokenAmount { mint: So11111111111111111111111111111111111111112, amount: 221562878 }, fees: [TokenAmount { mint: J7Dx5yPbPD5e5BmrSvJyi4n4XRUR2kWqWYaxaSWdpump, amount: 158346154 }, TokenAmount { mint: J7Dx5yPbPD5e5BmrSvJyi4n4XRUR2kWqWYaxaSWdpump, amount: 7917307 }, TokenAmount { mint: J7Dx5yPbPD5e5BmrSvJyi4n4XRUR2kWqWYaxaSWdpump, amount: 21487993 }], vault_accounts: [] }
[2m2025-11-26T11:24:30.576893Z[0m [32m INFO[0m [2mscanner::process[0m[2m:[0m J7Dx5yPbPD5e5BmrSvJyi4n4XRUR2kWqWYaxaSWdpump - So11111111111111111111111111111111111111112
[2m2025-11-26T11:24:30.576925Z[0m [32m INFO[0m [2mscanner[0m[2m:[0m Found intermediate mint: EPjFWdd5AufqSSqeM2qN1xzybapC8G4wEGGkZwyTDt1v with 0 decimals and 0 token accounts
[2m2025-11-26T11:24:30.576940Z[0m [33m WARN[0m [2mscanner[0m[2m:[0m No token accounts found for intermediate mint: EPjFWdd5AufqSSqeM2qN1xzybapC8G4wEGGkZwyTDt1v
[2m2025-11-26T11:24:30.576955Z[0m [32m INFO[0m [2mscanner[0m[2m:[0m Found intermediate mint: J7Dx5yPbPD5e5BmrSvJyi4n4XRUR2kWqWYaxaSWdpump with 0 decimals and 0 token accounts
[2m2025-11-26T11:24:30.576969Z[0m [33m WARN[0m [2mscanner[0m[2m:[0m No token accounts found for intermediate mint: J7Dx5yPbPD5e5BmrSvJyi4n4XRUR2kWqWYaxaSWdpump
[2m2025-11-26T11:24:30.577472Z[0m [32m INFO[0m [2mscanner::process[0m[2m:[0m Processing Signature: 265eEHVp2S52bka4baeUciPeZ36DikxBQx9u1dUn2Xhrtfgx8rphzqDKPzryTjkkj4Bf2fvfiH6CztWcq8MgqYij
[2m2025-11-26T11:24:30.577483Z[0m [32m INFO[0m [2mscanner::process[0m[2m:[0m DexSwap { swap_program_id: LBUZKhRxPF3XUpBCjp4YzTKgLccjZhTSDM9YuVaPwxo, pools: [HoMsjpYdx5jaccSSTngKF3psFB4TUXBExxXu5NhGuFVX, F9k9vyaY6xW1BTbxu3swMYjaG184hjQniGUk3n6g44fQ], pool_owner: 6dxKB7yJqATyJ7TAf7GWUoKAXdUQFFx2kLfgRASZ5wDW, token_in: TokenAmount { mint: EPjFWdd5AufqSSqeM2qN1xzybapC8G4wEGGkZwyTDt1v, amount: 40925028 }, token_out: TokenAmount { mint: J7Dx5yPbPD5e5BmrSvJyi4n4XRUR2kWqWYaxaSWdpump, amount: 9628128513 }, fees: [TokenAmount { mint: EPjFWdd5AufqSSqeM2qN1xzybapC8G4wEGGkZwyTDt1v, amount: 457269 }, TokenAmount { mint: EPjFWdd5AufqSSqeM2qN1xzybapC8G4wEGGkZwyTDt1v, amount: 22861 }, TokenAmount { mint: EPjFWdd5AufqSSqeM2qN1xzybapC8G4wEGGkZwyTDt1v, amount: 13260766 }], vault_accounts: [] }
[2m2025-11-26T11:24:30.577562Z[0m [32m INFO[0m [2mscanner::process[0m[2m:[0m EPjFWdd5AufqSSqeM2qN1xzybapC8G4wEGGkZwyTDt1v - J7Dx5yPbPD5e5BmrSvJyi4n4XRUR2kWqWYaxaSWdpump
[2m2025-11-26T11:24:30.577581Z[0m [32m INFO[0m [2mscanner::process[0m[2m:[0m Processing Signature: 265eEHVp2S52bka4baeUciPeZ36DikxBQx9u1dUn2Xhrtfgx8rphzqDKPzryTjkkj4Bf2fvfiH6CztWcq8MgqYij
[2m2025-11-26T11:24:30.577589Z[0m [32m INFO[0m [2mscanner::process[0m[2m:[0m DexSwap { swap_program_id: LBUZKhRxPF3XUpBCjp4YzTKgLccjZhTSDM9YuVaPwxo, pools: [69x447aKPV7y5cF8iyF5GkYsc3BWbBNXXj8wsDiQnTuV, TDJWHVc3hZCqBHoCp5H9iyxSDSUf3fTsZWZzSFDLG7T], pool_owner: DhewZkv8kVdg5KHLUiYiNA7C9BkNdyR5o78fBH2YEEM8, token_in: TokenAmount { mint: J7Dx5yPbPD5e5BmrSvJyi4n4XRUR2kWqWYaxaSWdpump, amount: 9628128513 }, token_out: TokenAmount { mint: So11111111111111111111111111111111111111112, amount: 287607591 }, fees: [TokenAmount { mint: J7Dx5yPbPD5e5BmrSvJyi4n4XRUR2kWqWYaxaSWdpump, amount: 35638252 }, TokenAmount { mint: J7Dx5yPbPD5e5BmrSvJyi4n4XRUR2kWqWYaxaSWdpump, amount: 1781908 }, TokenAmount { mint: J7Dx5yPbPD5e5BmrSvJyi4n4XRUR2kWqWYaxaSWdpump, amount: 2920188 }], vault_accounts: [] }
[2m2025-11-26T11:24:30.577668Z[0m [32m INFO[0m [2mscanner::process[0m[2m:[0m J7Dx5yPbPD5e5BmrSvJyi4n4XRUR2kWqWYaxaSWdpump - So11111111111111111111111111111111111111112
[2m2025-11-26T11:24:30.577687Z[0m [32m INFO[0m [2mscanner::process[0m[2m:[0m Processing Signature: 265eEHVp2S52bka4baeUciPeZ36DikxBQx9u1dUn2Xhrtfgx8rphzqDKPzryTjkkj4Bf2fvfiH6CztWcq8MgqYij
[2m2025-11-26T11:24:30.577695Z[0m [32m INFO[0m [2mscanner::process[0m[2m:[0m DexSwap { swap_program_id: whirLbMiicVdio4qvUfM5KAg6Ct8VwpYzGff3uctyCc, pools: [EUuUbDcafPrmVTD5M6qoJAoyyNbihBhugADAxRMn5he9, 2WLWEuKDgkDUccTpbwYp1GToYktiSB1cXvreHUwiSUVP], pool_owner: Czfq3xZZDmsdGdUyrNLtRhGc47cXcZtLG4crryfu44zE, token_in: TokenAmount { mint: So11111111111111111111111111111111111111112, amount: 287607591 }, token_out: TokenAmount { mint: EPjFWdd5AufqSSqeM2qN1xzybapC8G4wEGGkZwyTDt1v, amount: 39400220 }, fees: [], vault_accounts: [] }
[2m2025-11-26T11:24:30.577748Z[0m [32m INFO[0m [2mscanner::process[0m[2m:[0m So11111111111111111111111111111111111111112 - EPjFWdd5AufqSSqeM2qN1xzybapC8G4wEGGkZwyTDt1v
[2m2025-11-26T11:24:30.577780Z[0m [32m INFO[0m [2mscanner[0m[2m:[0m Found intermediate mint: J7Dx5yPbPD5e5BmrSvJyi4n4XRUR2kWqWYaxaSWdpump with 0 decimals and 0 token accounts
[2m2025-11-26T11:24:30.577795Z[0m [33m WARN[0m [2mscanner[0m[2m:[0m No token accounts found for intermediate mint: J7Dx5yPbPD5e5BmrSvJyi4n4XRUR2kWqWYaxaSWdpump
[2m2025-11-26T11:24:30.577810Z[0m [32m INFO[0m [2mscanner[0m[2m:[0m Found intermediate mint: So11111111111111111111111111111111111111112 with 0 decimals and 0 token accounts
[2m2025-11-26T11:24:30.577824Z[0m [33m WARN[0m [2mscanner[0m[2m:[0m No token accounts found for intermediate mint: So11111111111111111111111111111111111111112
[2m2025-11-26T11:24:32.511786Z[0m [32m INFO[0m [2mscanner::process[0m[2m:[0m Processing Signature: pyVYNnqJ4QCJuG922D7HqL4whaVYaLD5XsSZ4j3jx2k6HccK5XgBYpaTQL2hpnXdMdc54UQuyrVNFbRUSwZC7Xs
[2m2025-11-26T11:24:32.511930Z[0m [32m INFO[0m [2mscanner::process[0m[2m:[0m DexSwap { swap_program_id: pAMMBay6oceH9fJKBRHGP5D4bD4sWpmSwMn52FMfXEA, pools: [FmH1KxRhJFBPfKXcHjg9SvMF3rV1i7HjTYTMxGrQxBQC, 9uksyZkHviS5T7VA9Ra8wMejX3UVzmZXRvzDDhpXnh9e], pool_owner: GHS1t5qD4YLWFwwc9KJihb7NDHBT5USBkeN8UArK1Hg9, token_in: TokenAmount { mint: HjBMk5rABYdAvukYRvrScBnP9KnN9nLdKSbN2QPppump, amount: 86003989743 }, token_out: TokenAmount { mint: So11111111111111111111111111111111111111112, amount: 312930571 }, fees: [TokenAmount { mint: HjBMk5rABYdAvukYRvrScBnP9KnN9nLdKSbN2QPppump, amount: 619358 }, TokenAmount { mint: So11111111111111111111111111111111111111112, amount: 154840 }, TokenAmount { mint: So11111111111111111111111111111111111111112, amount: 2477432 }], vault_accounts: [] }
[2m2025-11-26T11:24:32.512123Z[0m [32m INFO[0m [2mscanner::process[0m[2m:[0m HjBMk5rABYdAvukYRvrScBnP9KnN9nLdKSbN2QPppump - So11111111111111111111111111111111111111112
[2m2025-11-26T11:24:32.512190Z[0m [32m INFO[0m [2mscanner::process[0m[2m:[0m Processing Signature: pyVYNnqJ4QCJuG922D7HqL4whaVYaLD5XsSZ4j3jx2k6HccK5XgBYpaTQL2hpnXdMdc54UQuyrVNFbRUSwZC7Xs
[2m2025-11-26T11:24:32.512233Z[0m [32m INFO[0m [2mscanner::process[0m[2m:[0m DexSwap { swap_program_id: cpamdpZCGKUy5JxQXB4dcpGPiikHawvSWAd6mEn1sGG, pools: [4rXFyJ5kSK28H6T3QaLbFVpvoAADcYcWjpYJTVXs74SH, CyiU76x9D6r5CnJcymL7ERzfhJWsafQsryA2SidSDzaf], pool_owner: 9VWBVo4ZwgGbQh8NNMJj7CbTEhhqGSAKCD6e3ec5My9D, token_in: TokenAmount { mint: HjBMk5rABYdAvukYRvrScBnP9KnN9nLdKSbN2QPppump, amount: 86003989743 }, token_out: TokenAmount { mint: H8wDrayqi5YrBqkc162JU1cVyHvX4rMcjxLzPzNNFToS, amount: 74688516732 }, fees: [TokenAmount { mint: HjBMk5rABYdAvukYRvrScBnP9KnN9nLdKSbN2QPppump, amount: 172007980 }, TokenAmount { mint: HjBMk5rABYdAvukYRvrScBnP9KnN9nLdKSbN2QPppump, amount: 43001995 }], vault_accounts: [] }
[2m2025-11-26T11:24:32.512384Z[0m [32m INFO[0m [2mscanner::process[0m[2m:[0m HjBMk5rABYdAvukYRvrScBnP9KnN9nLdKSbN2QPppump - H8wDrayqi5YrBqkc162JU1cVyHvX4rMcjxLzPzNNFToS
[2m2025-11-26T11:24:32.512442Z[0m [32m INFO[0m [2mscanner::process[0m[2m:[0m Processing Signature: pyVYNnqJ4QCJuG922D7HqL4whaVYaLD5XsSZ4j3jx2k6HccK5XgBYpaTQL2hpnXdMdc54UQuyrVNFbRUSwZC7Xs
[2m2025-11-26T11:24:32.512494Z[0m [32m INFO[0m [2mscanner::process[0m[2m:[0m DexSwap { swap_program_id: cpamdpZCGKUy5JxQXB4dcpGPiikHawvSWAd6mEn1sGG, pools: [31SrJPuyjLoSrFbcSJAYC31t7FTkgvdfFjJLv8yBEueR, ARSqv7pCaXAhHQBtDetdV1JejvzUM7vzCru4Wp432YvH], pool_owner: 6cJbfZDmunFXcAd5KVrXkwY2kn11bbro7zjnY4mdejDr, token_in: TokenAmount { mint: H8wDrayqi5YrBqkc162JU1cVyHvX4rMcjxLzPzNNFToS, amount: 74688516732 }, token_out: TokenAmount { mint: So11111111111111111111111111111111111111112, amount: 315825656 }, fees: [TokenAmount { mint: H8wDrayqi5YrBqkc162JU1cVyHvX4rMcjxLzPzNNFToS, amount: 634024 }, TokenAmount { mint: H8wDrayqi5YrBqkc162JU1cVyHvX4rMcjxLzPzNNFToS, amount: 158506 }], vault_accounts: [] }
[2m2025-11-26T11:24:32.512642Z[0m [32m INFO[0m [2mscanner::process[0m[2m:[0m H8wDrayqi5YrBqkc162JU1cVyHvX4rMcjxLzPzNNFToS - So11111111111111111111111111111111111111112
[2m2025-11-26T11:24:32.512798Z[0m [32m INFO[0m [2mscanner[0m[2m:[0m Found intermediate mint: H8wDrayqi5YrBqkc162JU1cVyHvX4rMcjxLzPzNNFToS with 0 decimals and 0 token accounts
[2m2025-11-26T11:24:32.512870Z[0m [33m WARN[0m [2mscanner[0m[2m:[0m No token accounts found for intermediate mint: H8wDrayqi5YrBqkc162JU1cVyHvX4rMcjxLzPzNNFToS
[2m2025-11-26T11:24:32.512965Z[0m [32m INFO[0m [2mscanner[0m[2m:[0m Registering new pool in known_pools: FmH1KxRhJFBPfKXcHjg9SvMF3rV1i7HjTYTMxGrQxBQC
[2m2025-11-26T11:24:32.513038Z[0m [32m INFO[0m [2mscanner[0m[2m:[0m Registering new pool in known_pools: 9uksyZkHviS5T7VA9Ra8wMejX3UVzmZXRvzDDhpXnh9e
[2m2025-11-26T11:24:32.513092Z[0m [32m INFO[0m [2mscanner[0m[2m:[0m Registering new pool in known_pools: 4rXFyJ5kSK28H6T3QaLbFVpvoAADcYcWjpYJTVXs74SH
[2m2025-11-26T11:24:32.513147Z[0m [32m INFO[0m [2mscanner[0m[2m:[0m Registering new pool in known_pools: CyiU76x9D6r5CnJcymL7ERzfhJWsafQsryA2SidSDzaf
[2m2025-11-26T11:24:32.513337Z[0m [32m INFO[0m [2mscanner[0m[2m:[0m Registering new pool in known_pools: 31SrJPuyjLoSrFbcSJAYC31t7FTkgvdfFjJLv8yBEueR
[2m2025-11-26T11:24:32.513444Z[0m [32m INFO[0m [2mscanner[0m[2m:[0m Registering new pool in known_pools: ARSqv7pCaXAhHQBtDetdV1JejvzUM7vzCru4Wp432YvH
[2m2025-11-26T11:24:32.514300Z[0m [32m INFO[0m [2mscanner::process[0m[2m:[0m Processing Signature: 4wiTJgvaEW5f8Nh4ocHV2Szd24Ee3geCL4zZXmJhtybFLJzwbMAaPSMwTocTwsfXJU3XD9o5LRCTjdJQM6VedJm1
[2m2025-11-26T11:24:32.514323Z[0m [32m INFO[0m [2mscanner::process[0m[2m:[0m DexSwap { swap_program_id: pAMMBay6oceH9fJKBRHGP5D4bD4sWpmSwMn52FMfXEA, pools: [FmH1KxRhJFBPfKXcHjg9SvMF3rV1i7HjTYTMxGrQxBQC, 9uksyZkHviS5T7VA9Ra8wMejX3UVzmZXRvzDDhpXnh9e], pool_owner: GHS1t5qD4YLWFwwc9KJihb7NDHBT5USBkeN8UArK1Hg9, token_in: TokenAmount { mint: HjBMk5rABYdAvukYRvrScBnP9KnN9nLdKSbN2QPppump, amount: 85806118152 }, token_out: TokenAmount { mint: So11111111111111111111111111111111111111112, amount: 312931921 }, fees: [TokenAmount { mint: HjBMk5rABYdAvukYRvrScBnP9KnN9nLdKSbN2QPppump, amount: 619361 }, TokenAmount { mint: So11111111111111111111111111111111111111112, amount: 154841 }, TokenAmount { mint: So11111111111111111111111111111111111111112, amount: 2477443 }], vault_accounts: [] }
[2m2025-11-26T11:24:32.514438Z[0m [32m INFO[0m [2mscanner::process[0m[2m:[0m HjBMk5rABYdAvukYRvrScBnP9KnN9nLdKSbN2QPppump - So11111111111111111111111111111111111111112
[2m2025-11-26T11:24:32.514466Z[0m [32m INFO[0m [2mscanner::process[0m[2m:[0m Processing Signature: 4wiTJgvaEW5f8Nh4ocHV2Szd24Ee3geCL4zZXmJhtybFLJzwbMAaPSMwTocTwsfXJU3XD9o5LRCTjdJQM6VedJm1
[2m2025-11-26T11:24:32.514478Z[0m [32m INFO[0m [2mscanner::process[0m[2m:[0m DexSwap { swap_program_id: cpamdpZCGKUy5JxQXB4dcpGPiikHawvSWAd6mEn1sGG, pools: [4rXFyJ5kSK28H6T3QaLbFVpvoAADcYcWjpYJTVXs74SH, CyiU76x9D6r5CnJcymL7ERzfhJWsafQsryA2SidSDzaf], pool_owner: 9VWBVo4ZwgGbQh8NNMJj7CbTEhhqGSAKCD6e3ec5My9D, token_in: TokenAmount { mint: HjBMk5rABYdAvukYRvrScBnP9KnN9nLdKSbN2QPppump, amount: 85806118152 }, token_out: TokenAmount { mint: H8wDrayqi5YrBqkc162JU1cVyHvX4rMcjxLzPzNNFToS, amount: 71060233428 }, fees: [TokenAmount { mint: HjBMk5rABYdAvukYRvrScBnP9KnN9nLdKSbN2QPppump, amount: 171612237 }, TokenAmount { mint: HjBMk5rABYdAvukYRvrScBnP9KnN9nLdKSbN2QPppump, amount: 42903059 }], vault_accounts: [] }
[2m2025-11-26T11:24:32.514577Z[0m [32m INFO[0m [2mscanner::process[0m[2m:[0m HjBMk5rABYdAvukYRvrScBnP9KnN9nLdKSbN2QPppump - H8wDrayqi5YrBqkc162JU1cVyHvX4rMcjxLzPzNNFToS
[2m2025-11-26T11:24:32.514604Z[0m [32m INFO[0m [2mscanner::process[0m[2m:[0m Processing Signature: 4wiTJgvaEW5f8Nh4ocHV2Szd24Ee3geCL4zZXmJhtybFLJzwbMAaPSMwTocTwsfXJU3XD9o5LRCTjdJQM6VedJm1
[2m2025-11-26T11:24:32.514615Z[0m [32m INFO[0m [2mscanner::process[0m[2m:[0m DexSwap { swap_program_id: cpamdpZCGKUy5JxQXB4dcpGPiikHawvSWAd6mEn1sGG, pools: [31SrJPuyjLoSrFbcSJAYC31t7FTkgvdfFjJLv8yBEueR, ARSqv7pCaXAhHQBtDetdV1JejvzUM7vzCru4Wp432YvH], pool_owner: 6cJbfZDmunFXcAd5KVrXkwY2kn11bbro7zjnY4mdejDr, token_in: TokenAmount { mint: H8wDrayqi5YrBqkc162JU1cVyHvX4rMcjxLzPzNNFToS, amount: 71060233428 }, token_out: TokenAmount { mint: So11111111111111111111111111111111111111112, amount: 297893236 }, fees: [TokenAmount { mint: H8wDrayqi5YrBqkc162JU1cVyHvX4rMcjxLzPzNNFToS, amount: 597724 }, TokenAmount { mint: H8wDrayqi5YrBqkc162JU1cVyHvX4rMcjxLzPzNNFToS, amount: 149430 }], vault_accounts: [] }
[2m2025-11-26T11:24:32.514713Z[0m [32m INFO[0m [2mscanner::process[0m[2m:[0m H8wDrayqi5YrBqkc162JU1cVyHvX4rMcjxLzPzNNFToS - So11111111111111111111111111111111111111112
[2m2025-11-26T11:24:32.514766Z[0m [32m INFO[0m [2mscanner[0m[2m:[0m Found intermediate mint: H8wDrayqi5YrBqkc162JU1cVyHvX4rMcjxLzPzNNFToS with 0 decimals and 0 token accounts
[2m2025-11-26T11:24:32.514788Z[0m [33m WARN[0m [2mscanner[0m[2m:[0m No token accounts found for intermediate mint: H8wDrayqi5YrBqkc162JU1cVyHvX4rMcjxLzPzNNFToS
[2m2025-11-26T11:24:32.515587Z[0m [32m INFO[0m [2mscanner::process[0m[2m:[0m Processing Signature: 2VDMoSeCJnq3XamYSTNBWNBttKL7ff2iBgiVnNRYEp7BM36wwUiHVDDstsHkoYGbGJDoC5q2hwzRnmjotH4UJXK2
[2m2025-11-26T11:24:32.515602Z[0m [32m INFO[0m [2mscanner::process[0m[2m:[0m DexSwap { swap_program_id: pAMMBay6oceH9fJKBRHGP5D4bD4sWpmSwMn52FMfXEA, pools: [FmH1KxRhJFBPfKXcHjg9SvMF3rV1i7HjTYTMxGrQxBQC, 9uksyZkHviS5T7VA9Ra8wMejX3UVzmZXRvzDDhpXnh9e], pool_owner: GHS1t5qD4YLWFwwc9KJihb7NDHBT5USBkeN8UArK1Hg9, token_in: TokenAmount { mint: HjBMk5rABYdAvukYRvrScBnP9KnN9nLdKSbN2QPppump, amount: 85805748591 }, token_out: TokenAmount { mint: So11111111111111111111111111111111111111112, amount: 312930571 }, fees: [TokenAmount { mint: HjBMk5rABYdAvukYRvrScBnP9KnN9nLdKSbN2QPppump, amount: 619358 }, TokenAmount { mint: So11111111111111111111111111111111111111112, amount: 154840 }, TokenAmount { mint: So11111111111111111111111111111111111111112, amount: 2477432 }], vault_accounts: [] }
[2m2025-11-26T11:24:32.515713Z[0m [32m INFO[0m [2mscanner::process[0m[2m:[0m HjBMk5rABYdAvukYRvrScBnP9KnN9nLdKSbN2QPppump - So11111111111111111111111111111111111111112
[2m2025-11-26T11:24:32.515739Z[0m [32m INFO[0m [2mscanner::process[0m[2m:[0m Processing Signature: 2VDMoSeCJnq3XamYSTNBWNBttKL7ff2iBgiVnNRYEp7BM36wwUiHVDDstsHkoYGbGJDoC5q2hwzRnmjotH4UJXK2
[2m2025-11-26T11:24:32.515750Z[0m [32m INFO[0m [2mscanner::process[0m[2m:[0m DexSwap { swap_program_id: cpamdpZCGKUy5JxQXB4dcpGPiikHawvSWAd6mEn1sGG, pools: [4rXFyJ5kSK28H6T3QaLbFVpvoAADcYcWjpYJTVXs74SH, CyiU76x9D6r5CnJcymL7ERzfhJWsafQsryA2SidSDzaf], pool_owner: 9VWBVo4ZwgGbQh8NNMJj7CbTEhhqGSAKCD6e3ec5My9D, token_in: TokenAmount { mint: HjBMk5rABYdAvukYRvrScBnP9KnN9nLdKSbN2QPppump, amount: 85805748591 }, token_out: TokenAmount { mint: H8wDrayqi5YrBqkc162JU1cVyHvX4rMcjxLzPzNNFToS, amount: 71059934466 }, fees: [TokenAmount { mint: HjBMk5rABYdAvukYRvrScBnP9KnN9nLdKSbN2QPppump, amount: 171611498 }, TokenAmount { mint: HjBMk5rABYdAvukYRvrScBnP9KnN9nLdKSbN2QPppump, amount: 42902874 }], vault_accounts: [] }
[2m2025-11-26T11:24:32.515847Z[0m [32m INFO[0m [2mscanner::process[0m[2m:[0m HjBMk5rABYdAvukYRvrScBnP9KnN9nLdKSbN2QPppump - H8wDrayqi5YrBqkc162JU1cVyHvX4rMcjxLzPzNNFToS
[2m2025-11-26T11:24:32.515873Z[0m [32m INFO[0m [2mscanner::process[0m[2m:[0m Processing Signature: 2VDMoSeCJnq3XamYSTNBWNBttKL7ff2iBgiVnNRYEp7BM36wwUiHVDDstsHkoYGbGJDoC5q2hwzRnmjotH4UJXK2
[2m2025-11-26T11:24:32.515884Z[0m [32m INFO[0m [2mscanner::process[0m[2m:[0m DexSwap { swap_program_id: cpamdpZCGKUy5JxQXB4dcpGPiikHawvSWAd6mEn1sGG, pools: [31SrJPuyjLoSrFbcSJAYC31t7FTkgvdfFjJLv8yBEueR, ARSqv7pCaXAhHQBtDetdV1JejvzUM7vzCru4Wp432YvH], pool_owner: 6cJbfZDmunFXcAd5KVrXkwY2kn11bbro7zjnY4mdejDr, token_in: TokenAmount { mint: H8wDrayqi5YrBqkc162JU1cVyHvX4rMcjxLzPzNNFToS, amount: 71059934466 }, token_out: TokenAmount { mint: So11111111111111111111111111111111111111112, amount: 297891988 }, fees: [TokenAmount { mint: H8wDrayqi5YrBqkc162JU1cVyHvX4rMcjxLzPzNNFToS, amount: 597721 }, TokenAmount { mint: H8wDrayqi5YrBqkc162JU1cVyHvX4rMcjxLzPzNNFToS, amount: 149430 }], vault_accounts: [] }
[2m2025-11-26T11:24:32.515980Z[0m [32m INFO[0m [2mscanner::process[0m[2m:[0m H8wDrayqi5YrBqkc162JU1cVyHvX4rMcjxLzPzNNFToS - So11111111111111111111111111111111111111112
[2m2025-11-26T11:24:32.516025Z[0m [32m INFO[0m [2mscanner[0m[2m:[0m Found intermediate mint: H8wDrayqi5YrBqkc162JU1cVyHvX4rMcjxLzPzNNFToS with 0 decimals and 0 token accounts
[2m2025-11-26T11:24:32.516046Z[0m [33m WARN[0m [2mscanner[0m[2m:[0m No token accounts found for intermediate mint: H8wDrayqi5YrBqkc162JU1cVyHvX4rMcjxLzPzNNFToS
[2m2025-11-26T11:24:32.516820Z[0m [32m INFO[0m [2mscanner::process[0m[2m:[0m Processing Signature: 3NE1YxEF5nNZXoXQSpEhAU85NsscTqZqCwhM1PQ1qvhmBzqJCo5hU4upV3Mf1EWpVzs3y3pZ85KQJxtdRJedEf5g
[2m2025-11-26T11:24:32.516834Z[0m [32m INFO[0m [2mscanner::process[0m[2m:[0m DexSwap { swap_program_id: pAMMBay6oceH9fJKBRHGP5D4bD4sWpmSwMn52FMfXEA, pools: [FmH1KxRhJFBPfKXcHjg9SvMF3rV1i7HjTYTMxGrQxBQC, 9uksyZkHviS5T7VA9Ra8wMejX3UVzmZXRvzDDhpXnh9e], pool_owner: GHS1t5qD4YLWFwwc9KJihb7NDHBT5USBkeN8UArK1Hg9, token_in: TokenAmount { mint: HjBMk5rABYdAvukYRvrScBnP9KnN9nLdKSbN2QPppump, amount: 85805865036 }, token_out: TokenAmount { mint: So11111111111111111111111111111111111111112, amount: 312930995 }, fees: [TokenAmount { mint: HjBMk5rABYdAvukYRvrScBnP9KnN9nLdKSbN2QPppump, amount: 619359 }, TokenAmount { mint: So11111111111111111111111111111111111111112, amount: 154840 }, TokenAmount { mint: So11111111111111111111111111111111111111112, amount: 2477435 }], vault_accounts: [] }
[2m2025-11-26T11:24:32.516944Z[0m [32m INFO[0m [2mscanner::process[0m[2m:[0m HjBMk5rABYdAvukYRvrScBnP9KnN9nLdKSbN2QPppump - So11111111111111111111111111111111111111112
[2m2025-11-26T11:24:32.516969Z[0m [32m INFO[0m [2mscanner::process[0m[2m:[0m Processing Signature: 3NE1YxEF5nNZXoXQSpEhAU85NsscTqZqCwhM1PQ1qvhmBzqJCo5hU4upV3Mf1EWpVzs3y3pZ85KQJxtdRJedEf5g
[2m2025-11-26T11:24:32.516980Z[0m [32m INFO[0m [2mscanner::process[0m[2m:[0m DexSwap { swap_program_id: cpamdpZCGKUy5JxQXB4dcpGPiikHawvSWAd6mEn1sGG, pools: [4rXFyJ5kSK28H6T3QaLbFVpvoAADcYcWjpYJTVXs74SH, CyiU76x9D6r5CnJcymL7ERzfhJWsafQsryA2SidSDzaf], pool_owner: 9VWBVo4ZwgGbQh8NNMJj7CbTEhhqGSAKCD6e3ec5My9D, token_in: TokenAmount { mint: HjBMk5rABYdAvukYRvrScBnP9KnN9nLdKSbN2QPppump, amount: 85805865036 }, token_out: TokenAmount { mint: H8wDrayqi5YrBqkc162JU1cVyHvX4rMcjxLzPzNNFToS, amount: 71060028666 }, fees: [TokenAmount { mint: HjBMk5rABYdAvukYRvrScBnP9KnN9nLdKSbN2QPppump, amount: 171611731 }, TokenAmount { mint: HjBMk5rABYdAvukYRvrScBnP9KnN9nLdKSbN2QPppump, amount: 42902932 }], vault_accounts: [] }
[2m2025-11-26T11:24:32.517078Z[0m [32m INFO[0m [2mscanner::process[0m[2m:[0m HjBMk5rABYdAvukYRvrScBnP9KnN9nLdKSbN2QPppump - H8wDrayqi5YrBqkc162JU1cVyHvX4rMcjxLzPzNNFToS
[2m2025-11-26T11:24:32.517104Z[0m [32m INFO[0m [2mscanner::process[0m[2m:[0m Processing Signature: 3NE1YxEF5nNZXoXQSpEhAU85NsscTqZqCwhM1PQ1qvhmBzqJCo5hU4upV3Mf1EWpVzs3y3pZ85KQJxtdRJedEf5g
[2m2025-11-26T11:24:32.517115Z[0m [32m INFO[0m [2mscanner::process[0m[2m:[0m DexSwap { swap_program_id: cpamdpZCGKUy5JxQXB4dcpGPiikHawvSWAd6mEn1sGG, pools: [31SrJPuyjLoSrFbcSJAYC31t7FTkgvdfFjJLv8yBEueR, ARSqv7pCaXAhHQBtDetdV1JejvzUM7vzCru4Wp432YvH], pool_owner: 6cJbfZDmunFXcAd5KVrXkwY2kn11bbro7zjnY4mdejDr, token_in: TokenAmount { mint: H8wDrayqi5YrBqkc162JU1cVyHvX4rMcjxLzPzNNFToS, amount: 71060028666 }, token_out: TokenAmount { mint: So11111111111111111111111111111111111111112, amount: 297892381 }, fees: [TokenAmount { mint: H8wDrayqi5YrBqkc162JU1cVyHvX4rMcjxLzPzNNFToS, amount: 597722 }, TokenAmount { mint: H8wDrayqi5YrBqkc162JU1cVyHvX4rMcjxLzPzNNFToS, amount: 149430 }], vault_accounts: [] }
[2m2025-11-26T11:24:32.517210Z[0m [32m INFO[0m [2mscanner::process[0m[2m:[0m H8wDrayqi5YrBqkc162JU1cVyHvX4rMcjxLzPzNNFToS - So11111111111111111111111111111111111111112
[2m2025-11-26T11:24:32.517245Z[0m [32m INFO[0m [2mscanner[0m[2m:[0m Found intermediate mint: H8wDrayqi5YrBqkc162JU1cVyHvX4rMcjxLzPzNNFToS with 0 decimals and 0 token accounts
[2m2025-11-26T11:24:32.517263Z[0m [33m WARN[0m [2mscanner[0m[2m:[0m No token accounts found for intermediate mint: H8wDrayqi5YrBqkc162JU1cVyHvX4rMcjxLzPzNNFToS
[2m2025-11-26T11:24:32.518414Z[0m [32m INFO[0m [2mscanner::process[0m[2m:[0m Processing Signature: Peq6CcjigUpdrhsigXGNDUUZH8vTfzYhmQZkufp6Kbu9rCvLFhWWWVmKmus9UuyBJB4kjYRZToZXSz4FoDsHNR4
[2m2025-11-26T11:24:32.518427Z[0m [32m INFO[0m [2mscanner::process[0m[2m:[0m DexSwap { swap_program_id: pAMMBay6oceH9fJKBRHGP5D4bD4sWpmSwMn52FMfXEA, pools: [FmH1KxRhJFBPfKXcHjg9SvMF3rV1i7HjTYTMxGrQxBQC, 9uksyZkHviS5T7VA9Ra8wMejX3UVzmZXRvzDDhpXnh9e], pool_owner: GHS1t5qD4YLWFwwc9KJihb7NDHBT5USBkeN8UArK1Hg9, token_in: TokenAmount { mint: HjBMk5rABYdAvukYRvrScBnP9KnN9nLdKSbN2QPppump, amount: 85183875961 }, token_out: TokenAmount { mint: So11111111111111111111111111111111111111112, amount: 312930571 }, fees: [TokenAmount { mint: HjBMk5rABYdAvukYRvrScBnP9KnN9nLdKSbN2QPppump, amount: 619358 }, TokenAmount { mint: So11111111111111111111111111111111111111112, amount: 154840 }, TokenAmount { mint: So11111111111111111111111111111111111111112, amount: 2477432 }], vault_accounts: [] }
[2m2025-11-26T11:24:32.518520Z[0m [32m INFO[0m [2mscanner::process[0m[2m:[0m HjBMk5rABYdAvukYRvrScBnP9KnN9nLdKSbN2QPppump - So11111111111111111111111111111111111111112
[2m2025-11-26T11:24:32.518542Z[0m [32m INFO[0m [2mscanner::process[0m[2m:[0m Processing Signature: Peq6CcjigUpdrhsigXGNDUUZH8vTfzYhmQZkufp6Kbu9rCvLFhWWWVmKmus9UuyBJB4kjYRZToZXSz4FoDsHNR4
[2m2025-11-26T11:24:32.518551Z[0m [32m INFO[0m [2mscanner::process[0m[2m:[0m DexSwap { swap_program_id: cpamdpZCGKUy5JxQXB4dcpGPiikHawvSWAd6mEn1sGG, pools: [4rXFyJ5kSK28H6T3QaLbFVpvoAADcYcWjpYJTVXs74SH, CyiU76x9D6r5CnJcymL7ERzfhJWsafQsryA2SidSDzaf], pool_owner: 9VWBVo4ZwgGbQh8NNMJj7CbTEhhqGSAKCD6e3ec5My9D, token_in: TokenAmount { mint: HjBMk5rABYdAvukYRvrScBnP9KnN9nLdKSbN2QPppump, amount: 85183875961 }, token_out: TokenAmount { mint: H8wDrayqi5YrBqkc162JU1cVyHvX4rMcjxLzPzNNFToS, amount: 70556777236 }, fees: [TokenAmount { mint: HjBMk5rABYdAvukYRvrScBnP9KnN9nLdKSbN2QPppump, amount: 170367752 }, TokenAmount { mint: HjBMk5rABYdAvukYRvrScBnP9KnN9nLdKSbN2QPppump, amount: 42591938 }], vault_accounts: [] }
[2m2025-11-26T11:24:32.518633Z[0m [32m INFO[0m [2mscanner::process[0m[2m:[0m HjBMk5rABYdAvukYRvrScBnP9KnN9nLdKSbN2QPppump - H8wDrayqi5YrBqkc162JU1cVyHvX4rMcjxLzPzNNFToS
[2m2025-11-26T11:24:32.518654Z[0m [32m INFO[0m [2mscanner::process[0m[2m:[0m Processing Signature: Peq6CcjigUpdrhsigXGNDUUZH8vTfzYhmQZkufp6Kbu9rCvLFhWWWVmKmus9UuyBJB4kjYRZToZXSz4FoDsHNR4
[2m2025-11-26T11:24:32.518663Z[0m [32m INFO[0m [2mscanner::process[0m[2m:[0m DexSwap { swap_program_id: cpamdpZCGKUy5JxQXB4dcpGPiikHawvSWAd6mEn1sGG, pools: [31SrJPuyjLoSrFbcSJAYC31t7FTkgvdfFjJLv8yBEueR, ARSqv7pCaXAhHQBtDetdV1JejvzUM7vzCru4Wp432YvH], pool_owner: 6cJbfZDmunFXcAd5KVrXkwY2kn11bbro7zjnY4mdejDr, token_in: TokenAmount { mint: H8wDrayqi5YrBqkc162JU1cVyHvX4rMcjxLzPzNNFToS, amount: 70556777236 }, token_out: TokenAmount { mint: So11111111111111111111111111111111111111112, amount: 295791493 }, fees: [TokenAmount { mint: H8wDrayqi5YrBqkc162JU1cVyHvX4rMcjxLzPzNNFToS, amount: 593507 }, TokenAmount { mint: H8wDrayqi5YrBqkc162JU1cVyHvX4rMcjxLzPzNNFToS, amount: 148376 }], vault_accounts: [] }
[2m2025-11-26T11:24:32.518749Z[0m [32m INFO[0m [2mscanner::process[0m[2m:[0m H8wDrayqi5YrBqkc162JU1cVyHvX4rMcjxLzPzNNFToS - So11111111111111111111111111111111111111112
[2m2025-11-26T11:24:32.518784Z[0m [32m INFO[0m [2mscanner[0m[2m:[0m Found intermediate mint: H8wDrayqi5YrBqkc162JU1cVyHvX4rMcjxLzPzNNFToS with 0 decimals and 0 token accounts
[2m2025-11-26T11:24:32.518802Z[0m [33m WARN[0m [2mscanner[0m[2m:[0m No token accounts found for intermediate mint: H8wDrayqi5YrBqkc162JU1cVyHvX4rMcjxLzPzNNFToS
[2m2025-11-26T11:24:32.830950Z[0m [32m INFO[0m [2mscanner::process[0m[2m:[0m Processing Signature: 3jyweETkWpYVjfTdp9DCTx3XHuyevezPoe4YgwFQ34NcD6jt3iYwuMMgnqgLRaqVbAQUu56joZ7v9DXwKA4dBTBp
[2m2025-11-26T11:24:32.831135Z[0m [32m INFO[0m [2mscanner::process[0m[2m:[0m DexSwap { swap_program_id: pAMMBay6oceH9fJKBRHGP5D4bD4sWpmSwMn52FMfXEA, pools: [FmH1KxRhJFBPfKXcHjg9SvMF3rV1i7HjTYTMxGrQxBQC, 9uksyZkHviS5T7VA9Ra8wMejX3UVzmZXRvzDDhpXnh9e], pool_owner: GHS1t5qD4YLWFwwc9KJihb7NDHBT5USBkeN8UArK1Hg9, token_in: TokenAmount { mint: HjBMk5rABYdAvukYRvrScBnP9KnN9nLdKSbN2QPppump, amount: 85183875961 }, token_out: TokenAmount { mint: So11111111111111111111111111111111111111112, amount: 312930571 }, fees: [TokenAmount { mint: HjBMk5rABYdAvukYRvrScBnP9KnN9nLdKSbN2QPppump, amount: 619358 }, TokenAmount { mint: So11111111111111111111111111111111111111112, amount: 154840 }, TokenAmount { mint: So11111111111111111111111111111111111111112, amount: 2477432 }], vault_accounts: [] }
[2m2025-11-26T11:24:32.831319Z[0m [32m INFO[0m [2mscanner::process[0m[2m:[0m HjBMk5rABYdAvukYRvrScBnP9KnN9nLdKSbN2QPppump - So11111111111111111111111111111111111111112
[2m2025-11-26T11:24:32.831366Z[0m [32m INFO[0m [2mscanner::process[0m[2m:[0m Processing Signature: 3jyweETkWpYVjfTdp9DCTx3XHuyevezPoe4YgwFQ34NcD6jt3iYwuMMgnqgLRaqVbAQUu56joZ7v9DXwKA4dBTBp
[2m2025-11-26T11:24:32.831387Z[0m [32m INFO[0m [2mscanner::process[0m[2m:[0m DexSwap { swap_program_id: cpamdpZCGKUy5JxQXB4dcpGPiikHawvSWAd6mEn1sGG, pools: [4rXFyJ5kSK28H6T3QaLbFVpvoAADcYcWjpYJTVXs74SH, CyiU76x9D6r5CnJcymL7ERzfhJWsafQsryA2SidSDzaf], pool_owner: 9VWBVo4ZwgGbQh8NNMJj7CbTEhhqGSAKCD6e3ec5My9D, token_in: TokenAmount { mint: HjBMk5rABYdAvukYRvrScBnP9KnN9nLdKSbN2QPppump, amount: 85183875961 }, token_out: TokenAmount { mint: H8wDrayqi5YrBqkc162JU1cVyHvX4rMcjxLzPzNNFToS, amount: 70556777236 }, fees: [TokenAmount { mint: HjBMk5rABYdAvukYRvrScBnP9KnN9nLdKSbN2QPppump, amount: 170367752 }, TokenAmount { mint: HjBMk5rABYdAvukYRvrScBnP9KnN9nLdKSbN2QPppump, amount: 42591938 }], vault_accounts: [] }
[2m2025-11-26T11:24:32.831525Z[0m [32m INFO[0m [2mscanner::process[0m[2m:[0m HjBMk5rABYdAvukYRvrScBnP9KnN9nLdKSbN2QPppump - H8wDrayqi5YrBqkc162JU1cVyHvX4rMcjxLzPzNNFToS
[2m2025-11-26T11:24:32.831563Z[0m [32m INFO[0m [2mscanner::process[0m[2m:[0m Processing Signature: 3jyweETkWpYVjfTdp9DCTx3XHuyevezPoe4YgwFQ34NcD6jt3iYwuMMgnqgLRaqVbAQUu56joZ7v9DXwKA4dBTBp
[2m2025-11-26T11:24:32.831581Z[0m [32m INFO[0m [2mscanner::process[0m[2m:[0m DexSwap { swap_program_id: cpamdpZCGKUy5JxQXB4dcpGPiikHawvSWAd6mEn1sGG, pools: [31SrJPuyjLoSrFbcSJAYC31t7FTkgvdfFjJLv8yBEueR, ARSqv7pCaXAhHQBtDetdV1JejvzUM7vzCru4Wp432YvH], pool_owner: 6cJbfZDmunFXcAd5KVrXkwY2kn11bbro7zjnY4mdejDr, token_in: TokenAmount { mint: H8wDrayqi5YrBqkc162JU1cVyHvX4rMcjxLzPzNNFToS, amount: 70556777236 }, token_out: TokenAmount { mint: So11111111111111111111111111111111111111112, amount: 295791493 }, fees: [TokenAmount { mint: H8wDrayqi5YrBqkc162JU1cVyHvX4rMcjxLzPzNNFToS, amount: 593507 }, TokenAmount { mint: H8wDrayqi5YrBqkc162JU1cVyHvX4rMcjxLzPzNNFToS, amount: 148376 }], vault_accounts: [] }
[2m2025-11-26T11:24:32.831716Z[0m [32m INFO[0m [2mscanner::process[0m[2m:[0m H8wDrayqi5YrBqkc162JU1cVyHvX4rMcjxLzPzNNFToS - So11111111111111111111111111111111111111112
[2m2025-11-26T11:24:32.831807Z[0m [32m INFO[0m [2mscanner[0m[2m:[0m Found intermediate mint: H8wDrayqi5YrBqkc162JU1cVyHvX4rMcjxLzPzNNFToS with 0 decimals and 0 token accounts
[2m2025-11-26T11:24:32.831845Z[0m [33m WARN[0m [2mscanner[0m[2m:[0m No token accounts found for intermediate mint: H8wDrayqi5YrBqkc162JU1cVyHvX4rMcjxLzPzNNFToS
[2m2025-11-26T11:24:32.833814Z[0m [32m INFO[0m [2mscanner::process[0m[2m:[0m Processing Signature: 4CCc5ReCAj4snszNdWeExYNQub2wL48URP2gFUF1zm3jGTBRTNhrm4AgB5AtEK2jMspLZibZMCRn57UJLXECxeZj
[2m2025-11-26T11:24:32.833884Z[0m [32m INFO[0m [2mscanner::process[0m[2m:[0m DexSwap { swap_program_id: pAMMBay6oceH9fJKBRHGP5D4bD4sWpmSwMn52FMfXEA, pools: [FmH1KxRhJFBPfKXcHjg9SvMF3rV1i7HjTYTMxGrQxBQC, 9uksyZkHviS5T7VA9Ra8wMejX3UVzmZXRvzDDhpXnh9e], pool_owner: GHS1t5qD4YLWFwwc9KJihb7NDHBT5USBkeN8UArK1Hg9, token_in: TokenAmount { mint: HjBMk5rABYdAvukYRvrScBnP9KnN9nLdKSbN2QPppump, amount: 85184031724 }, token_out: TokenAmount { mint: So11111111111111111111111111111111111111112, amount: 312931145 }, fees: [TokenAmount { mint: HjBMk5rABYdAvukYRvrScBnP9KnN9nLdKSbN2QPppump, amount: 619360 }, TokenAmount { mint: So11111111111111111111111111111111111111112, amount: 154840 }, TokenAmount { mint: So11111111111111111111111111111111111111112, amount: 2477437 }], vault_accounts: [] }
[2m2025-11-26T11:24:32.834032Z[0m [32m INFO[0m [2mscanner::process[0m[2m:[0m HjBMk5rABYdAvukYRvrScBnP9KnN9nLdKSbN2QPppump - So11111111111111111111111111111111111111112
[2m2025-11-26T11:24:32.834069Z[0m [32m INFO[0m [2mscanner::process[0m[2m:[0m Processing Signature: 4CCc5ReCAj4snszNdWeExYNQub2wL48URP2gFUF1zm3jGTBRTNhrm4AgB5AtEK2jMspLZibZMCRn57UJLXECxeZj
[2m2025-11-26T11:24:32.834088Z[0m [32m INFO[0m [2mscanner::process[0m[2m:[0m DexSwap { swap_program_id: cpamdpZCGKUy5JxQXB4dcpGPiikHawvSWAd6mEn1sGG, pools: [4rXFyJ5kSK28H6T3QaLbFVpvoAADcYcWjpYJTVXs74SH, CyiU76x9D6r5CnJcymL7ERzfhJWsafQsryA2SidSDzaf], pool_owner: 9VWBVo4ZwgGbQh8NNMJj7CbTEhhqGSAKCD6e3ec5My9D, token_in: TokenAmount { mint: HjBMk5rABYdAvukYRvrScBnP9KnN9nLdKSbN2QPppump, amount: 85184031724 }, token_out: TokenAmount { mint: H8wDrayqi5YrBqkc162JU1cVyHvX4rMcjxLzPzNNFToS, amount: 70556903285 }, fees: [TokenAmount { mint: HjBMk5rABYdAvukYRvrScBnP9KnN9nLdKSbN2QPppump, amount: 170368064 }, TokenAmount { mint: HjBMk5rABYdAvukYRvrScBnP9KnN9nLdKSbN2QPppump, amount: 42592016 }], vault_accounts: [] }
[2m2025-11-26T11:24:32.834207Z[0m [32m INFO[0m [2mscanner::process[0m[2m:[0m HjBMk5rABYdAvukYRvrScBnP9KnN9nLdKSbN2QPppump - H8wDrayqi5YrBqkc162JU1cVyHvX4rMcjxLzPzNNFToS
[2m2025-11-26T11:24:32.834240Z[0m [32m INFO[0m [2mscanner::process[0m[2m:[0m Processing Signature: 4CCc5ReCAj4snszNdWeExYNQub2wL48URP2gFUF1zm3jGTBRTNhrm4AgB5AtEK2jMspLZibZMCRn57UJLXECxeZj
[2m2025-11-26T11:24:32.834258Z[0m [32m INFO[0m [2mscanner::process[0m[2m:[0m DexSwap { swap_program_id: cpamdpZCGKUy5JxQXB4dcpGPiikHawvSWAd6mEn1sGG, pools: [31SrJPuyjLoSrFbcSJAYC31t7FTkgvdfFjJLv8yBEueR, ARSqv7pCaXAhHQBtDetdV1JejvzUM7vzCru4Wp432YvH], pool_owner: 6cJbfZDmunFXcAd5KVrXkwY2kn11bbro7zjnY4mdejDr, token_in: TokenAmount { mint: H8wDrayqi5YrBqkc162JU1cVyHvX4rMcjxLzPzNNFToS, amount: 70556903285 }, token_out: TokenAmount { mint: So11111111111111111111111111111111111111112, amount: 295792020 }, fees: [TokenAmount { mint: H8wDrayqi5YrBqkc162JU1cVyHvX4rMcjxLzPzNNFToS, amount: 593508 }, TokenAmount { mint: H8wDrayqi5YrBqkc162JU1cVyHvX4rMcjxLzPzNNFToS, amount: 148376 }], vault_accounts: [] }
[2m2025-11-26T11:24:32.834377Z[0m [32m INFO[0m [2mscanner::process[0m[2m:[0m H8wDrayqi5YrBqkc162JU1cVyHvX4rMcjxLzPzNNFToS - So11111111111111111111111111111111111111112
[2m2025-11-26T11:24:32.834437Z[0m [32m INFO[0m [2mscanner[0m[2m:[0m Found intermediate mint: H8wDrayqi5YrBqkc162JU1cVyHvX4rMcjxLzPzNNFToS with 0 decimals and 0 token accounts
[2m2025-11-26T11:24:32.834468Z[0m [33m WARN[0m [2mscanner[0m[2m:[0m No token accounts found for intermediate mint: H8wDrayqi5YrBqkc162JU1cVyHvX4rMcjxLzPzNNFToS
[2m2025-11-26T11:24:32.835580Z[0m [32m INFO[0m [2mscanner::process[0m[2m:[0m Processing Signature: 5RY39fB3zKSY6K9u1PWeRP98V3DvByHBuhv9HdbTV1K6RaYDo1mSs23vNsh7y3NzYAz9ZmaZrBS2BqnpKZSWMbS6
[2m2025-11-26T11:24:32.835686Z[0m [32m INFO[0m [2mscanner::process[0m[2m:[0m DexSwap { swap_program_id: pAMMBay6oceH9fJKBRHGP5D4bD4sWpmSwMn52FMfXEA, pools: [FmH1KxRhJFBPfKXcHjg9SvMF3rV1i7HjTYTMxGrQxBQC, 9uksyZkHviS5T7VA9Ra8wMejX3UVzmZXRvzDDhpXnh9e], pool_owner: GHS1t5qD4YLWFwwc9KJihb7NDHBT5USBkeN8UArK1Hg9, token_in: TokenAmount { mint: HjBMk5rABYdAvukYRvrScBnP9KnN9nLdKSbN2QPppump, amount: 85184242845 }, token_out: TokenAmount { mint: So11111111111111111111111111111111111111112, amount: 312931921 }, fees: [TokenAmount { mint: HjBMk5rABYdAvukYRvrScBnP9KnN9nLdKSbN2QPppump, amount: 619361 }, TokenAmount { mint: So11111111111111111111111111111111111111112, amount: 154841 }, TokenAmount { mint: So11111111111111111111111111111111111111112, amount: 2477443 }], vault_accounts: [] }
[2m2025-11-26T11:24:32.835814Z[0m [32m INFO[0m [2mscanner::process[0m[2m:[0m HjBMk5rABYdAvukYRvrScBnP9KnN9nLdKSbN2QPppump - So11111111111111111111111111111111111111112
[2m2025-11-26T11:24:32.835845Z[0m [32m INFO[0m [2mscanner::process[0m[2m:[0m Processing Signature: 5RY39fB3zKSY6K9u1PWeRP98V3DvByHBuhv9HdbTV1K6RaYDo1mSs23vNsh7y3NzYAz9ZmaZrBS2BqnpKZSWMbS6
[2m2025-11-26T11:24:32.835859Z[0m [32m INFO[0m [2mscanner::process[0m[2m:[0m DexSwap { swap_program_id: cpamdpZCGKUy5JxQXB4dcpGPiikHawvSWAd6mEn1sGG, pools: [4rXFyJ5kSK28H6T3QaLbFVpvoAADcYcWjpYJTVXs74SH, CyiU76x9D6r5CnJcymL7ERzfhJWsafQsryA2SidSDzaf], pool_owner: 9VWBVo4ZwgGbQh8NNMJj7CbTEhhqGSAKCD6e3ec5My9D, token_in: TokenAmount { mint: HjBMk5rABYdAvukYRvrScBnP9KnN9nLdKSbN2QPppump, amount: 85184242845 }, token_out: TokenAmount { mint: H8wDrayqi5YrBqkc162JU1cVyHvX4rMcjxLzPzNNFToS, amount: 70557074131 }, fees: [TokenAmount { mint: HjBMk5rABYdAvukYRvrScBnP9KnN9nLdKSbN2QPppump, amount: 170368487 }, TokenAmount { mint: HjBMk5rABYdAvukYRvrScBnP9KnN9nLdKSbN2QPppump, amount: 42592121 }], vault_accounts: [] }
[2m2025-11-26T11:24:32.835961Z[0m [32m INFO[0m [2mscanner::process[0m[2m:[0m HjBMk5rABYdAvukYRvrScBnP9KnN9nLdKSbN2QPppump - H8wDrayqi5YrBqkc162JU1cVyHvX4rMcjxLzPzNNFToS
[2m2025-11-26T11:24:32.835988Z[0m [32m INFO[0m [2mscanner::process[0m[2m:[0m Processing Signature: 5RY39fB3zKSY6K9u1PWeRP98V3DvByHBuhv9HdbTV1K6RaYDo1mSs23vNsh7y3NzYAz9ZmaZrBS2BqnpKZSWMbS6
[2m2025-11-26T11:24:32.836000Z[0m [32m INFO[0m [2mscanner::process[0m[2m:[0m DexSwap { swap_program_id: cpamdpZCGKUy5JxQXB4dcpGPiikHawvSWAd6mEn1sGG, pools: [31SrJPuyjLoSrFbcSJAYC31t7FTkgvdfFjJLv8yBEueR, ARSqv7pCaXAhHQBtDetdV1JejvzUM7vzCru4Wp432YvH], pool_owner: 6cJbfZDmunFXcAd5KVrXkwY2kn11bbro7zjnY4mdejDr, token_in: TokenAmount { mint: H8wDrayqi5YrBqkc162JU1cVyHvX4rMcjxLzPzNNFToS, amount: 70557074131 }, token_out: TokenAmount { mint: So11111111111111111111111111111111111111112, amount: 295792733 }, fees: [TokenAmount { mint: H8wDrayqi5YrBqkc162JU1cVyHvX4rMcjxLzPzNNFToS, amount: 593509 }, TokenAmount { mint: H8wDrayqi5YrBqkc162JU1cVyHvX4rMcjxLzPzNNFToS, amount: 148377 }], vault_accounts: [] }
[2m2025-11-26T11:24:32.836097Z[0m [32m INFO[0m [2mscanner::process[0m[2m:[0m H8wDrayqi5YrBqkc162JU1cVyHvX4rMcjxLzPzNNFToS - So11111111111111111111111111111111111111112
[2m2025-11-26T11:24:32.836171Z[0m [32m INFO[0m [2mscanner[0m[2m:[0m Found intermediate mint: H8wDrayqi5YrBqkc162JU1cVyHvX4rMcjxLzPzNNFToS with 0 decimals and 0 token accounts
[2m2025-11-26T11:24:32.836197Z[0m [33m WARN[0m [2mscanner[0m[2m:[0m No token accounts found for intermediate mint: H8wDrayqi5YrBqkc162JU1cVyHvX4rMcjxLzPzNNFToS
[2m2025-11-26T11:24:32.837703Z[0m [32m INFO[0m [2mscanner::process[0m[2m:[0m Processing Signature: 2w6bjSuGy97RYsHjrHCD5aXyGrCiBWMDgdx55vgrz1Z5RYR3UARQCUGgMpMcnEdGD1bqRwaHWS8BdfXZAdSaGdo6
[2m2025-11-26T11:24:32.837723Z[0m [32m INFO[0m [2mscanner::process[0m[2m:[0m DexSwap { swap_program_id: pAMMBay6oceH9fJKBRHGP5D4bD4sWpmSwMn52FMfXEA, pools: [FmH1KxRhJFBPfKXcHjg9SvMF3rV1i7HjTYTMxGrQxBQC, 9uksyZkHviS5T7VA9Ra8wMejX3UVzmZXRvzDDhpXnh9e], pool_owner: GHS1t5qD4YLWFwwc9KJihb7NDHBT5USBkeN8UArK1Hg9, token_in: TokenAmount { mint: HjBMk5rABYdAvukYRvrScBnP9KnN9nLdKSbN2QPppump, amount: 85183875961 }, token_out: TokenAmount { mint: So11111111111111111111111111111111111111112, amount: 312930571 }, fees: [TokenAmount { mint: HjBMk5rABYdAvukYRvrScBnP9KnN9nLdKSbN2QPppump, amount: 619358 }, TokenAmount { mint: So11111111111111111111111111111111111111112, amount: 154840 }, TokenAmount { mint: So11111111111111111111111111111111111111112, amount: 2477432 }], vault_accounts: [] }
[2m2025-11-26T11:24:32.837834Z[0m [32m INFO[0m [2mscanner::process[0m[2m:[0m HjBMk5rABYdAvukYRvrScBnP9KnN9nLdKSbN2QPppump - So11111111111111111111111111111111111111112
[2m2025-11-26T11:24:32.837861Z[0m [32m INFO[0m [2mscanner::process[0m[2m:[0m Processing Signature: 2w6bjSuGy97RYsHjrHCD5aXyGrCiBWMDgdx55vgrz1Z5RYR3UARQCUGgMpMcnEdGD1bqRwaHWS8BdfXZAdSaGdo6
[2m2025-11-26T11:24:32.837873Z[0m [32m INFO[0m [2mscanner::process[0m[2m:[0m DexSwap { swap_program_id: cpamdpZCGKUy5JxQXB4dcpGPiikHawvSWAd6mEn1sGG, pools: [4rXFyJ5kSK28H6T3QaLbFVpvoAADcYcWjpYJTVXs74SH, CyiU76x9D6r5CnJcymL7ERzfhJWsafQsryA2SidSDzaf], pool_owner: 9VWBVo4ZwgGbQh8NNMJj7CbTEhhqGSAKCD6e3ec5My9D, token_in: TokenAmount { mint: HjBMk5rABYdAvukYRvrScBnP9KnN9nLdKSbN2QPppump, amount: 85183875961 }, token_out: TokenAmount { mint: H8wDrayqi5YrBqkc162JU1cVyHvX4rMcjxLzPzNNFToS, amount: 70556777236 }, fees: [TokenAmount { mint: HjBMk5rABYdAvukYRvrScBnP9KnN9nLdKSbN2QPppump, amount: 170367752 }, TokenAmount { mint: HjBMk5rABYdAvukYRvrScBnP9KnN9nLdKSbN2QPppump, amount: 42591938 }], vault_accounts: [] }
[2m2025-11-26T11:24:32.837971Z[0m [32m INFO[0m [2mscanner::process[0m[2m:[0m HjBMk5rABYdAvukYRvrScBnP9KnN9nLdKSbN2QPppump - H8wDrayqi5YrBqkc162JU1cVyHvX4rMcjxLzPzNNFToS
[2m2025-11-26T11:24:32.837997Z[0m [32m INFO[0m [2mscanner::process[0m[2m:[0m Processing Signature: 2w6bjSuGy97RYsHjrHCD5aXyGrCiBWMDgdx55vgrz1Z5RYR3UARQCUGgMpMcnEdGD1bqRwaHWS8BdfXZAdSaGdo6
[2m2025-11-26T11:24:32.838008Z[0m [32m INFO[0m [2mscanner::process[0m[2m:[0m DexSwap { swap_program_id: cpamdpZCGKUy5JxQXB4dcpGPiikHawvSWAd6mEn1sGG, pools: [31SrJPuyjLoSrFbcSJAYC31t7FTkgvdfFjJLv8yBEueR, ARSqv7pCaXAhHQBtDetdV1JejvzUM7vzCru4Wp432YvH], pool_owner: 6cJbfZDmunFXcAd5KVrXkwY2kn11bbro7zjnY4mdejDr, token_in: TokenAmount { mint: H8wDrayqi5YrBqkc162JU1cVyHvX4rMcjxLzPzNNFToS, amount: 70556777236 }, token_out: TokenAmount { mint: So11111111111111111111111111111111111111112, amount: 295791493 }, fees: [TokenAmount { mint: H8wDrayqi5YrBqkc162JU1cVyHvX4rMcjxLzPzNNFToS, amount: 593507 }, TokenAmount { mint: H8wDrayqi5YrBqkc162JU1cVyHvX4rMcjxLzPzNNFToS, amount: 148376 }], vault_accounts: [] }
[2m2025-11-26T11:24:32.838104Z[0m [32m INFO[0m [2mscanner::process[0m[2m:[0m H8wDrayqi5YrBqkc162JU1cVyHvX4rMcjxLzPzNNFToS - So11111111111111111111111111111111111111112
[2m2025-11-26T11:24:32.838150Z[0m [32m INFO[0m [2mscanner[0m[2m:[0m Found intermediate mint: H8wDrayqi5YrBqkc162JU1cVyHvX4rMcjxLzPzNNFToS with 0 decimals and 0 token accounts
[2m2025-11-26T11:24:32.838171Z[0m [33m WARN[0m [2mscanner[0m[2m:[0m No token accounts found for intermediate mint: H8wDrayqi5YrBqkc162JU1cVyHvX4rMcjxLzPzNNFToS
[2m2025-11-26T11:24:32.839462Z[0m [32m INFO[0m [2mscanner::process[0m[2m:[0m Processing Signature: 3PacDHYoCGmCDv1qPNxU3X1spoec8ZKGfLEt37MiHVquYbzWyhhgpw8GsWZFuj5eCsyQhFh7raj7BtFwx3XJQk3U
[2m2025-11-26T11:24:32.839476Z[0m [32m INFO[0m [2mscanner::process[0m[2m:[0m DexSwap { swap_program_id: pAMMBay6oceH9fJKBRHGP5D4bD4sWpmSwMn52FMfXEA, pools: [FmH1KxRhJFBPfKXcHjg9SvMF3rV1i7HjTYTMxGrQxBQC, 9uksyZkHviS5T7VA9Ra8wMejX3UVzmZXRvzDDhpXnh9e], pool_owner: GHS1t5qD4YLWFwwc9KJihb7NDHBT5USBkeN8UArK1Hg9, token_in: TokenAmount { mint: HjBMk5rABYdAvukYRvrScBnP9KnN9nLdKSbN2QPppump, amount: 85184031724 }, token_out: TokenAmount { mint: So11111111111111111111111111111111111111112, amount: 312931145 }, fees: [TokenAmount { mint: HjBMk5rABYdAvukYRvrScBnP9KnN9nLdKSbN2QPppump, amount: 619360 }, TokenAmount { mint: So11111111111111111111111111111111111111112, amount: 154840 }, TokenAmount { mint: So11111111111111111111111111111111111111112, amount: 2477437 }], vault_accounts: [] }
[2m2025-11-26T11:24:32.839568Z[0m [32m INFO[0m [2mscanner::process[0m[2m:[0m HjBMk5rABYdAvukYRvrScBnP9KnN9nLdKSbN2QPppump - So11111111111111111111111111111111111111112
[2m2025-11-26T11:24:32.839600Z[0m [32m INFO[0m [2mscanner::process[0m[2m:[0m Processing Signature: 3PacDHYoCGmCDv1qPNxU3X1spoec8ZKGfLEt37MiHVquYbzWyhhgpw8GsWZFuj5eCsyQhFh7raj7BtFwx3XJQk3U
[2m2025-11-26T11:24:32.839609Z[0m [32m INFO[0m [2mscanner::process[0m[2m:[0m DexSwap { swap_program_id: cpamdpZCGKUy5JxQXB4dcpGPiikHawvSWAd6mEn1sGG, pools: [4rXFyJ5kSK28H6T3QaLbFVpvoAADcYcWjpYJTVXs74SH, CyiU76x9D6r5CnJcymL7ERzfhJWsafQsryA2SidSDzaf], pool_owner: 9VWBVo4ZwgGbQh8NNMJj7CbTEhhqGSAKCD6e3ec5My9D, token_in: TokenAmount { mint: HjBMk5rABYdAvukYRvrScBnP9KnN9nLdKSbN2QPppump, amount: 85184031724 }, token_out: TokenAmount { mint: H8wDrayqi5YrBqkc162JU1cVyHvX4rMcjxLzPzNNFToS, amount: 70556903285 }, fees: [TokenAmount { mint: HjBMk5rABYdAvukYRvrScBnP9KnN9nLdKSbN2QPppump, amount: 170368064 }, TokenAmount { mint: HjBMk5rABYdAvukYRvrScBnP9KnN9nLdKSbN2QPppump, amount: 42592016 }], vault_accounts: [] }
[2m2025-11-26T11:24:32.839691Z[0m [32m INFO[0m [2mscanner::process[0m[2m:[0m HjBMk5rABYdAvukYRvrScBnP9KnN9nLdKSbN2QPppump - H8wDrayqi5YrBqkc162JU1cVyHvX4rMcjxLzPzNNFToS
[2m2025-11-26T11:24:32.839712Z[0m [32m INFO[0m [2mscanner::process[0m[2m:[0m Processing Signature: 3PacDHYoCGmCDv1qPNxU3X1spoec8ZKGfLEt37MiHVquYbzWyhhgpw8GsWZFuj5eCsyQhFh7raj7BtFwx3XJQk3U
[2m2025-11-26T11:24:32.839722Z[0m [32m INFO[0m [2mscanner::process[0m[2m:[0m DexSwap { swap_program_id: cpamdpZCGKUy5JxQXB4dcpGPiikHawvSWAd6mEn1sGG, pools: [31SrJPuyjLoSrFbcSJAYC31t7FTkgvdfFjJLv8yBEueR, ARSqv7pCaXAhHQBtDetdV1JejvzUM7vzCru4Wp432YvH], pool_owner: 6cJbfZDmunFXcAd5KVrXkwY2kn11bbro7zjnY4mdejDr, token_in: TokenAmount { mint: H8wDrayqi5YrBqkc162JU1cVyHvX4rMcjxLzPzNNFToS, amount: 70556903285 }, token_out: TokenAmount { mint: So11111111111111111111111111111111111111112, amount: 295792020 }, fees: [TokenAmount { mint: H8wDrayqi5YrBqkc162JU1cVyHvX4rMcjxLzPzNNFToS, amount: 593508 }, TokenAmount { mint: H8wDrayqi5YrBqkc162JU1cVyHvX4rMcjxLzPzNNFToS, amount: 148376 }], vault_accounts: [] }
[2m2025-11-26T11:24:32.839803Z[0m [32m INFO[0m [2mscanner::process[0m[2m:[0m H8wDrayqi5YrBqkc162JU1cVyHvX4rMcjxLzPzNNFToS - So11111111111111111111111111111111111111112
[2m2025-11-26T11:24:32.839839Z[0m [32m INFO[0m [2mscanner[0m[2m:[0m Found intermediate mint: H8wDrayqi5YrBqkc162JU1cVyHvX4rMcjxLzPzNNFToS with 0 decimals and 0 token accounts
[2m2025-11-26T11:24:32.839856Z[0m [33m WARN[0m [2mscanner[0m[2m:[0m No token accounts found for intermediate mint: H8wDrayqi5YrBqkc162JU1cVyHvX4rMcjxLzPzNNFToS
[2m2025-11-26T11:24:33.524650Z[0m [32m INFO[0m [2mscanner::process[0m[2m:[0m Processing Signature: m3hkeGfPNE218HtGuXcizkwBEkV5q7K12oVnSEhRFVjm43LF9UfCQZZyL6N9RBFeHke43KJza31brriMK1ivFpQ
[2m2025-11-26T11:24:33.524748Z[0m [32m INFO[0m [2mscanner::process[0m[2m:[0m DexSwap { swap_program_id: pAMMBay6oceH9fJKBRHGP5D4bD4sWpmSwMn52FMfXEA, pools: [E5UiD4QWVVVbV8C8LDHbHMm5sxhk5DFdQ2CWfWnguLwk, 6ddK46QwG5REXXZv5Q5bDuuouGWrqUkXiQ8G18VBRW4x], pool_owner: FizVQxuiW9agWNQwq7gcwdbqwyGvQuGKmsQrZq2WSWL9, token_in: TokenAmount { mint: J7Dx5yPbPD5e5BmrSvJyi4n4XRUR2kWqWYaxaSWdpump, amount: 65027744420 }, token_out: TokenAmount { mint: So11111111111111111111111111111111111111112, amount: 1959485575 }, fees: [TokenAmount { mint: J7Dx5yPbPD5e5BmrSvJyi4n4XRUR2kWqWYaxaSWdpump, amount: 3889798 }, TokenAmount { mint: So11111111111111111111111111111111111111112, amount: 972450 }, TokenAmount { mint: So11111111111111111111111111111111111111112, amount: 9724495 }], vault_accounts: [] }
[2m2025-11-26T11:24:33.524829Z[0m [32m INFO[0m [2mscanner::process[0m[2m:[0m J7Dx5yPbPD5e5BmrSvJyi4n4XRUR2kWqWYaxaSWdpump - So11111111111111111111111111111111111111112
[2m2025-11-26T11:24:33.524850Z[0m [32m INFO[0m [2mscanner::process[0m[2m:[0m Processing Signature: m3hkeGfPNE218HtGuXcizkwBEkV5q7K12oVnSEhRFVjm43LF9UfCQZZyL6N9RBFeHke43KJza31brriMK1ivFpQ
[2m2025-11-26T11:24:33.524859Z[0m [32m INFO[0m [2mscanner::process[0m[2m:[0m DexSwap { swap_program_id: LBUZKhRxPF3XUpBCjp4YzTKgLccjZhTSDM9YuVaPwxo, pools: [33FkB5GuGYeoJVMiL3srwwCKhvW8mWeRAhmpczvAiw2u, GhrXf9Wa4rUcjTV1GzT6dgKLGCNHinRsGS2JcrZbTWwC], pool_owner: 2n51q96tuzs85R9L3X3uuQdu9V3fKAnvTsVtf9xMSSH6, token_in: TokenAmount { mint: J7Dx5yPbPD5e5BmrSvJyi4n4XRUR2kWqWYaxaSWdpump, amount: 65027744420 }, token_out: TokenAmount { mint: So11111111111111111111111111111111111111112, amount: 1955167751 }, fees: [TokenAmount { mint: J7Dx5yPbPD5e5BmrSvJyi4n4XRUR2kWqWYaxaSWdpump, amount: 1397315717 }, TokenAmount { mint: J7Dx5yPbPD5e5BmrSvJyi4n4XRUR2kWqWYaxaSWdpump, amount: 69865785 }, TokenAmount { mint: J7Dx5yPbPD5e5BmrSvJyi4n4XRUR2kWqWYaxaSWdpump, amount: 21487993 }], vault_accounts: [] }
[2m2025-11-26T11:24:33.524961Z[0m [32m INFO[0m [2mscanner::process[0m[2m:[0m J7Dx5yPbPD5e5BmrSvJyi4n4XRUR2kWqWYaxaSWdpump - So11111111111111111111111111111111111111112
[2m2025-11-26T11:24:33.525458Z[0m [32m INFO[0m [2mscanner::process[0m[2m:[0m Processing Signature: 4Y94UjFRXzvRF54e2kAdMduAQwr1AMzAcmUHxVi5TvgQitTxmxWDJhVM1rfnzdRWL955mhFDnwk2nVe3pGsJzZ1F
[2m2025-11-26T11:24:33.525471Z[0m [32m INFO[0m [2mscanner::process[0m[2m:[0m DexSwap { swap_program_id: pAMMBay6oceH9fJKBRHGP5D4bD4sWpmSwMn52FMfXEA, pools: [E5UiD4QWVVVbV8C8LDHbHMm5sxhk5DFdQ2CWfWnguLwk, 6ddK46QwG5REXXZv5Q5bDuuouGWrqUkXiQ8G18VBRW4x], pool_owner: FizVQxuiW9agWNQwq7gcwdbqwyGvQuGKmsQrZq2WSWL9, token_in: TokenAmount { mint: J7Dx5yPbPD5e5BmrSvJyi4n4XRUR2kWqWYaxaSWdpump, amount: 65027744420 }, token_out: TokenAmount { mint: So11111111111111111111111111111111111111112, amount: 1959485575 }, fees: [TokenAmount { mint: J7Dx5yPbPD5e5BmrSvJyi4n4XRUR2kWqWYaxaSWdpump, amount: 3889798 }, TokenAmount { mint: So11111111111111111111111111111111111111112, amount: 972450 }, TokenAmount { mint: So11111111111111111111111111111111111111112, amount: 9724495 }], vault_accounts: [] }
[2m2025-11-26T11:24:33.525544Z[0m [32m INFO[0m [2mscanner::process[0m[2m:[0m J7Dx5yPbPD5e5BmrSvJyi4n4XRUR2kWqWYaxaSWdpump - So11111111111111111111111111111111111111112
[2m2025-11-26T11:24:33.525562Z[0m [32m INFO[0m [2mscanner::process[0m[2m:[0m Processing Signature: 4Y94UjFRXzvRF54e2kAdMduAQwr1AMzAcmUHxVi5TvgQitTxmxWDJhVM1rfnzdRWL955mhFDnwk2nVe3pGsJzZ1F
[2m2025-11-26T11:24:33.525569Z[0m [32m INFO[0m [2mscanner::process[0m[2m:[0m DexSwap { swap_program_id: LBUZKhRxPF3XUpBCjp4YzTKgLccjZhTSDM9YuVaPwxo, pools: [33FkB5GuGYeoJVMiL3srwwCKhvW8mWeRAhmpczvAiw2u, GhrXf9Wa4rUcjTV1GzT6dgKLGCNHinRsGS2JcrZbTWwC], pool_owner: 2n51q96tuzs85R9L3X3uuQdu9V3fKAnvTsVtf9xMSSH6, token_in: TokenAmount { mint: J7Dx5yPbPD5e5BmrSvJyi4n4XRUR2kWqWYaxaSWdpump, amount: 65027744420 }, token_out: TokenAmount { mint: So11111111111111111111111111111111111111112, amount: 1955167751 }, fees: [TokenAmount { mint: J7Dx5yPbPD5e5BmrSvJyi4n4XRUR2kWqWYaxaSWdpump, amount: 1397315717 }, TokenAmount { mint: J7Dx5yPbPD5e5BmrSvJyi4n4XRUR2kWqWYaxaSWdpump, amount: 69865785 }, TokenAmount { mint: J7Dx5yPbPD5e5BmrSvJyi4n4XRUR2kWqWYaxaSWdpump, amount: 21487993 }], vault_accounts: [] }
[2m2025-11-26T11:24:33.525641Z[0m [32m INFO[0m [2mscanner::process[0m[2m:[0m J7Dx5yPbPD5e5BmrSvJyi4n4XRUR2kWqWYaxaSWdpump - So11111111111111111111111111111111111111112
[2m2025-11-26T11:24:33.526084Z[0m [32m INFO[0m [2mscanner::process[0m[2m:[0m Processing Signature: 4idWtboNVHfTrDJd628G2YrZSf3jEBmQRU9crsU3AEUfJ3X7oYcoAEeo7RTvr5Jf3qYi4vgKWq1skEHX2AkrKYAW
[2m2025-11-26T11:24:33.526095Z[0m [32m INFO[0m [2mscanner::process[0m[2m:[0m DexSwap { swap_program_id: pAMMBay6oceH9fJKBRHGP5D4bD4sWpmSwMn52FMfXEA, pools: [E5UiD4QWVVVbV8C8LDHbHMm5sxhk5DFdQ2CWfWnguLwk, 6ddK46QwG5REXXZv5Q5bDuuouGWrqUkXiQ8G18VBRW4x], pool_owner: FizVQxuiW9agWNQwq7gcwdbqwyGvQuGKmsQrZq2WSWL9, token_in: TokenAmount { mint: J7Dx5yPbPD5e5BmrSvJyi4n4XRUR2kWqWYaxaSWdpump, amount: 65027736623 }, token_out: TokenAmount { mint: So11111111111111111111111111111111111111112, amount: 1959485575 }, fees: [TokenAmount { mint: J7Dx5yPbPD5e5BmrSvJyi4n4XRUR2kWqWYaxaSWdpump, amount: 3889798 }, TokenAmount { mint: So11111111111111111111111111111111111111112, amount: 972450 }, TokenAmount { mint: So11111111111111111111111111111111111111112, amount: 9724495 }], vault_accounts: [] }
[2m2025-11-26T11:24:33.526165Z[0m [32m INFO[0m [2mscanner::process[0m[2m:[0m J7Dx5yPbPD5e5BmrSvJyi4n4XRUR2kWqWYaxaSWdpump - So11111111111111111111111111111111111111112
[2m2025-11-26T11:24:33.526182Z[0m [32m INFO[0m [2mscanner::process[0m[2m:[0m Processing Signature: 4idWtboNVHfTrDJd628G2YrZSf3jEBmQRU9crsU3AEUfJ3X7oYcoAEeo7RTvr5Jf3qYi4vgKWq1skEHX2AkrKYAW
[2m2025-11-26T11:24:33.526189Z[0m [32m INFO[0m [2mscanner::process[0m[2m:[0m DexSwap { swap_program_id: LBUZKhRxPF3XUpBCjp4YzTKgLccjZhTSDM9YuVaPwxo, pools: [33FkB5GuGYeoJVMiL3srwwCKhvW8mWeRAhmpczvAiw2u, GhrXf9Wa4rUcjTV1GzT6dgKLGCNHinRsGS2JcrZbTWwC], pool_owner: 2n51q96tuzs85R9L3X3uuQdu9V3fKAnvTsVtf9xMSSH6, token_in: TokenAmount { mint: J7Dx5yPbPD5e5BmrSvJyi4n4XRUR2kWqWYaxaSWdpump, amount: 65027736623 }, token_out: TokenAmount { mint: So11111111111111111111111111111111111111112, amount: 1955167516 }, fees: [TokenAmount { mint: J7Dx5yPbPD5e5BmrSvJyi4n4XRUR2kWqWYaxaSWdpump, amount: 1397315550 }, TokenAmount { mint: J7Dx5yPbPD5e5BmrSvJyi4n4XRUR2kWqWYaxaSWdpump, amount: 69865777 }, TokenAmount { mint: J7Dx5yPbPD5e5BmrSvJyi4n4XRUR2kWqWYaxaSWdpump, amount: 21487993 }], vault_accounts: [] }
[2m2025-11-26T11:24:33.526260Z[0m [32m INFO[0m [2mscanner::process[0m[2m:[0m J7Dx5yPbPD5e5BmrSvJyi4n4XRUR2kWqWYaxaSWdpump - So11111111111111111111111111111111111111112
[2m2025-11-26T11:24:33.526692Z[0m [32m INFO[0m [2mscanner::process[0m[2m:[0m Processing Signature: 4K8dC63mdoQdqS4Um8GZ7CWhj17HpAR1z4bKBom4Zt3ZecY8JGwQtNKQ5MJbkidkXzeQB6r7cYJZvHAw7kPUrfX8
[2m2025-11-26T11:24:33.526702Z[0m [32m INFO[0m [2mscanner::process[0m[2m:[0m DexSwap { swap_program_id: pAMMBay6oceH9fJKBRHGP5D4bD4sWpmSwMn52FMfXEA, pools: [E5UiD4QWVVVbV8C8LDHbHMm5sxhk5DFdQ2CWfWnguLwk, 6ddK46QwG5REXXZv5Q5bDuuouGWrqUkXiQ8G18VBRW4x], pool_owner: FizVQxuiW9agWNQwq7gcwdbqwyGvQuGKmsQrZq2WSWL9, token_in: TokenAmount { mint: J7Dx5yPbPD5e5BmrSvJyi4n4XRUR2kWqWYaxaSWdpump, amount: 65027736623 }, token_out: TokenAmount { mint: So11111111111111111111111111111111111111112, amount: 1959485575 }, fees: [TokenAmount { mint: J7Dx5yPbPD5e5BmrSvJyi4n4XRUR2kWqWYaxaSWdpump, amount: 3889798 }, TokenAmount { mint: So11111111111111111111111111111111111111112, amount: 972450 }, TokenAmount { mint: So11111111111111111111111111111111111111112, amount: 9724495 }], vault_accounts: [] }
[2m2025-11-26T11:24:33.526775Z[0m [32m INFO[0m [2mscanner::process[0m[2m:[0m J7Dx5yPbPD5e5BmrSvJyi4n4XRUR2kWqWYaxaSWdpump - So11111111111111111111111111111111111111112
[2m2025-11-26T11:24:33.526794Z[0m [32m INFO[0m [2mscanner::process[0m[2m:[0m Processing Signature: 4K8dC63mdoQdqS4Um8GZ7CWhj17HpAR1z4bKBom4Zt3ZecY8JGwQtNKQ5MJbkidkXzeQB6r7cYJZvHAw7kPUrfX8
[2m2025-11-26T11:24:33.526801Z[0m [32m INFO[0m [2mscanner::process[0m[2m:[0m DexSwap { swap_program_id: LBUZKhRxPF3XUpBCjp4YzTKgLccjZhTSDM9YuVaPwxo, pools: [33FkB5GuGYeoJVMiL3srwwCKhvW8mWeRAhmpczvAiw2u, GhrXf9Wa4rUcjTV1GzT6dgKLGCNHinRsGS2JcrZbTWwC], pool_owner: 2n51q96tuzs85R9L3X3uuQdu9V3fKAnvTsVtf9xMSSH6, token_in: TokenAmount { mint: J7Dx5yPbPD5e5BmrSvJyi4n4XRUR2kWqWYaxaSWdpump, amount: 65027736623 }, token_out: TokenAmount { mint: So11111111111111111111111111111111111111112, amount: 1955167516 }, fees: [TokenAmount { mint: J7Dx5yPbPD5e5BmrSvJyi4n4XRUR2kWqWYaxaSWdpump, amount: 1397315550 }, TokenAmount { mint: J7Dx5yPbPD5e5BmrSvJyi4n4XRUR2kWqWYaxaSWdpump, amount: 69865777 }, TokenAmount { mint: J7Dx5yPbPD5e5BmrSvJyi4n4XRUR2kWqWYaxaSWdpump, amount: 21487993 }], vault_accounts: [] }
[2m2025-11-26T11:24:33.526873Z[0m [32m INFO[0m [2mscanner::process[0m[2m:[0m J7Dx5yPbPD5e5BmrSvJyi4n4XRUR2kWqWYaxaSWdpump - So11111111111111111111111111111111111111112
[2m2025-11-26T11:24:33.527849Z[0m [32m INFO[0m [2mscanner::process[0m[2m:[0m Processing Signature: 5TZ7ezSHLyychHEPngz3mPv6cutZpPFmEmivDfvFqLbQWxrrQV32fFWiwakBG8UNE3BrShAA33QSML61j8P3L1Zr
[2m2025-11-26T11:24:33.527858Z[0m [32m INFO[0m [2mscanner::process[0m[2m:[0m DexSwap { swap_program_id: pAMMBay6oceH9fJKBRHGP5D4bD4sWpmSwMn52FMfXEA, pools: [E5UiD4QWVVVbV8C8LDHbHMm5sxhk5DFdQ2CWfWnguLwk, 6ddK46QwG5REXXZv5Q5bDuuouGWrqUkXiQ8G18VBRW4x], pool_owner: FizVQxuiW9agWNQwq7gcwdbqwyGvQuGKmsQrZq2WSWL9, token_in: TokenAmount { mint: J7Dx5yPbPD5e5BmrSvJyi4n4XRUR2kWqWYaxaSWdpump, amount: 65024117621 }, token_out: TokenAmount { mint: So11111111111111111111111111111111111111112, amount: 1959485575 }, fees: [TokenAmount { mint: J7Dx5yPbPD5e5BmrSvJyi4n4XRUR2kWqWYaxaSWdpump, amount: 3889798 }, TokenAmount { mint: So11111111111111111111111111111111111111112, amount: 972450 }, TokenAmount { mint: So11111111111111111111111111111111111111112, amount: 9724495 }], vault_accounts: [] }
[2m2025-11-26T11:24:33.527921Z[0m [32m INFO[0m [2mscanner::process[0m[2m:[0m J7Dx5yPbPD5e5BmrSvJyi4n4XRUR2kWqWYaxaSWdpump - So11111111111111111111111111111111111111112
[2m2025-11-26T11:24:33.527937Z[0m [32m INFO[0m [2mscanner::process[0m[2m:[0m Processing Signature: 5TZ7ezSHLyychHEPngz3mPv6cutZpPFmEmivDfvFqLbQWxrrQV32fFWiwakBG8UNE3BrShAA33QSML61j8P3L1Zr
[2m2025-11-26T11:24:33.527943Z[0m [32m INFO[0m [2mscanner::process[0m[2m:[0m DexSwap { swap_program_id: LBUZKhRxPF3XUpBCjp4YzTKgLccjZhTSDM9YuVaPwxo, pools: [33FkB5GuGYeoJVMiL3srwwCKhvW8mWeRAhmpczvAiw2u, GhrXf9Wa4rUcjTV1GzT6dgKLGCNHinRsGS2JcrZbTWwC], pool_owner: 2n51q96tuzs85R9L3X3uuQdu9V3fKAnvTsVtf9xMSSH6, token_in: TokenAmount { mint: J7Dx5yPbPD5e5BmrSvJyi4n4XRUR2kWqWYaxaSWdpump, amount: 65024117621 }, token_out: TokenAmount { mint: So11111111111111111111111111111111111111112, amount: 1955058705 }, fees: [TokenAmount { mint: J7Dx5yPbPD5e5BmrSvJyi4n4XRUR2kWqWYaxaSWdpump, amount: 1397237785 }, TokenAmount { mint: J7Dx5yPbPD5e5BmrSvJyi4n4XRUR2kWqWYaxaSWdpump, amount: 69861889 }, TokenAmount { mint: J7Dx5yPbPD5e5BmrSvJyi4n4XRUR2kWqWYaxaSWdpump, amount: 21487993 }], vault_accounts: [] }
[2m2025-11-26T11:24:33.528006Z[0m [32m INFO[0m [2mscanner::process[0m[2m:[0m J7Dx5yPbPD5e5BmrSvJyi4n4XRUR2kWqWYaxaSWdpump - So11111111111111111111111111111111111111112
[2m2025-11-26T11:24:33.528393Z[0m [32m INFO[0m [2mscanner::process[0m[2m:[0m Processing Signature: 2CMFDmsXQnQae6JKNA5fNHCnMWEtNg1rSpWZ94jyBUh2PFLTARLPHXpS5KpZM54G6o95cBN3f8MsB9AK1QrrHCRR
[2m2025-11-26T11:24:33.528401Z[0m [32m INFO[0m [2mscanner::process[0m[2m:[0m DexSwap { swap_program_id: pAMMBay6oceH9fJKBRHGP5D4bD4sWpmSwMn52FMfXEA, pools: [E5UiD4QWVVVbV8C8LDHbHMm5sxhk5DFdQ2CWfWnguLwk, 6ddK46QwG5REXXZv5Q5bDuuouGWrqUkXiQ8G18VBRW4x], pool_owner: FizVQxuiW9agWNQwq7gcwdbqwyGvQuGKmsQrZq2WSWL9, token_in: TokenAmount { mint: J7Dx5yPbPD5e5BmrSvJyi4n4XRUR2kWqWYaxaSWdpump, amount: 65024117621 }, token_out: TokenAmount { mint: So11111111111111111111111111111111111111112, amount: 1959485575 }, fees: [TokenAmount { mint: J7Dx5yPbPD5e5BmrSvJyi4n4XRUR2kWqWYaxaSWdpump, amount: 3889798 }, TokenAmount { mint: So11111111111111111111111111111111111111112, amount: 972450 }, TokenAmount { mint: So11111111111111111111111111111111111111112, amount: 9724495 }], vault_accounts: [] }
[2m2025-11-26T11:24:33.528464Z[0m [32m INFO[0m [2mscanner::process[0m[2m:[0m J7Dx5yPbPD5e5BmrSvJyi4n4XRUR2kWqWYaxaSWdpump - So11111111111111111111111111111111111111112
[2m2025-11-26T11:24:33.528479Z[0m [32m INFO[0m [2mscanner::process[0m[2m:[0m Processing Signature: 2CMFDmsXQnQae6JKNA5fNHCnMWEtNg1rSpWZ94jyBUh2PFLTARLPHXpS5KpZM54G6o95cBN3f8MsB9AK1QrrHCRR
[2m2025-11-26T11:24:33.528485Z[0m [32m INFO[0m [2mscanner::process[0m[2m:[0m DexSwap { swap_program_id: LBUZKhRxPF3XUpBCjp4YzTKgLccjZhTSDM9YuVaPwxo, pools: [33FkB5GuGYeoJVMiL3srwwCKhvW8mWeRAhmpczvAiw2u, GhrXf9Wa4rUcjTV1GzT6dgKLGCNHinRsGS2JcrZbTWwC], pool_owner: 2n51q96tuzs85R9L3X3uuQdu9V3fKAnvTsVtf9xMSSH6, token_in: TokenAmount { mint: J7Dx5yPbPD5e5BmrSvJyi4n4XRUR2kWqWYaxaSWdpump, amount: 65024117621 }, token_out: TokenAmount { mint: So11111111111111111111111111111111111111112, amount: 1955058705 }, fees: [TokenAmount { mint: J7Dx5yPbPD5e5BmrSvJyi4n4XRUR2kWqWYaxaSWdpump, amount: 1397237785 }, TokenAmount { mint: J7Dx5yPbPD5e5BmrSvJyi4n4XRUR2kWqWYaxaSWdpump, amount: 69861889 }, TokenAmount { mint: J7Dx5yPbPD5e5BmrSvJyi4n4XRUR2kWqWYaxaSWdpump, amount: 21487993 }], vault_accounts: [] }
[2m2025-11-26T11:24:33.528557Z[0m [32m INFO[0m [2mscanner::process[0m[2m:[0m J7Dx5yPbPD5e5BmrSvJyi4n4XRUR2kWqWYaxaSWdpump - So11111111111111111111111111111111111111112
[2m2025-11-26T11:24:33.528955Z[0m [32m INFO[0m [2mscanner::process[0m[2m:[0m Processing Signature: 5L9BnBAggVMB4dZybJjj7etLCZShTuupRBxWprUnzuXSqmwuAMis4VHxLztxyhLV9o6gPNtSa5XXkYfP8yMScFmE
[2m2025-11-26T11:24:33.528963Z[0m [32m INFO[0m [2mscanner::process[0m[2m:[0m DexSwap { swap_program_id: pAMMBay6oceH9fJKBRHGP5D4bD4sWpmSwMn52FMfXEA, pools: [E5UiD4QWVVVbV8C8LDHbHMm5sxhk5DFdQ2CWfWnguLwk, 6ddK46QwG5REXXZv5Q5bDuuouGWrqUkXiQ8G18VBRW4x], pool_owner: FizVQxuiW9agWNQwq7gcwdbqwyGvQuGKmsQrZq2WSWL9, token_in: TokenAmount { mint: J7Dx5yPbPD5e5BmrSvJyi4n4XRUR2kWqWYaxaSWdpump, amount: 65024117621 }, token_out: TokenAmount { mint: So11111111111111111111111111111111111111112, amount: 1959485575 }, fees: [TokenAmount { mint: J7Dx5yPbPD5e5BmrSvJyi4n4XRUR2kWqWYaxaSWdpump, amount: 3889798 }, TokenAmount { mint: So11111111111111111111111111111111111111112, amount: 972450 }, TokenAmount { mint: So11111111111111111111111111111111111111112, amount: 9724495 }], vault_accounts: [] }
[2m2025-11-26T11:24:33.529029Z[0m [32m INFO[0m [2mscanner::process[0m[2m:[0m J7Dx5yPbPD5e5BmrSvJyi4n4XRUR2kWqWYaxaSWdpump - So11111111111111111111111111111111111111112
[2m2025-11-26T11:24:33.529044Z[0m [32m INFO[0m [2mscanner::process[0m[2m:[0m Processing Signature: 5L9BnBAggVMB4dZybJjj7etLCZShTuupRBxWprUnzuXSqmwuAMis4VHxLztxyhLV9o6gPNtSa5XXkYfP8yMScFmE
[2m2025-11-26T11:24:33.529051Z[0m [32m INFO[0m [2mscanner::process[0m[2m:[0m DexSwap { swap_program_id: LBUZKhRxPF3XUpBCjp4YzTKgLccjZhTSDM9YuVaPwxo, pools: [33FkB5GuGYeoJVMiL3srwwCKhvW8mWeRAhmpczvAiw2u, GhrXf9Wa4rUcjTV1GzT6dgKLGCNHinRsGS2JcrZbTWwC], pool_owner: 2n51q96tuzs85R9L3X3uuQdu9V3fKAnvTsVtf9xMSSH6, token_in: TokenAmount { mint: J7Dx5yPbPD5e5BmrSvJyi4n4XRUR2kWqWYaxaSWdpump, amount: 65024117621 }, token_out: TokenAmount { mint: So11111111111111111111111111111111111111112, amount: 1955058705 }, fees: [TokenAmount { mint: J7Dx5yPbPD5e5BmrSvJyi4n4XRUR2kWqWYaxaSWdpump, amount: 1397237785 }, TokenAmount { mint: J7Dx5yPbPD5e5BmrSvJyi4n4XRUR2kWqWYaxaSWdpump, amount: 69861889 }, TokenAmount { mint: J7Dx5yPbPD5e5BmrSvJyi4n4XRUR2kWqWYaxaSWdpump, amount: 21487993 }], vault_accounts: [] }
[2m2025-11-26T11:24:33.529114Z[0m [32m INFO[0m [2mscanner::process[0m[2m:[0m J7Dx5yPbPD5e5BmrSvJyi4n4XRUR2kWqWYaxaSWdpump - So11111111111111111111111111111111111111112
[2m2025-11-26T11:24:33.529497Z[0m [32m INFO[0m [2mscanner::process[0m[2m:[0m Processing Signature: 5qm7fDb7GAbCrdVKpVo36XC8dwNAzo1ooJnEPBJ3PMKFkArhFXysCSrw7thzrjr6geXC4WU8vB6HoGg6Gi2iJMxq
[2m2025-11-26T11:24:33.529505Z[0m [32m INFO[0m [2mscanner::process[0m[2m:[0m DexSwap { swap_program_id: pAMMBay6oceH9fJKBRHGP5D4bD4sWpmSwMn52FMfXEA, pools: [E5UiD4QWVVVbV8C8LDHbHMm5sxhk5DFdQ2CWfWnguLwk, 6ddK46QwG5REXXZv5Q5bDuuouGWrqUkXiQ8G18VBRW4x], pool_owner: FizVQxuiW9agWNQwq7gcwdbqwyGvQuGKmsQrZq2WSWL9, token_in: TokenAmount { mint: J7Dx5yPbPD5e5BmrSvJyi4n4XRUR2kWqWYaxaSWdpump, amount: 65024117621 }, token_out: TokenAmount { mint: So11111111111111111111111111111111111111112, amount: 1959485575 }, fees: [TokenAmount { mint: J7Dx5yPbPD5e5BmrSvJyi4n4XRUR2kWqWYaxaSWdpump, amount: 3889798 }, TokenAmount { mint: So11111111111111111111111111111111111111112, amount: 972450 }, TokenAmount { mint: So11111111111111111111111111111111111111112, amount: 9724495 }], vault_accounts: [] }
[2m2025-11-26T11:24:33.529568Z[0m [32m INFO[0m [2mscanner::process[0m[2m:[0m J7Dx5yPbPD5e5BmrSvJyi4n4XRUR2kWqWYaxaSWdpump - So11111111111111111111111111111111111111112
[2m2025-11-26T11:24:33.529583Z[0m [32m INFO[0m [2mscanner::process[0m[2m:[0m Processing Signature: 5qm7fDb7GAbCrdVKpVo36XC8dwNAzo1ooJnEPBJ3PMKFkArhFXysCSrw7thzrjr6geXC4WU8vB6HoGg6Gi2iJMxq
[2m2025-11-26T11:24:33.529589Z[0m [32m INFO[0m [2mscanner::process[0m[2m:[0m DexSwap { swap_program_id: LBUZKhRxPF3XUpBCjp4YzTKgLccjZhTSDM9YuVaPwxo, pools: [33FkB5GuGYeoJVMiL3srwwCKhvW8mWeRAhmpczvAiw2u, GhrXf9Wa4rUcjTV1GzT6dgKLGCNHinRsGS2JcrZbTWwC], pool_owner: 2n51q96tuzs85R9L3X3uuQdu9V3fKAnvTsVtf9xMSSH6, token_in: TokenAmount { mint: J7Dx5yPbPD5e5BmrSvJyi4n4XRUR2kWqWYaxaSWdpump, amount: 65024117621 }, token_out: TokenAmount { mint: So11111111111111111111111111111111111111112, amount: 1955058705 }, fees: [TokenAmount { mint: J7Dx5yPbPD5e5BmrSvJyi4n4XRUR2kWqWYaxaSWdpump, amount: 1397237785 }, TokenAmount { mint: J7Dx5yPbPD5e5BmrSvJyi4n4XRUR2kWqWYaxaSWdpump, amount: 69861889 }, TokenAmount { mint: J7Dx5yPbPD5e5BmrSvJyi4n4XRUR2kWqWYaxaSWdpump, amount: 21487993 }], vault_accounts: [] }
[2m2025-11-26T11:24:33.529653Z[0m [32m INFO[0m [2mscanner::process[0m[2m:[0m J7Dx5yPbPD5e5BmrSvJyi4n4XRUR2kWqWYaxaSWdpump - So11111111111111111111111111111111111111112
[2m2025-11-26T11:24:33.932370Z[0m [32m INFO[0m [2mscanner::process[0m[2m:[0m Processing Signature: 2EnUiCHxcxoXg2NomaXYjKGtvSgbGsi3JgdP3iu8387RFgaWsAoz4XxV5BJRMFKicukzHMfC7foTwbTgdQAanQ2S
[2m2025-11-26T11:24:33.932466Z[0m [32m INFO[0m [2mscanner::process[0m[2m:[0m DexSwap { swap_program_id: cpamdpZCGKUy5JxQXB4dcpGPiikHawvSWAd6mEn1sGG, pools: [FwWfrFmqpdjh8K91k22eFH4hMeRGVAD8iNWCutSTTqKq, CKXd5ABAKNykGRTm7nzhSm57s4pMNi67jAhEk1Uro1PQ], pool_owner: 7LFWN87jocBQ252sk6QDQ7T1QyLuq12bnUR5qDUFR4kY, token_in: TokenAmount { mint: So11111111111111111111111111111111111111112, amount: 977087640 }, token_out: TokenAmount { mint: GodL6KZ9uuUoQwELggtVzQkKmU1LfqmDokPibPeDKkhF, amount: 1506887742235 }, fees: [TokenAmount { mint: So11111111111111111111111111111111111111112, amount: 1954742 }, TokenAmount { mint: So11111111111111111111111111111111111111112, amount: 488685 }], vault_accounts: [] }
[2m2025-11-26T11:24:33.932586Z[0m [32m INFO[0m [2mscanner::process[0m[2m:[0m So11111111111111111111111111111111111111112 - GodL6KZ9uuUoQwELggtVzQkKmU1LfqmDokPibPeDKkhF
[2m2025-11-26T11:24:33.932617Z[0m [32m INFO[0m [2mscanner::process[0m[2m:[0m Processing Signature: 2EnUiCHxcxoXg2NomaXYjKGtvSgbGsi3JgdP3iu8387RFgaWsAoz4XxV5BJRMFKicukzHMfC7foTwbTgdQAanQ2S
[2m2025-11-26T11:24:33.932633Z[0m [32m INFO[0m [2mscanner::process[0m[2m:[0m DexSwap { swap_program_id: LBUZKhRxPF3XUpBCjp4YzTKgLccjZhTSDM9YuVaPwxo, pools: [2eY1FERoTH489Ngcjb3nPskcuGLW4ZEAp7E1ovGr3XSa, 3PRexUwb1cG7297LsEnJKTFitXtDEAA34uKmFco4Syk4], pool_owner: 6CvC5GUyF31j3XFHoDbBWcKx4t3RBkiWmbmVNG6asPU3, token_in: TokenAmount { mint: GodL6KZ9uuUoQwELggtVzQkKmU1LfqmDokPibPeDKkhF, amount: 1506887742235 }, token_out: TokenAmount { mint: So11111111111111111111111111111111111111112, amount: 969084530 }, fees: [TokenAmount { mint: GodL6KZ9uuUoQwELggtVzQkKmU1LfqmDokPibPeDKkhF, amount: 3841766580 }, TokenAmount { mint: GodL6KZ9uuUoQwELggtVzQkKmU1LfqmDokPibPeDKkhF, amount: 192088328 }, TokenAmount { mint: GodL6KZ9uuUoQwELggtVzQkKmU1LfqmDokPibPeDKkhF, amount: 2549471 }], vault_accounts: [] }
[2m2025-11-26T11:24:33.932747Z[0m [32m INFO[0m [2mscanner::process[0m[2m:[0m GodL6KZ9uuUoQwELggtVzQkKmU1LfqmDokPibPeDKkhF - So11111111111111111111111111111111111111112
[2m2025-11-26T11:24:33.932826Z[0m [32m INFO[0m [2mscanner[0m[2m:[0m Found intermediate mint: GodL6KZ9uuUoQwELggtVzQkKmU1LfqmDokPibPeDKkhF with 0 decimals and 0 token accounts
[2m2025-11-26T11:24:33.932854Z[0m [33m WARN[0m [2mscanner[0m[2m:[0m No token accounts found for intermediate mint: GodL6KZ9uuUoQwELggtVzQkKmU1LfqmDokPibPeDKkhF
[2m2025-11-26T11:24:33.932910Z[0m [32m INFO[0m [2mscanner[0m[2m:[0m Registering new pool in known_pools: FwWfrFmqpdjh8K91k22eFH4hMeRGVAD8iNWCutSTTqKq
[2m2025-11-26T11:24:33.932938Z[0m [32m INFO[0m [2mscanner[0m[2m:[0m Registering new pool in known_pools: CKXd5ABAKNykGRTm7nzhSm57s4pMNi67jAhEk1Uro1PQ
[2m2025-11-26T11:24:33.932964Z[0m [32m INFO[0m [2mscanner[0m[2m:[0m Registering new pool in known_pools: 2eY1FERoTH489Ngcjb3nPskcuGLW4ZEAp7E1ovGr3XSa
[2m2025-11-26T11:24:33.932990Z[0m [32m INFO[0m [2mscanner[0m[2m:[0m Registering new pool in known_pools: 3PRexUwb1cG7297LsEnJKTFitXtDEAA34uKmFco4Syk4
[2m2025-11-26T11:24:34.077334Z[0m [32m INFO[0m [2mscanner::grpc[0m[2m:[0m Roundtrip ping for http://ny-rpc.notarb.org:10000/: 226ms
[2m2025-11-26T11:24:39.076027Z[0m [32m INFO[0m [2mscanner::grpc[0m[2m:[0m Roundtrip ping for http://ny-rpc.notarb.org:10000/: 223ms
[2m2025-11-26T11:24:40.320482Z[0m [32m INFO[0m [2mscanner::process[0m[2m:[0m Processing Signature: 5aPyELcV3YybgY1iPBXzgYLog4Q7abDXAk75UW4GDQwBgAkGZzioa7N7fBuE6EynUHkCRcMszRPMUBtjZaxXQ9fo
[2m2025-11-26T11:24:40.320593Z[0m [32m INFO[0m [2mscanner::process[0m[2m:[0m DexSwap { swap_program_id: LBUZKhRxPF3XUpBCjp4YzTKgLccjZhTSDM9YuVaPwxo, pools: [4gGFovucXjbve62VcwQ2ifd7mrtYj96dPxktEYTYwdwm, HJT6KEH6FrE5hymbZ3eAbmCTDpUYcSMtqpFtgdDRzmjh], pool_owner: 6adfLK5e4weeJrAvqpMnsZ7C41YhTjUrEkbpPE7YbNu3, token_in: TokenAmount { mint: EPjFWdd5AufqSSqeM2qN1xzybapC8G4wEGGkZwyTDt1v, amount: 190554064 }, token_out: TokenAmount { mint: BANKJmvhT8tiJRsBSS1n2HryMBPvT5Ze4HU95DUAmeta, amount: 27207588 }, fees: [TokenAmount { mint: EPjFWdd5AufqSSqeM2qN1xzybapC8G4wEGGkZwyTDt1v, amount: 420021 }, TokenAmount { mint: EPjFWdd5AufqSSqeM2qN1xzybapC8G4wEGGkZwyTDt1v, amount: 21001 }, TokenAmount { mint: EPjFWdd5AufqSSqeM2qN1xzybapC8G4wEGGkZwyTDt1v, amount: 2204208 }], vault_accounts: [] }
[2m2025-11-26T11:24:40.320690Z[0m [32m INFO[0m [2mscanner::process[0m[2m:[0m EPjFWdd5AufqSSqeM2qN1xzybapC8G4wEGGkZwyTDt1v - BANKJmvhT8tiJRsBSS1n2HryMBPvT5Ze4HU95DUAmeta
[2m2025-11-26T11:24:40.320716Z[0m [32m INFO[0m [2mscanner::process[0m[2m:[0m Processing Signature: 5aPyELcV3YybgY1iPBXzgYLog4Q7abDXAk75UW4GDQwBgAkGZzioa7N7fBuE6EynUHkCRcMszRPMUBtjZaxXQ9fo
[2m2025-11-26T11:24:40.320733Z[0m [32m INFO[0m [2mscanner::process[0m[2m:[0m DexSwap { swap_program_id: cpamdpZCGKUy5JxQXB4dcpGPiikHawvSWAd6mEn1sGG, pools: [DspDxKwCcR399EYJUyh42KHyBEJGxy82XUBiHy62Fnmi, G4SqKyYyJbXw97tm5DJsTyFxaZ7TxCPykEBSVpFkNGsQ], pool_owner: 5gB4NPgFB3MHFHSeKN4sbaY6t9MB8ikCe9HyiKYid4Td, token_in: TokenAmount { mint: BANKJmvhT8tiJRsBSS1n2HryMBPvT5Ze4HU95DUAmeta, amount: 27207588 }, token_out: TokenAmount { mint: EPjFWdd5AufqSSqeM2qN1xzybapC8G4wEGGkZwyTDt1v, amount: 189240186 }, fees: [TokenAmount { mint: BANKJmvhT8tiJRsBSS1n2HryMBPvT5Ze4HU95DUAmeta, amount: 760765 }, TokenAmount { mint: BANKJmvhT8tiJRsBSS1n2HryMBPvT5Ze4HU95DUAmeta, amount: 190191 }], vault_accounts: [] }
[2m2025-11-26T11:24:40.320810Z[0m [32m INFO[0m [2mscanner::process[0m[2m:[0m BANKJmvhT8tiJRsBSS1n2HryMBPvT5Ze4HU95DUAmeta - EPjFWdd5AufqSSqeM2qN1xzybapC8G4wEGGkZwyTDt1v
[2m2025-11-26T11:24:40.320872Z[0m [32m INFO[0m [2mscanner[0m[2m:[0m Found intermediate mint: BANKJmvhT8tiJRsBSS1n2HryMBPvT5Ze4HU95DUAmeta with 0 decimals and 0 token accounts
[2m2025-11-26T11:24:40.320894Z[0m [33m WARN[0m [2mscanner[0m[2m:[0m No token accounts found for intermediate mint: BANKJmvhT8tiJRsBSS1n2HryMBPvT5Ze4HU95DUAmeta
[2m2025-11-26T11:24:40.320939Z[0m [32m INFO[0m [2mscanner[0m[2m:[0m Registering new pool in known_pools: 4gGFovucXjbve62VcwQ2ifd7mrtYj96dPxktEYTYwdwm
[2m2025-11-26T11:24:40.320964Z[0m [32m INFO[0m [2mscanner[0m[2m:[0m Registering new pool in known_pools: HJT6KEH6FrE5hymbZ3eAbmCTDpUYcSMtqpFtgdDRzmjh
[2m2025-11-26T11:24:40.320984Z[0m [32m INFO[0m [2mscanner[0m[2m:[0m Registering new pool in known_pools: DspDxKwCcR399EYJUyh42KHyBEJGxy82XUBiHy62Fnmi
[2m2025-11-26T11:24:40.321001Z[0m [32m INFO[0m [2mscanner[0m[2m:[0m Registering new pool in known_pools: G4SqKyYyJbXw97tm5DJsTyFxaZ7TxCPykEBSVpFkNGsQ
[2m2025-11-26T11:24:40.321436Z[0m [33m WARN[0m [2mscanner::process[0m[2m:[0m Err: ParserNotFound("FUTARELBfJfQ8RDGhg1wdhddq1odMAJUePHFuBYfUxKq")
[2m2025-11-26T11:24:40.321465Z[0m [32m INFO[0m [2mscanner::process[0m[2m:[0m Processing Signature: 5G4MHZcqSbne89o6ks1tLHRg2b5nAj6RRbmxqBqsanS8VqX8xxLHmiFwoUxErasDpNjbXX3ucSnTJwhfJTNDnof5
[2m2025-11-26T11:24:40.321476Z[0m [32m INFO[0m [2mscanner::process[0m[2m:[0m DexSwap { swap_program_id: LBUZKhRxPF3XUpBCjp4YzTKgLccjZhTSDM9YuVaPwxo, pools: [4gGFovucXjbve62VcwQ2ifd7mrtYj96dPxktEYTYwdwm, HJT6KEH6FrE5hymbZ3eAbmCTDpUYcSMtqpFtgdDRzmjh], pool_owner: 6adfLK5e4weeJrAvqpMnsZ7C41YhTjUrEkbpPE7YbNu3, token_in: TokenAmount { mint: EPjFWdd5AufqSSqeM2qN1xzybapC8G4wEGGkZwyTDt1v, amount: 190554064 }, token_out: TokenAmount { mint: BANKJmvhT8tiJRsBSS1n2HryMBPvT5Ze4HU95DUAmeta, amount: 27207588 }, fees: [TokenAmount { mint: EPjFWdd5AufqSSqeM2qN1xzybapC8G4wEGGkZwyTDt1v, amount: 420021 }, TokenAmount { mint: EPjFWdd5AufqSSqeM2qN1xzybapC8G4wEGGkZwyTDt1v, amount: 21001 }, TokenAmount { mint: EPjFWdd5AufqSSqeM2qN1xzybapC8G4wEGGkZwyTDt1v, amount: 2204208 }], vault_accounts: [] }
[2m2025-11-26T11:24:40.321566Z[0m [32m INFO[0m [2mscanner::process[0m[2m:[0m EPjFWdd5AufqSSqeM2qN1xzybapC8G4wEGGkZwyTDt1v - BANKJmvhT8tiJRsBSS1n2HryMBPvT5Ze4HU95DUAmeta
[2m2025-11-26T11:24:42.175079Z[0m [32m INFO[0m [2mscanner::process[0m[2m:[0m Processing Signature: 5fdyKpXYkyCMzqym9V7XtUctkGYuCJZyeJvZKzt78ZWzJbPgW91xaL3iG7oRvVqrFtsFXiHM6pBQrj1EqgtZooN6
[2m2025-11-26T11:24:42.175176Z[0m [32m INFO[0m [2mscanner::process[0m[2m:[0m DexSwap { swap_program_id: pAMMBay6oceH9fJKBRHGP5D4bD4sWpmSwMn52FMfXEA, pools: [6pZ1kT9eGFtdkGYRD79Hs9GN9tDDnZnEb14m63gim4nm, HTf5u5hvKsthLfvgrRj81fHXYegMiDcpAgjT9JCNRprK], pool_owner: J28z5ZcSUKjXSeXsVGnjShfCX7ygQDA2RFQd9JPzVQv2, token_in: TokenAmount { mint: wMNSTc9xcRegGgG8RBjz8dUefYrmtSyUCyAdoy1WexR, amount: 23632784791 }, token_out: TokenAmount { mint: So11111111111111111111111111111111111111112, amount: 156502187 }, fees: [TokenAmount { mint: wMNSTc9xcRegGgG8RBjz8dUefYrmtSyUCyAdoy1WexR, amount: 309906 }, TokenAmount { mint: So11111111111111111111111111111111111111112, amount: 77477 }, TokenAmount { mint: So11111111111111111111111111111111111111112, amount: 1162145 }], vault_accounts: [] }
[2m2025-11-26T11:24:42.175269Z[0m [32m INFO[0m [2mscanner::process[0m[2m:[0m wMNSTc9xcRegGgG8RBjz8dUefYrmtSyUCyAdoy1WexR - So11111111111111111111111111111111111111112
[2m2025-11-26T11:24:42.175293Z[0m [32m INFO[0m [2mscanner::process[0m[2m:[0m Processing Signature: 5fdyKpXYkyCMzqym9V7XtUctkGYuCJZyeJvZKzt78ZWzJbPgW91xaL3iG7oRvVqrFtsFXiHM6pBQrj1EqgtZooN6
[2m2025-11-26T11:24:42.175304Z[0m [32m INFO[0m [2mscanner::process[0m[2m:[0m DexSwap { swap_program_id: CPMMoo8L3F4NbTegBCKVNunggL7H1ZpdTHKxQB5qKP1C, pools: [C4Y5gXsQ5mJA7mBUUR7zCjELkASSPRZxaUddpSX38rru, 7sgSXueEEb22jzuHqdqzhDTjVxkP8wE1hfk6ETUYTGkE], pool_owner: RaVenxw8kykBbW7KGBaBsb7fDkkBYK4uJVDSFun6ZxR, token_in: TokenAmount { mint: wMNSTc9xcRegGgG8RBjz8dUefYrmtSyUCyAdoy1WexR, amount: 23632784791 }, token_out: TokenAmount { mint: Adq3wnAvtaXBNfy63xGV1YNkDiPKadDT469xF9uZPrqE, amount: 198335348793 }, fees: [], vault_accounts: [] }
[2m2025-11-26T11:24:42.175362Z[0m [32m INFO[0m [2mscanner::process[0m[2m:[0m wMNSTc9xcRegGgG8RBjz8dUefYrmtSyUCyAdoy1WexR - Adq3wnAvtaXBNfy63xGV1YNkDiPKadDT469xF9uZPrqE
[2m2025-11-26T11:24:42.175384Z[0m [32m INFO[0m [2mscanner::process[0m[2m:[0m Processing Signature: 5fdyKpXYkyCMzqym9V7XtUctkGYuCJZyeJvZKzt78ZWzJbPgW91xaL3iG7oRvVqrFtsFXiHM6pBQrj1EqgtZooN6
[2m2025-11-26T11:24:42.175393Z[0m [32m INFO[0m [2mscanner::process[0m[2m:[0m DexSwap { swap_program_id: 675kPX9MHTjS2zt1qfr1NYHuzeLXfQM9H24wFSUt1Mp8, pools: [EDJo11o5zU7Ze7JEFkjD9rJHK3GMeNwTcuYGp2RKgkWs, 86R56fB248penzZRAZn5Un1LdA1w1W2gu2qWb42Dvhzf], pool_owner: 7LTjg8r5x1cQLhNLHN2hfsqYRfau3g2JSxiq65DD1KWM, token_in: TokenAmount { mint: Adq3wnAvtaXBNfy63xGV1YNkDiPKadDT469xF9uZPrqE, amount: 198335348793 }, token_out: TokenAmount { mint: So11111111111111111111111111111111111111112, amount: 156644018 }, fees: [], vault_accounts: [BF4GLUwFVbUJp4d7hrQ5jTsQhkdGimi8Qdsytk5QyFFS, EDJo11o5zU7Ze7JEFkjD9rJHK3GMeNwTcuYGp2RKgkWs] }
[2m2025-11-26T11:24:42.175463Z[0m [32m INFO[0m [2mscanner::process[0m[2m:[0m Adq3wnAvtaXBNfy63xGV1YNkDiPKadDT469xF9uZPrqE - So11111111111111111111111111111111111111112
[2m2025-11-26T11:24:42.175505Z[0m [32m INFO[0m [2mscanner[0m[2m:[0m Found intermediate mint: Adq3wnAvtaXBNfy63xGV1YNkDiPKadDT469xF9uZPrqE with 0 decimals and 0 token accounts
[2m2025-11-26T11:24:42.175525Z[0m [33m WARN[0m [2mscanner[0m[2m:[0m No token accounts found for intermediate mint: Adq3wnAvtaXBNfy63xGV1YNkDiPKadDT469xF9uZPrqE
[2m2025-11-26T11:24:42.176318Z[0m [32m INFO[0m [2mscanner::process[0m[2m:[0m Processing Signature: 2pF5mcfsPUw9YSdy59nsbDxdefenjwGzmCywAHS6y2xH6LeEytRSGkX4yNq63eqdeEKNiJ7QFNajFHppaePBS7zw
[2m2025-11-26T11:24:42.176334Z[0m [32m INFO[0m [2mscanner::process[0m[2m:[0m DexSwap { swap_program_id: pAMMBay6oceH9fJKBRHGP5D4bD4sWpmSwMn52FMfXEA, pools: [6pZ1kT9eGFtdkGYRD79Hs9GN9tDDnZnEb14m63gim4nm, HTf5u5hvKsthLfvgrRj81fHXYegMiDcpAgjT9JCNRprK], pool_owner: J28z5ZcSUKjXSeXsVGnjShfCX7ygQDA2RFQd9JPzVQv2, token_in: TokenAmount { mint: wMNSTc9xcRegGgG8RBjz8dUefYrmtSyUCyAdoy1WexR, amount: 23611800753 }, token_out: TokenAmount { mint: So11111111111111111111111111111111111111112, amount: 156502958 }, fees: [TokenAmount { mint: wMNSTc9xcRegGgG8RBjz8dUefYrmtSyUCyAdoy1WexR, amount: 309907 }, TokenAmount { mint: So11111111111111111111111111111111111111112, amount: 77477 }, TokenAmount { mint: So11111111111111111111111111111111111111112, amount: 1162151 }], vault_accounts: [] }
[2m2025-11-26T11:24:42.176416Z[0m [32m INFO[0m [2mscanner::process[0m[2m:[0m wMNSTc9xcRegGgG8RBjz8dUefYrmtSyUCyAdoy1WexR - So11111111111111111111111111111111111111112
[2m2025-11-26T11:24:42.176436Z[0m [32m INFO[0m [2mscanner::process[0m[2m:[0m Processing Signature: 2pF5mcfsPUw9YSdy59nsbDxdefenjwGzmCywAHS6y2xH6LeEytRSGkX4yNq63eqdeEKNiJ7QFNajFHppaePBS7zw
[2m2025-11-26T11:24:42.176446Z[0m [32m INFO[0m [2mscanner::process[0m[2m:[0m DexSwap { swap_program_id: CPMMoo8L3F4NbTegBCKVNunggL7H1ZpdTHKxQB5qKP1C, pools: [C4Y5gXsQ5mJA7mBUUR7zCjELkASSPRZxaUddpSX38rru, 7sgSXueEEb22jzuHqdqzhDTjVxkP8wE1hfk6ETUYTGkE], pool_owner: RaVenxw8kykBbW7KGBaBsb7fDkkBYK4uJVDSFun6ZxR, token_in: TokenAmount { mint: wMNSTc9xcRegGgG8RBjz8dUefYrmtSyUCyAdoy1WexR, amount: 23611800753 }, token_out: TokenAmount { mint: Adq3wnAvtaXBNfy63xGV1YNkDiPKadDT469xF9uZPrqE, amount: 194615701201 }, fees: [], vault_accounts: [] }
[2m2025-11-26T11:24:42.176502Z[0m [32m INFO[0m [2mscanner::process[0m[2m:[0m wMNSTc9xcRegGgG8RBjz8dUefYrmtSyUCyAdoy1WexR - Adq3wnAvtaXBNfy63xGV1YNkDiPKadDT469xF9uZPrqE
[2m2025-11-26T11:24:42.176523Z[0m [32m INFO[0m [2mscanner::process[0m[2m:[0m Processing Signature: 2pF5mcfsPUw9YSdy59nsbDxdefenjwGzmCywAHS6y2xH6LeEytRSGkX4yNq63eqdeEKNiJ7QFNajFHppaePBS7zw
[2m2025-11-26T11:24:42.176532Z[0m [32m INFO[0m [2mscanner::process[0m[2m:[0m DexSwap { swap_program_id: 675kPX9MHTjS2zt1qfr1NYHuzeLXfQM9H24wFSUt1Mp8, pools: [EDJo11o5zU7Ze7JEFkjD9rJHK3GMeNwTcuYGp2RKgkWs, 86R56fB248penzZRAZn5Un1LdA1w1W2gu2qWb42Dvhzf], pool_owner: 7LTjg8r5x1cQLhNLHN2hfsqYRfau3g2JSxiq65DD1KWM, token_in: TokenAmount { mint: Adq3wnAvtaXBNfy63xGV1YNkDiPKadDT469xF9uZPrqE, amount: 194615701201 }, token_out: TokenAmount { mint: So11111111111111111111111111111111111111112, amount: 153478346 }, fees: [], vault_accounts: [BF4GLUwFVbUJp4d7hrQ5jTsQhkdGimi8Qdsytk5QyFFS, EDJo11o5zU7Ze7JEFkjD9rJHK3GMeNwTcuYGp2RKgkWs] }
[2m2025-11-26T11:24:42.176601Z[0m [32m INFO[0m [2mscanner::process[0m[2m:[0m Adq3wnAvtaXBNfy63xGV1YNkDiPKadDT469xF9uZPrqE - So11111111111111111111111111111111111111112
[2m2025-11-26T11:24:42.176635Z[0m [32m INFO[0m [2mscanner[0m[2m:[0m Found intermediate mint: Adq3wnAvtaXBNfy63xGV1YNkDiPKadDT469xF9uZPrqE with 0 decimals and 0 token accounts
[2m2025-11-26T11:24:42.176652Z[0m [33m WARN[0m [2mscanner[0m[2m:[0m No token accounts found for intermediate mint: Adq3wnAvtaXBNfy63xGV1YNkDiPKadDT469xF9uZPrqE
[2m2025-11-26T11:24:42.399989Z[0m [32m INFO[0m [2mscanner::process[0m[2m:[0m Processing Signature: 5y8Q85iDMN9B64qbMbLD9S7Y7XUGUtbHkSBrCGeSgskWQTYYJAACaEdVXHwnPnM3orxqBeRkYJCSq8MD5eYzugYo
[2m2025-11-26T11:24:42.400035Z[0m [32m INFO[0m [2mscanner::process[0m[2m:[0m DexSwap { swap_program_id: pAMMBay6oceH9fJKBRHGP5D4bD4sWpmSwMn52FMfXEA, pools: [6pZ1kT9eGFtdkGYRD79Hs9GN9tDDnZnEb14m63gim4nm, HTf5u5hvKsthLfvgrRj81fHXYegMiDcpAgjT9JCNRprK], pool_owner: J28z5ZcSUKjXSeXsVGnjShfCX7ygQDA2RFQd9JPzVQv2, token_in: TokenAmount { mint: wMNSTc9xcRegGgG8RBjz8dUefYrmtSyUCyAdoy1WexR, amount: 23611724033 }, token_out: TokenAmount { mint: So11111111111111111111111111111111111111112, amount: 156502449 }, fees: [TokenAmount { mint: wMNSTc9xcRegGgG8RBjz8dUefYrmtSyUCyAdoy1WexR, amount: 309906 }, TokenAmount { mint: So11111111111111111111111111111111111111112, amount: 77477 }, TokenAmount { mint: So11111111111111111111111111111111111111112, amount: 1162147 }], vault_accounts: [] }
[2m2025-11-26T11:24:42.400093Z[0m [32m INFO[0m [2mscanner::process[0m[2m:[0m wMNSTc9xcRegGgG8RBjz8dUefYrmtSyUCyAdoy1WexR - So11111111111111111111111111111111111111112
[2m2025-11-26T11:24:42.400108Z[0m [32m INFO[0m [2mscanner::process[0m[2m:[0m Processing Signature: 5y8Q85iDMN9B64qbMbLD9S7Y7XUGUtbHkSBrCGeSgskWQTYYJAACaEdVXHwnPnM3orxqBeRkYJCSq8MD5eYzugYo
[2m2025-11-26T11:24:42.400115Z[0m [32m INFO[0m [2mscanner::process[0m[2m:[0m DexSwap { swap_program_id: CPMMoo8L3F4NbTegBCKVNunggL7H1ZpdTHKxQB5qKP1C, pools: [C4Y5gXsQ5mJA7mBUUR7zCjELkASSPRZxaUddpSX38rru, 7sgSXueEEb22jzuHqdqzhDTjVxkP8wE1hfk6ETUYTGkE], pool_owner: RaVenxw8kykBbW7KGBaBsb7fDkkBYK4uJVDSFun6ZxR, token_in: TokenAmount { mint: wMNSTc9xcRegGgG8RBjz8dUefYrmtSyUCyAdoy1WexR, amount: 23611724033 }, token_out: TokenAmount { mint: Adq3wnAvtaXBNfy63xGV1YNkDiPKadDT469xF9uZPrqE, amount: 194615074477 }, fees: [], vault_accounts: [] }
[2m2025-11-26T11:24:42.400150Z[0m [32m INFO[0m [2mscanner::process[0m[2m:[0m wMNSTc9xcRegGgG8RBjz8dUefYrmtSyUCyAdoy1WexR - Adq3wnAvtaXBNfy63xGV1YNkDiPKadDT469xF9uZPrqE
[2m2025-11-26T11:24:42.400166Z[0m [32m INFO[0m [2mscanner::process[0m[2m:[0m Processing Signature: 5y8Q85iDMN9B64qbMbLD9S7Y7XUGUtbHkSBrCGeSgskWQTYYJAACaEdVXHwnPnM3orxqBeRkYJCSq8MD5eYzugYo
[2m2025-11-26T11:24:42.400173Z[0m [32m INFO[0m [2mscanner::process[0m[2m:[0m DexSwap { swap_program_id: 675kPX9MHTjS2zt1qfr1NYHuzeLXfQM9H24wFSUt1Mp8, pools: [EDJo11o5zU7Ze7JEFkjD9rJHK3GMeNwTcuYGp2RKgkWs, 86R56fB248penzZRAZn5Un1LdA1w1W2gu2qWb42Dvhzf], pool_owner: 7LTjg8r5x1cQLhNLHN2hfsqYRfau3g2JSxiq65DD1KWM, token_in: TokenAmount { mint: Adq3wnAvtaXBNfy63xGV1YNkDiPKadDT469xF9uZPrqE, amount: 194615074477 }, token_out: TokenAmount { mint: So11111111111111111111111111111111111111112, amount: 153477852 }, fees: [], vault_accounts: [BF4GLUwFVbUJp4d7hrQ5jTsQhkdGimi8Qdsytk5QyFFS, EDJo11o5zU7Ze7JEFkjD9rJHK3GMeNwTcuYGp2RKgkWs] }
[2m2025-11-26T11:24:42.400217Z[0m [32m INFO[0m [2mscanner::process[0m[2m:[0m Adq3wnAvtaXBNfy63xGV1YNkDiPKadDT469xF9uZPrqE - So11111111111111111111111111111111111111112
[2m2025-11-26T11:24:42.400246Z[0m [32m INFO[0m [2mscanner[0m[2m:[0m Found intermediate mint: Adq3wnAvtaXBNfy63xGV1YNkDiPKadDT469xF9uZPrqE with 0 decimals and 0 token accounts
[2m2025-11-26T11:24:42.400259Z[0m [33m WARN[0m [2mscanner[0m[2m:[0m No token accounts found for intermediate mint: Adq3wnAvtaXBNfy63xGV1YNkDiPKadDT469xF9uZPrqE
[2m2025-11-26T11:24:44.077470Z[0m [32m INFO[0m [2mscanner::grpc[0m[2m:[0m Roundtrip ping for http://ny-rpc.notarb.org:10000/: 223ms
[2m2025-11-26T11:24:45.421526Z[0m [32m INFO[0m [2mscanner::process[0m[2m:[0m Processing Signature: 215dLUy12cT29g6Yp5i4tKAcepADTjWLksi5cDsJN3Z2VTzBqrQPYmnNxR5oUx1vpVG49ME9EqbEHQP72MM9X2pH
[2m2025-11-26T11:24:45.421574Z[0m [32m INFO[0m [2mscanner::process[0m[2m:[0m DexSwap { swap_program_id: LBUZKhRxPF3XUpBCjp4YzTKgLccjZhTSDM9YuVaPwxo, pools: [4y5g8SHg5rB7kPn9GEDcFACkrCcu9pxKfHpvgx6b4uXg, 9rhAC5eY5j8cXL6kZRXWGPsemDv9dvKUbdcvwwkKP8jJ], pool_owner: DtVxQg4c6BJg5HyFR98we7hycDTeayfY9myxCE8u3pTZ, token_in: TokenAmount { mint: So11111111111111111111111111111111111111112, amount: 729753577 }, token_out: TokenAmount { mint: 4NGbC4RRrUjS78ooSN53Up7gSg4dGrj6F6dxpMWHbonk, amount: 2626196466823 }, fees: [TokenAmount { mint: So11111111111111111111111111111111111111112, amount: 7790120 }, TokenAmount { mint: So11111111111111111111111111111111111111112, amount: 389506 }, TokenAmount { mint: So11111111111111111111111111111111111111112, amount: 10675000 }], vault_accounts: [] }
[2m2025-11-26T11:24:45.421636Z[0m [32m INFO[0m [2mscanner::process[0m[2m:[0m So11111111111111111111111111111111111111112 - 4NGbC4RRrUjS78ooSN53Up7gSg4dGrj6F6dxpMWHbonk
[2m2025-11-26T11:24:45.421652Z[0m [32m INFO[0m [2mscanner::process[0m[2m:[0m Processing Signature: 215dLUy12cT29g6Yp5i4tKAcepADTjWLksi5cDsJN3Z2VTzBqrQPYmnNxR5oUx1vpVG49ME9EqbEHQP72MM9X2pH
[2m2025-11-26T11:24:45.421659Z[0m [32m INFO[0m [2mscanner::process[0m[2m:[0m DexSwap { swap_program_id: CPMMoo8L3F4NbTegBCKVNunggL7H1ZpdTHKxQB5qKP1C, pools: [5HfHHKVN2NtFiVdzj5PaV818kJtbj6D7zb2PhCpKEVgG, 2N7mLVZt3ALY75g6S76inrgMgtQB6KVkqT9cV6idWKZU], pool_owner: GnkTz4LD9r95CT5GNtuZH2w3AJYudT5MCYrQG2Re5dZ5, token_in: TokenAmount { mint: 4NGbC4RRrUjS78ooSN53Up7gSg4dGrj6F6dxpMWHbonk, amount: 2626196466823 }, token_out: TokenAmount { mint: So11111111111111111111111111111111111111112, amount: 721754845 }, fees: [], vault_accounts: [] }
[2m2025-11-26T11:24:45.421698Z[0m [32m INFO[0m [2mscanner::process[0m[2m:[0m 4NGbC4RRrUjS78ooSN53Up7gSg4dGrj6F6dxpMWHbonk - So11111111111111111111111111111111111111112
[2m2025-11-26T11:24:45.421723Z[0m [32m INFO[0m [2mscanner[0m[2m:[0m Found intermediate mint: 4NGbC4RRrUjS78ooSN53Up7gSg4dGrj6F6dxpMWHbonk with 0 decimals and 0 token accounts
[2m2025-11-26T11:24:45.421737Z[0m [33m WARN[0m [2mscanner[0m[2m:[0m No token accounts found for intermediate mint: 4NGbC4RRrUjS78ooSN53Up7gSg4dGrj6F6dxpMWHbonk
[2m2025-11-26T11:24:46.756751Z[0m [32m INFO[0m [2mscanner::process[0m[2m:[0m Processing Signature: 2zYhRuk8QMDYCspfkKKSZf9QCKUjhdC4hMaSJPi7ikPhweaPsxGhSkVK24oHH5Bm81xejPZjwkD9mY1esv5FiffG
[2m2025-11-26T11:24:46.756860Z[0m [32m INFO[0m [2mscanner::process[0m[2m:[0m DexSwap { swap_program_id: LBUZKhRxPF3XUpBCjp4YzTKgLccjZhTSDM9YuVaPwxo, pools: [4y5g8SHg5rB7kPn9GEDcFACkrCcu9pxKfHpvgx6b4uXg, 9rhAC5eY5j8cXL6kZRXWGPsemDv9dvKUbdcvwwkKP8jJ], pool_owner: DtVxQg4c6BJg5HyFR98we7hycDTeayfY9myxCE8u3pTZ, token_in: TokenAmount { mint: So11111111111111111111111111111111111111112, amount: 974270550 }, token_out: TokenAmount { mint: 4NGbC4RRrUjS78ooSN53Up7gSg4dGrj6F6dxpMWHbonk, amount: 3506150509504 }, fees: [TokenAmount { mint: So11111111111111111111111111111111111111112, amount: 10400339 }, TokenAmount { mint: So11111111111111111111111111111111111111112, amount: 520016 }, TokenAmount { mint: So11111111111111111111111111111111111111112, amount: 10675000 }], vault_accounts: [] }
[2m2025-11-26T11:24:46.756969Z[0m [32m INFO[0m [2mscanner::process[0m[2m:[0m So11111111111111111111111111111111111111112 - 4NGbC4RRrUjS78ooSN53Up7gSg4dGrj6F6dxpMWHbonk
[2m2025-11-26T11:24:46.756999Z[0m [32m INFO[0m [2mscanner::process[0m[2m:[0m Processing Signature: 2zYhRuk8QMDYCspfkKKSZf9QCKUjhdC4hMaSJPi7ikPhweaPsxGhSkVK24oHH5Bm81xejPZjwkD9mY1esv5FiffG
[2m2025-11-26T11:24:46.757012Z[0m [32m INFO[0m [2mscanner::process[0m[2m:[0m DexSwap { swap_program_id: CPMMoo8L3F4NbTegBCKVNunggL7H1ZpdTHKxQB5qKP1C, pools: [5HfHHKVN2NtFiVdzj5PaV818kJtbj6D7zb2PhCpKEVgG, 2N7mLVZt3ALY75g6S76inrgMgtQB6KVkqT9cV6idWKZU], pool_owner: GnkTz4LD9r95CT5GNtuZH2w3AJYudT5MCYrQG2Re5dZ5, token_in: TokenAmount { mint: 4NGbC4RRrUjS78ooSN53Up7gSg4dGrj6F6dxpMWHbonk, amount: 3506150509504 }, token_out: TokenAmount { mint: So11111111111111111111111111111111111111112, amount: 963910299 }, fees: [], vault_accounts: [] }
[2m2025-11-26T11:24:46.757077Z[0m [32m INFO[0m [2mscanner::process[0m[2m:[0m 4NGbC4RRrUjS78ooSN53Up7gSg4dGrj6F6dxpMWHbonk - So11111111111111111111111111111111111111112
[2m2025-11-26T11:24:46.757125Z[0m [32m INFO[0m [2mscanner[0m[2m:[0m Found intermediate mint: 4NGbC4RRrUjS78ooSN53Up7gSg4dGrj6F6dxpMWHbonk with 0 decimals and 0 token accounts
[2m2025-11-26T11:24:46.757150Z[0m [33m WARN[0m [2mscanner[0m[2m:[0m No token accounts found for intermediate mint: 4NGbC4RRrUjS78ooSN53Up7gSg4dGrj6F6dxpMWHbonk
[2m2025-11-26T11:24:49.078776Z[0m [32m INFO[0m [2mscanner::grpc[0m[2m:[0m Roundtrip ping for http://ny-rpc.notarb.org:10000/: 222ms
[2m2025-11-26T11:24:49.901791Z[0m [33m WARN[0m [2mscanner::process[0m[2m:[0m Err: ParserNotFound("TokenkegQfeZyiNwAJbNbGKPFXCWuBvf9Ss623VQ5DA")
[2m2025-11-26T11:24:49.902015Z[0m [33m WARN[0m [2mscanner::process[0m[2m:[0m Err: ParserNotFound("TokenkegQfeZyiNwAJbNbGKPFXCWuBvf9Ss623VQ5DA")
[2m2025-11-26T11:24:49.902090Z[0m [32m INFO[0m [2mscanner::process[0m[2m:[0m Processing Signature: 3ZB45KkkDQKbo7Mno5tRPprYHbaXTyVpUJ3pf8ChFDprTNnoJRSwQ66Jya6bPEfTu3EhABn9h9ADE76emkMPVuy6
[2m2025-11-26T11:24:49.902138Z[0m [32m INFO[0m [2mscanner::process[0m[2m:[0m DexSwap { swap_program_id: LBUZKhRxPF3XUpBCjp4YzTKgLccjZhTSDM9YuVaPwxo, pools: [DMGhqZnFQ34b9oNTZoXAmRu1ZwTD5d56h2iaxEENEiAV, 8TTTzQtJ3nrQ99W94pUkdAnUWZMfnkiJHHmvtFjxC9eT], pool_owner: CT1iEMUwb73wUjkxaqpX6AyE5xK6qGsqUBY4P4dsUnvd, token_in: TokenAmount { mint: So11111111111111111111111111111111111111112, amount: 132469563 }, token_out: TokenAmount { mint: 36eBuWXPEeRxuNouF19M7sKvWZiTdpoHDWHjZRAGpump, amount: 38921685965 }, fees: [TokenAmount { mint: So11111111111111111111111111111111111111112, amount: 2649392 }, TokenAmount { mint: So11111111111111111111111111111111111111112, amount: 132469 }, TokenAmount { mint: So11111111111111111111111111111111111111112, amount: 20000001 }], vault_accounts: [] }
[2m2025-11-26T11:24:49.902315Z[0m [32m INFO[0m [2mscanner::process[0m[2m:[0m So11111111111111111111111111111111111111112 - 36eBuWXPEeRxuNouF19M7sKvWZiTdpoHDWHjZRAGpump
[2m2025-11-26T11:24:49.902360Z[0m [32m INFO[0m [2mscanner::process[0m[2m:[0m Processing Signature: 3ZB45KkkDQKbo7Mno5tRPprYHbaXTyVpUJ3pf8ChFDprTNnoJRSwQ66Jya6bPEfTu3EhABn9h9ADE76emkMPVuy6
[2m2025-11-26T11:24:49.902386Z[0m [32m INFO[0m [2mscanner::process[0m[2m:[0m DexSwap { swap_program_id: pAMMBay6oceH9fJKBRHGP5D4bD4sWpmSwMn52FMfXEA, pools: [7abPNHZuvzy4smU9WXZ5D2JCa1K3hpk4DFSBCp4PfeqM, Ewb3uoUZxW4wFDUEDT3qcPq1P3Anc2c3ZRCM6XxUgFEs], pool_owner: 3Z4DCF9273voDscrAGGov4mGnm32CyyNaGa8b4QsZSGQ, token_in: TokenAmount { mint: 36eBuWXPEeRxuNouF19M7sKvWZiTdpoHDWHjZRAGpump, amount: 38921685965 }, token_out: TokenAmount { mint: So11111111111111111111111111111111111111112, amount: 132530917 }, fees: [TokenAmount { mint: 36eBuWXPEeRxuNouF19M7sKvWZiTdpoHDWHjZRAGpump, amount: 267875 }, TokenAmount { mint: So11111111111111111111111111111111111111112, amount: 66969 }, TokenAmount { mint: So11111111111111111111111111111111111111112, amount: 1071499 }], vault_accounts: [] }
[2m2025-11-26T11:24:49.902534Z[0m [32m INFO[0m [2mscanner::process[0m[2m:[0m 36eBuWXPEeRxuNouF19M7sKvWZiTdpoHDWHjZRAGpump - So11111111111111111111111111111111111111112
[2m2025-11-26T11:24:49.902647Z[0m [32m INFO[0m [2mscanner[0m[2m:[0m Found intermediate mint: 36eBuWXPEeRxuNouF19M7sKvWZiTdpoHDWHjZRAGpump with 0 decimals and 0 token accounts
[2m2025-11-26T11:24:49.902691Z[0m [33m WARN[0m [2mscanner[0m[2m:[0m No token accounts found for intermediate mint: 36eBuWXPEeRxuNouF19M7sKvWZiTdpoHDWHjZRAGpump
[2m2025-11-26T11:24:49.902796Z[0m [32m INFO[0m [2mscanner[0m[2m:[0m Registering new pool in known_pools: DMGhqZnFQ34b9oNTZoXAmRu1ZwTD5d56h2iaxEENEiAV
[2m2025-11-26T11:24:49.902843Z[0m [32m INFO[0m [2mscanner[0m[2m:[0m Registering new pool in known_pools: 8TTTzQtJ3nrQ99W94pUkdAnUWZMfnkiJHHmvtFjxC9eT
[2m2025-11-26T11:24:49.902901Z[0m [32m INFO[0m [2mscanner[0m[2m:[0m Registering new pool in known_pools: 7abPNHZuvzy4smU9WXZ5D2JCa1K3hpk4DFSBCp4PfeqM
[2m2025-11-26T11:24:49.902950Z[0m [32m INFO[0m [2mscanner[0m[2m:[0m Registering new pool in known_pools: Ewb3uoUZxW4wFDUEDT3qcPq1P3Anc2c3ZRCM6XxUgFEs
[2m2025-11-26T11:24:49.903893Z[0m [32m INFO[0m [2mscanner::process[0m[2m:[0m Processing Signature: 3vVZXsw7uiaETg8rYaSFbDk8GQHb4ebyjMbekQFikFYJFJtX9vicKVh7Q9Z5m7u3bsLqjHyQf8HJCVJA4QCBaRDD
[2m2025-11-26T11:24:49.903954Z[0m [32m INFO[0m [2mscanner::process[0m[2m:[0m DexSwap { swap_program_id: LBUZKhRxPF3XUpBCjp4YzTKgLccjZhTSDM9YuVaPwxo, pools: [DMGhqZnFQ34b9oNTZoXAmRu1ZwTD5d56h2iaxEENEiAV, 8TTTzQtJ3nrQ99W94pUkdAnUWZMfnkiJHHmvtFjxC9eT], pool_owner: CT1iEMUwb73wUjkxaqpX6AyE5xK6qGsqUBY4P4dsUnvd, token_in: TokenAmount { mint: So11111111111111111111111111111111111111112, amount: 1294273660 }, token_out: TokenAmount { mint: 36eBuWXPEeRxuNouF19M7sKvWZiTdpoHDWHjZRAGpump, amount: 380278397717 }, fees: [TokenAmount { mint: So11111111111111111111111111111111111111112, amount: 25885475 }, TokenAmount { mint: So11111111111111111111111111111111111111112, amount: 1294273 }, TokenAmount { mint: So11111111111111111111111111111111111111112, amount: 20000001 }], vault_accounts: [] }
[2m2025-11-26T11:24:49.904129Z[0m [32m INFO[0m [2mscanner::process[0m[2m:[0m So11111111111111111111111111111111111111112 - 36eBuWXPEeRxuNouF19M7sKvWZiTdpoHDWHjZRAGpump
[2m2025-11-26T11:24:49.904183Z[0m [32m INFO[0m [2mscanner::process[0m[2m:[0m Processing Signature: 3vVZXsw7uiaETg8rYaSFbDk8GQHb4ebyjMbekQFikFYJFJtX9vicKVh7Q9Z5m7u3bsLqjHyQf8HJCVJA4QCBaRDD
[2m2025-11-26T11:24:49.904216Z[0m [32m INFO[0m [2mscanner::process[0m[2m:[0m DexSwap { swap_program_id: pAMMBay6oceH9fJKBRHGP5D4bD4sWpmSwMn52FMfXEA, pools: [7abPNHZuvzy4smU9WXZ5D2JCa1K3hpk4DFSBCp4PfeqM, Ewb3uoUZxW4wFDUEDT3qcPq1P3Anc2c3ZRCM6XxUgFEs], pool_owner: 3Z4DCF9273voDscrAGGov4mGnm32CyyNaGa8b4QsZSGQ, token_in: TokenAmount { mint: 36eBuWXPEeRxuNouF19M7sKvWZiTdpoHDWHjZRAGpump, amount: 380278397717 }, token_out: TokenAmount { mint: So11111111111111111111111111111111111111112, amount: 1287752347 }, fees: [TokenAmount { mint: 36eBuWXPEeRxuNouF19M7sKvWZiTdpoHDWHjZRAGpump, amount: 2604151 }, TokenAmount { mint: So11111111111111111111111111111111111111112, amount: 651038 }, TokenAmount { mint: So11111111111111111111111111111111111111112, amount: 11067639 }], vault_accounts: [] }
[2m2025-11-26T11:24:49.904373Z[0m [32m INFO[0m [2mscanner::process[0m[2m:[0m 36eBuWXPEeRxuNouF19M7sKvWZiTdpoHDWHjZRAGpump - So11111111111111111111111111111111111111112
[2m2025-11-26T11:24:49.904453Z[0m [32m INFO[0m [2mscanner[0m[2m:[0m Found intermediate mint: 36eBuWXPEeRxuNouF19M7sKvWZiTdpoHDWHjZRAGpump with 0 decimals and 0 token accounts
[2m2025-11-26T11:24:49.904501Z[0m [33m WARN[0m [2mscanner[0m[2m:[0m No token accounts found for intermediate mint: 36eBuWXPEeRxuNouF19M7sKvWZiTdpoHDWHjZRAGpump
[2m2025-11-26T11:24:49.906012Z[0m [32m INFO[0m [2mscanner::process[0m[2m:[0m Processing Signature: RUu2HxqRYTKPCZnnq6ripMKPP91r7H359nv5mpDGUHhtRCbNtNBdVsE8gpfAsFaiTgkEM6fDqKD1WjK488dE2TW
[2m2025-11-26T11:24:49.906110Z[0m [32m INFO[0m [2mscanner::process[0m[2m:[0m DexSwap { swap_program_id: LBUZKhRxPF3XUpBCjp4YzTKgLccjZhTSDM9YuVaPwxo, pools: [DMGhqZnFQ34b9oNTZoXAmRu1ZwTD5d56h2iaxEENEiAV, 8TTTzQtJ3nrQ99W94pUkdAnUWZMfnkiJHHmvtFjxC9eT], pool_owner: CT1iEMUwb73wUjkxaqpX6AyE5xK6qGsqUBY4P4dsUnvd, token_in: TokenAmount { mint: So11111111111111111111111111111111111111112, amount: 1073080694 }, token_out: TokenAmount { mint: 36eBuWXPEeRxuNouF19M7sKvWZiTdpoHDWHjZRAGpump, amount: 315288350286 }, fees: [TokenAmount { mint: So11111111111111111111111111111111111111112, amount: 21461615 }, TokenAmount { mint: So11111111111111111111111111111111111111112, amount: 1073080 }, TokenAmount { mint: So11111111111111111111111111111111111111112, amount: 20000001 }], vault_accounts: [] }
[2m2025-11-26T11:24:49.906234Z[0m [32m INFO[0m [2mscanner::process[0m[2m:[0m So11111111111111111111111111111111111111112 - 36eBuWXPEeRxuNouF19M7sKvWZiTdpoHDWHjZRAGpump
[2m2025-11-26T11:24:49.906267Z[0m [32m INFO[0m [2mscanner::process[0m[2m:[0m Processing Signature: RUu2HxqRYTKPCZnnq6ripMKPP91r7H359nv5mpDGUHhtRCbNtNBdVsE8gpfAsFaiTgkEM6fDqKD1WjK488dE2TW
[2m2025-11-26T11:24:49.906283Z[0m [32m INFO[0m [2mscanner::process[0m[2m:[0m DexSwap { swap_program_id: pAMMBay6oceH9fJKBRHGP5D4bD4sWpmSwMn52FMfXEA, pools: [7abPNHZuvzy4smU9WXZ5D2JCa1K3hpk4DFSBCp4PfeqM, Ewb3uoUZxW4wFDUEDT3qcPq1P3Anc2c3ZRCM6XxUgFEs], pool_owner: 3Z4DCF9273voDscrAGGov4mGnm32CyyNaGa8b4QsZSGQ, token_in: TokenAmount { mint: 36eBuWXPEeRxuNouF19M7sKvWZiTdpoHDWHjZRAGpump, amount: 315288350286 }, token_out: TokenAmount { mint: So11111111111111111111111111111111111111112, amount: 1068501713 }, fees: [TokenAmount { mint: 36eBuWXPEeRxuNouF19M7sKvWZiTdpoHDWHjZRAGpump, amount: 2160772 }, TokenAmount { mint: So11111111111111111111111111111111111111112, amount: 540193 }, TokenAmount { mint: So11111111111111111111111111111111111111112, amount: 9183281 }], vault_accounts: [] }
[2m2025-11-26T11:24:49.906396Z[0m [32m INFO[0m [2mscanner::process[0m[2m:[0m 36eBuWXPEeRxuNouF19M7sKvWZiTdpoHDWHjZRAGpump - So11111111111111111111111111111111111111112
[2m2025-11-26T11:24:49.906456Z[0m [32m INFO[0m [2mscanner[0m[2m:[0m Found intermediate mint: 36eBuWXPEeRxuNouF19M7sKvWZiTdpoHDWHjZRAGpump with 0 decimals and 0 token accounts
[2m2025-11-26T11:24:49.906485Z[0m [33m WARN[0m [2mscanner[0m[2m:[0m No token accounts found for intermediate mint: 36eBuWXPEeRxuNouF19M7sKvWZiTdpoHDWHjZRAGpump
[2m2025-11-26T11:24:49.908085Z[0m [32m INFO[0m [2mscanner::process[0m[2m:[0m Processing Signature: 2PSfRLnmiAedMWhL9yvCxDoAfqzrhVGdd14XKBEdUhQXkTw6UAwHL4Kjpz8xAMCf4G7FqdddKum21Gr3ud2Ud5RR
[2m2025-11-26T11:24:49.908110Z[0m [32m INFO[0m [2mscanner::process[0m[2m:[0m DexSwap { swap_program_id: LBUZKhRxPF3XUpBCjp4YzTKgLccjZhTSDM9YuVaPwxo, pools: [DMGhqZnFQ34b9oNTZoXAmRu1ZwTD5d56h2iaxEENEiAV, 8TTTzQtJ3nrQ99W94pUkdAnUWZMfnkiJHHmvtFjxC9eT], pool_owner: CT1iEMUwb73wUjkxaqpX6AyE5xK6qGsqUBY4P4dsUnvd, token_in: TokenAmount { mint: So11111111111111111111111111111111111111112, amount: 1294273660 }, token_out: TokenAmount { mint: 36eBuWXPEeRxuNouF19M7sKvWZiTdpoHDWHjZRAGpump, amount: 380278397717 }, fees: [TokenAmount { mint: So11111111111111111111111111111111111111112, amount: 25885475 }, TokenAmount { mint: So11111111111111111111111111111111111111112, amount: 1294273 }, TokenAmount { mint: So11111111111111111111111111111111111111112, amount: 20000001 }], vault_accounts: [] }
[2m2025-11-26T11:24:49.908224Z[0m [32m INFO[0m [2mscanner::process[0m[2m:[0m So11111111111111111111111111111111111111112 - 36eBuWXPEeRxuNouF19M7sKvWZiTdpoHDWHjZRAGpump
[2m2025-11-26T11:24:49.908253Z[0m [32m INFO[0m [2mscanner::process[0m[2m:[0m Processing Signature: 2PSfRLnmiAedMWhL9yvCxDoAfqzrhVGdd14XKBEdUhQXkTw6UAwHL4Kjpz8xAMCf4G7FqdddKum21Gr3ud2Ud5RR
[2m2025-11-26T11:24:49.908267Z[0m [32m INFO[0m [2mscanner::process[0m[2m:[0m DexSwap { swap_program_id: pAMMBay6oceH9fJKBRHGP5D4bD4sWpmSwMn52FMfXEA, pools: [7abPNHZuvzy4smU9WXZ5D2JCa1K3hpk4DFSBCp4PfeqM, Ewb3uoUZxW4wFDUEDT3qcPq1P3Anc2c3ZRCM6XxUgFEs], pool_owner: 3Z4DCF9273voDscrAGGov4mGnm32CyyNaGa8b4QsZSGQ, token_in: TokenAmount { mint: 36eBuWXPEeRxuNouF19M7sKvWZiTdpoHDWHjZRAGpump, amount: 380278397717 }, token_out: TokenAmount { mint: So11111111111111111111111111111111111111112, amount: 1287752347 }, fees: [TokenAmount { mint: 36eBuWXPEeRxuNouF19M7sKvWZiTdpoHDWHjZRAGpump, amount: 2604151 }, TokenAmount { mint: So11111111111111111111111111111111111111112, amount: 651038 }, TokenAmount { mint: So11111111111111111111111111111111111111112, amount: 11067639 }], vault_accounts: [] }
[2m2025-11-26T11:24:49.908378Z[0m [32m INFO[0m [2mscanner::process[0m[2m:[0m 36eBuWXPEeRxuNouF19M7sKvWZiTdpoHDWHjZRAGpump - So11111111111111111111111111111111111111112
[2m2025-11-26T11:24:49.908423Z[0m [32m INFO[0m [2mscanner[0m[2m:[0m Found intermediate mint: 36eBuWXPEeRxuNouF19M7sKvWZiTdpoHDWHjZRAGpump with 0 decimals and 0 token accounts
[2m2025-11-26T11:24:49.908447Z[0m [33m WARN[0m [2mscanner[0m[2m:[0m No token accounts found for intermediate mint: 36eBuWXPEeRxuNouF19M7sKvWZiTdpoHDWHjZRAGpump
[2m2025-11-26T11:24:49.909104Z[0m [32m INFO[0m [2mscanner::process[0m[2m:[0m Processing Signature: 5ntEjrjZf3NpAi2kr6sL3kQmiF2QTM3umcWw91Z5VHbE1LnxzmENEYMzSX8Qpq73yqZ26QV6UdKF9hQ1WyR9aQCb
[2m2025-11-26T11:24:49.909122Z[0m [32m INFO[0m [2mscanner::process[0m[2m:[0m DexSwap { swap_program_id: LBUZKhRxPF3XUpBCjp4YzTKgLccjZhTSDM9YuVaPwxo, pools: [DMGhqZnFQ34b9oNTZoXAmRu1ZwTD5d56h2iaxEENEiAV, 8TTTzQtJ3nrQ99W94pUkdAnUWZMfnkiJHHmvtFjxC9eT], pool_owner: CT1iEMUwb73wUjkxaqpX6AyE5xK6qGsqUBY4P4dsUnvd, token_in: TokenAmount { mint: So11111111111111111111111111111111111111112, amount: 1294273660 }, token_out: TokenAmount { mint: 36eBuWXPEeRxuNouF19M7sKvWZiTdpoHDWHjZRAGpump, amount: 380278397717 }, fees: [TokenAmount { mint: So11111111111111111111111111111111111111112, amount: 25885475 }, TokenAmount { mint: So11111111111111111111111111111111111111112, amount: 1294273 }, TokenAmount { mint: So11111111111111111111111111111111111111112, amount: 20000001 }], vault_accounts: [] }
[2m2025-11-26T11:24:49.909234Z[0m [32m INFO[0m [2mscanner::process[0m[2m:[0m So11111111111111111111111111111111111111112 - 36eBuWXPEeRxuNouF19M7sKvWZiTdpoHDWHjZRAGpump
[2m2025-11-26T11:24:49.909263Z[0m [32m INFO[0m [2mscanner::process[0m[2m:[0m Processing Signature: 5ntEjrjZf3NpAi2kr6sL3kQmiF2QTM3umcWw91Z5VHbE1LnxzmENEYMzSX8Qpq73yqZ26QV6UdKF9hQ1WyR9aQCb
[2m2025-11-26T11:24:49.909276Z[0m [32m INFO[0m [2mscanner::process[0m[2m:[0m DexSwap { swap_program_id: pAMMBay6oceH9fJKBRHGP5D4bD4sWpmSwMn52FMfXEA, pools: [7abPNHZuvzy4smU9WXZ5D2JCa1K3hpk4DFSBCp4PfeqM, Ewb3uoUZxW4wFDUEDT3qcPq1P3Anc2c3ZRCM6XxUgFEs], pool_owner: 3Z4DCF9273voDscrAGGov4mGnm32CyyNaGa8b4QsZSGQ, token_in: TokenAmount { mint: 36eBuWXPEeRxuNouF19M7sKvWZiTdpoHDWHjZRAGpump, amount: 380278397717 }, token_out: TokenAmount { mint: So11111111111111111111111111111111111111112, amount: 1287752347 }, fees: [TokenAmount { mint: 36eBuWXPEeRxuNouF19M7sKvWZiTdpoHDWHjZRAGpump, amount: 2604151 }, TokenAmount { mint: So11111111111111111111111111111111111111112, amount: 651038 }, TokenAmount { mint: So11111111111111111111111111111111111111112, amount: 11067639 }], vault_accounts: [] }
[2m2025-11-26T11:24:49.909371Z[0m [32m INFO[0m [2mscanner::process[0m[2m:[0m 36eBuWXPEeRxuNouF19M7sKvWZiTdpoHDWHjZRAGpump - So11111111111111111111111111111111111111112
[2m2025-11-26T11:24:49.909406Z[0m [32m INFO[0m [2mscanner[0m[2m:[0m Found intermediate mint: 36eBuWXPEeRxuNouF19M7sKvWZiTdpoHDWHjZRAGpump with 0 decimals and 0 token accounts
[2m2025-11-26T11:24:49.909425Z[0m [33m WARN[0m [2mscanner[0m[2m:[0m No token accounts found for intermediate mint: 36eBuWXPEeRxuNouF19M7sKvWZiTdpoHDWHjZRAGpump
[2m2025-11-26T11:24:49.909966Z[0m [32m INFO[0m [2mscanner::process[0m[2m:[0m Processing Signature: 3NWgPQju8kwdeB588kZ7iQ6qtWwCrZTsy4npn1BXSW2fmHc1YdLKHQAZyfeMQhQXMNbLSKTA3PXMcrKewMC2x8ed
[2m2025-11-26T11:24:49.909981Z[0m [32m INFO[0m [2mscanner::process[0m[2m:[0m DexSwap { swap_program_id: LBUZKhRxPF3XUpBCjp4YzTKgLccjZhTSDM9YuVaPwxo, pools: [DMGhqZnFQ34b9oNTZoXAmRu1ZwTD5d56h2iaxEENEiAV, 8TTTzQtJ3nrQ99W94pUkdAnUWZMfnkiJHHmvtFjxC9eT], pool_owner: CT1iEMUwb73wUjkxaqpX6AyE5xK6qGsqUBY4P4dsUnvd, token_in: TokenAmount { mint: So11111111111111111111111111111111111111112, amount: 1294273660 }, token_out: TokenAmount { mint: 36eBuWXPEeRxuNouF19M7sKvWZiTdpoHDWHjZRAGpump, amount: 380278397717 }, fees: [TokenAmount { mint: So11111111111111111111111111111111111111112, amount: 25885475 }, TokenAmount { mint: So11111111111111111111111111111111111111112, amount: 1294273 }, TokenAmount { mint: So11111111111111111111111111111111111111112, amount: 20000001 }], vault_accounts: [] }
[2m2025-11-26T11:24:49.910074Z[0m [32m INFO[0m [2mscanner::process[0m[2m:[0m So11111111111111111111111111111111111111112 - 36eBuWXPEeRxuNouF19M7sKvWZiTdpoHDWHjZRAGpump
[2m2025-11-26T11:24:49.910097Z[0m [32m INFO[0m [2mscanner::process[0m[2m:[0m Processing Signature: 3NWgPQju8kwdeB588kZ7iQ6qtWwCrZTsy4npn1BXSW2fmHc1YdLKHQAZyfeMQhQXMNbLSKTA3PXMcrKewMC2x8ed
[2m2025-11-26T11:24:49.910108Z[0m [32m INFO[0m [2mscanner::process[0m[2m:[0m DexSwap { swap_program_id: pAMMBay6oceH9fJKBRHGP5D4bD4sWpmSwMn52FMfXEA, pools: [7abPNHZuvzy4smU9WXZ5D2JCa1K3hpk4DFSBCp4PfeqM, Ewb3uoUZxW4wFDUEDT3qcPq1P3Anc2c3ZRCM6XxUgFEs], pool_owner: 3Z4DCF9273voDscrAGGov4mGnm32CyyNaGa8b4QsZSGQ, token_in: TokenAmount { mint: 36eBuWXPEeRxuNouF19M7sKvWZiTdpoHDWHjZRAGpump, amount: 380278397717 }, token_out: TokenAmount { mint: So11111111111111111111111111111111111111112, amount: 1287752347 }, fees: [TokenAmount { mint: 36eBuWXPEeRxuNouF19M7sKvWZiTdpoHDWHjZRAGpump, amount: 2604151 }, TokenAmount { mint: So11111111111111111111111111111111111111112, amount: 651038 }, TokenAmount { mint: So11111111111111111111111111111111111111112, amount: 11067639 }], vault_accounts: [] }
[2m2025-11-26T11:24:49.910200Z[0m [32m INFO[0m [2mscanner::process[0m[2m:[0m 36eBuWXPEeRxuNouF19M7sKvWZiTdpoHDWHjZRAGpump - So11111111111111111111111111111111111111112
[2m2025-11-26T11:24:49.910234Z[0m [32m INFO[0m [2mscanner[0m[2m:[0m Found intermediate mint: 36eBuWXPEeRxuNouF19M7sKvWZiTdpoHDWHjZRAGpump with 0 decimals and 0 token accounts
[2m2025-11-26T11:24:49.910253Z[0m [33m WARN[0m [2mscanner[0m[2m:[0m No token accounts found for intermediate mint: 36eBuWXPEeRxuNouF19M7sKvWZiTdpoHDWHjZRAGpump
